,Year,Month,Day,Max Temp (F),Min Temp (F),Average Wind Speed (mph),Windchill Effect (F),Users Thermostat (F)
0,2015,1,1,26,5,8.05,17.0,66
1,2015,1,2,35,11,9.84,27.0,67
2,2015,1,3,35,-5,12.3,26.0,70
3,2015,1,4,36,-10,6.71,30.0,66
4,2015,1,5,56,-5,15.43,56.0,65
5,2015,1,6,49,20,9.17,45.0,70
6,2015,1,7,39,14,7.61,33.0,70
7,2015,1,8,49,19,13.2,43.0,70
8,2015,1,9,29,15,5.37,23.0,68
9,2015,1,10,56,22,8.95,56.0,65
10,2015,1,11,40,27,8.05,34.0,67
11,2015,1,12,28,22,8.5,19.0,70
12,2015,1,13,32,22,6.49,25.0,69
13,2015,1,14,41,19,5.82,37.0,69
14,2015,1,15,55,23,11.18,55.0,63
15,2015,1,16,60,30,12.75,60.0,65
16,2015,1,17,54,35,17.45,54.0,62
17,2015,1,18,63,37,10.74,63.0,63
18,2015,1,19,58,31,9.62,58.0,60
19,2015,1,20,43,26,5.82,39.0,70
20,2015,1,21,30,16,6.93,23.0,69
21,2015,1,22,36,6,10.51,28.0,68
22,2015,1,23,46,16,9.84,41.0,70
23,2015,1,24,53,30,13.42,53.0,60
24,2015,1,25,61,26,8.72,61.0,63
25,2015,1,26,71,35,10.74,71.0,71
26,2015,1,27,75,42,12.3,75.0,75
27,2015,1,28,61,32,14.76,61.0,63
28,2015,1,29,47,31,9.17,42.0,68
29,2015,1,30,47,30,6.04,44.0,69
30,2015,1,31,38,29,5.59,33.0,69
31,2015,2,1,29,8,9.4,20.0,70
32,2015,2,2,52,17,9.4,52.0,64
33,2015,2,3,62,33,9.62,62.0,61
34,2015,2,4,47,22,10.96,41.0,67
35,2015,2,5,63,23,10.96,63.0,60
36,2015,2,6,70,46,12.08,70.0,70
37,2015,2,7,74,41,13.65,74.0,74
38,2015,2,8,67,33,11.63,67.0,67
39,2015,2,9,70,31,8.95,70.0,70
40,2015,2,10,59,32,8.5,59.0,64
41,2015,2,11,48,30,6.49,45.0,68
42,2015,2,12,62,28,10.51,62.0,65
43,2015,2,13,62,31,9.62,62.0,65
44,2015,2,14,70,30,7.38,70.0,70
45,2015,2,15,35,26,8.95,27.0,66
46,2015,2,16,31,22,7.83,23.0,66
47,2015,2,17,34,17,9.4,26.0,67
48,2015,2,18,47,14,9.17,42.0,70
49,2015,2,19,63,22,8.72,63.0,63
50,2015,2,20,52,29,9.4,52.0,65
51,2015,2,21,33,14,10.74,24.0,67
52,2015,2,22,15,8,8.95,3.0,66
53,2015,2,23,21,6,5.37,13.0,70
54,2015,2,24,38,12,10.07,31.0,69
55,2015,2,25,40,16,12.08,32.0,67
56,2015,2,26,17,4,10.96,4.0,68
57,2015,2,27,21,-6,8.72,10.0,69
58,2015,2,28,22,0,4.47,15.0,68
59,2015,3,1,26,6,5.14,19.0,68
60,2015,3,2,35,12,6.49,29.0,70
61,2015,3,3,39,14,11.41,31.0,66
62,2015,3,4,16,3,9.17,4.0,69
63,2015,3,5,38,2,9.62,31.0,70
64,2015,3,6,49,19,8.5,45.0,69
65,2015,3,7,52,26,10.51,52.0,64
66,2015,3,8,52,32,8.05,52.0,64
67,2015,3,9,59,32,6.93,59.0,65
68,2015,3,10,62,34,8.95,62.0,63
69,2015,3,11,68,33,9.17,68.0,68
70,2015,3,12,64,42,10.29,64.0,65
71,2015,3,13,60,41,8.5,60.0,61
72,2015,3,14,69,30,11.41,69.0,69
73,2015,3,15,79,47,13.87,79.0,79
74,2015,3,16,81,39,13.87,81.0,81
75,2015,3,17,61,35,14.76,61.0,64
76,2015,3,18,67,38,6.71,67.0,67
77,2015,3,19,48,34,8.05,44.0,68
78,2015,3,20,64,35,8.5,64.0,60
79,2015,3,21,70,35,10.96,70.0,70
80,2015,3,22,71,43,10.51,71.0,71
81,2015,3,23,69,41,14.32,69.0,69
82,2015,3,24,60,41,13.87,60.0,60
83,2015,3,25,46,30,10.74,40.0,68
84,2015,3,26,60,31,8.5,60.0,62
85,2015,3,27,69,39,7.61,69.0,69
86,2015,3,28,79,46,13.87,79.0,79
87,2015,3,29,62,35,11.18,62.0,65
88,2015,3,30,73,34,7.16,73.0,73
89,2015,3,31,77,38,9.17,77.0,77
90,2015,4,1,73,35,11.18,73.0,73
91,2015,4,2,45,29,12.75,38.0,69
92,2015,4,3,47,27,7.61,43.0,68
93,2015,4,4,63,28,9.62,63.0,60
94,2015,4,5,74,31,9.17,74.0,74
95,2015,4,6,73,38,12.08,73.0,73
96,2015,4,7,64,39,10.51,64.0,64
97,2015,4,8,68,37,12.3,68.0,68
98,2015,4,9,51,33,12.75,51.0,65
99,2015,4,10,64,32,8.5,64.0,60
100,2015,4,11,72,35,10.07,72.0,72
101,2015,4,12,68,33,17.0,68.0,68
102,2015,4,13,70,28,10.74,70.0,70
103,2015,4,14,75,40,15.21,75.0,75
104,2015,4,15,69,35,15.43,69.0,69
105,2015,4,16,36,33,13.65,27.0,68
106,2015,4,17,51,33,9.84,51.0,61
107,2015,4,18,53,34,9.17,53.0,65
108,2015,4,19,51,34,15.21,51.0,61
109,2015,4,20,54,29,6.26,54.0,60
110,2015,4,21,66,36,8.05,66.0,66
111,2015,4,22,69,37,10.51,69.0,69
112,2015,4,23,69,43,8.5,69.0,69
113,2015,4,24,67,35,8.5,67.0,67
114,2015,4,25,68,39,10.07,68.0,68
115,2015,4,26,47,39,14.76,40.0,69
116,2015,4,27,46,37,5.82,43.0,68
117,2015,4,28,60,40,6.93,60.0,60
118,2015,4,29,72,40,8.72,72.0,72
119,2015,4,30,79,50,10.51,79.0,79
120,2015,5,1,64,47,6.71,64.0,62
121,2015,5,2,76,47,10.29,76.0,76
122,2015,5,3,74,49,11.63,74.0,74
123,2015,5,4,60,48,8.5,60.0,60
124,2015,5,5,56,47,11.41,56.0,65
125,2015,5,6,65,47,7.61,65.0,65
126,2015,5,7,61,43,8.05,61.0,61
127,2015,5,8,51,47,12.97,51.0,64
128,2015,5,9,51,27,14.99,51.0,61
129,2015,5,10,43,27,9.62,37.0,67
130,2015,5,11,55,30,6.93,55.0,63
131,2015,5,12,73,37,8.95,73.0,73
132,2015,5,13,62,47,11.41,62.0,62
133,2015,5,14,74,41,10.74,74.0,74
134,2015,5,15,68,43,7.16,68.0,68
135,2015,5,16,64,44,8.95,64.0,65
136,2015,5,17,66,43,8.28,66.0,66
137,2015,5,18,57,42,8.95,57.0,65
138,2015,5,19,49,37,15.21,43.0,67
139,2015,5,20,44,35,8.05,39.0,70
140,2015,5,21,55,40,8.28,55.0,64
141,2015,5,22,58,46,8.28,58.0,65
142,2015,5,23,64,43,6.04,64.0,65
143,2015,5,24,61,40,7.83,61.0,60
144,2015,5,25,67,42,7.38,67.0,67
145,2015,5,26,71,46,8.05,71.0,71
146,2015,5,27,76,50,8.5,76.0,76
147,2015,5,28,73,50,8.05,73.0,73
148,2015,5,29,67,47,9.4,67.0,67
149,2015,5,30,72,40,8.5,72.0,72
150,2015,5,31,85,53,10.96,85.0,82
151,2015,6,1,85,52,12.08,85.0,79
152,2015,6,2,86,53,9.4,86.0,81
153,2015,6,3,74,51,8.95,74.0,74
154,2015,6,4,82,52,9.84,82.0,84
155,2015,6,5,70,55,7.61,70.0,70
156,2015,6,6,76,52,7.16,76.0,76
157,2015,6,7,77,52,7.61,77.0,77
158,2015,6,8,80,53,7.38,80.0,80
159,2015,6,9,85,59,10.74,85.0,82
160,2015,6,10,75,61,7.61,75.0,75
161,2015,6,11,76,54,8.28,76.0,76
162,2015,6,12,70,54,7.16,70.0,70
163,2015,6,13,85,54,10.29,85.0,84
164,2015,6,14,83,56,10.07,83.0,84
165,2015,6,15,71,53,7.61,71.0,71
166,2015,6,16,85,57,11.41,85.0,80
167,2015,6,17,82,53,6.93,82.0,81
168,2015,6,18,80,58,7.83,80.0,80
169,2015,6,19,93,61,8.72,93.0,74
170,2015,6,20,85,57,7.61,85.0,84
171,2015,6,21,92,57,10.74,92.0,78
172,2015,6,22,79,58,9.84,79.0,79
173,2015,6,23,91,56,9.62,91.0,75
174,2015,6,24,91,63,12.3,91.0,77
175,2015,6,25,89,57,9.4,89.0,84
176,2015,6,26,81,58,8.72,81.0,82
177,2015,6,27,89,57,8.05,89.0,81
178,2015,6,28,93,56,9.17,93.0,77
179,2015,6,29,88,61,8.05,88.0,84
180,2015,6,30,94,63,10.29,94.0,76
181,2015,7,1,91,62,7.83,91.0,77
182,2015,7,2,85,56,9.4,85.0,84
183,2015,7,3,85,55,6.93,85.0,80
184,2015,7,4,96,58,9.4,96.0,77
185,2015,7,5,91,61,8.95,91.0,75
186,2015,7,6,65,59,9.4,65.0,65
187,2015,7,7,75,54,12.53,75.0,75
188,2015,7,8,73,53,8.28,73.0,73
189,2015,7,9,82,54,7.16,82.0,79
190,2015,7,10,85,56,8.5,85.0,80
191,2015,7,11,89,56,9.17,89.0,83
192,2015,7,12,94,54,7.61,94.0,76
193,2015,7,13,90,61,9.84,90.0,74
194,2015,7,14,90,62,9.62,90.0,76
195,2015,7,15,87,53,6.04,87.0,83
196,2015,7,16,91,56,9.4,91.0,78
197,2015,7,17,93,61,10.96,93.0,74
198,2015,7,18,90,58,8.5,90.0,78
199,2015,7,19,84,54,5.82,84.0,79
200,2015,7,20,86,58,8.95,86.0,83
201,2015,7,21,82,58,10.07,82.0,79
202,2015,7,22,91,56,9.4,91.0,78
203,2015,7,23,95,61,8.05,95.0,76
204,2015,7,24,89,64,8.95,89.0,81
205,2015,7,25,92,62,10.51,92.0,76
206,2015,7,26,94,66,10.96,94.0,77
207,2015,7,27,97,62,8.5,97.0,75
208,2015,7,28,86,52,14.32,86.0,82
209,2015,7,29,85,55,13.65,85.0,80
210,2015,7,30,91,58,9.84,91.0,74
211,2015,7,31,91,61,10.29,91.0,75
212,2015,8,1,96,61,10.51,96.0,76
213,2015,8,2,94,66,9.4,94.0,75
214,2015,8,3,88,61,10.74,88.0,79
215,2015,8,4,91,59,8.28,91.0,74
216,2015,8,5,96,59,10.29,96.0,77
217,2015,8,6,93,63,8.5,93.0,77
218,2015,8,7,95,62,8.95,95.0,78
219,2015,8,8,87,60,7.61,87.0,80
220,2015,8,9,88,63,8.72,88.0,83
221,2015,8,10,86,54,11.18,86.0,79
222,2015,8,11,91,58,8.95,91.0,75
223,2015,8,12,91,60,7.38,91.0,74
224,2015,8,13,95,66,9.62,95.0,74
225,2015,8,14,95,66,10.96,95.0,76
226,2015,8,15,98,64,8.95,98.0,74
227,2015,8,16,91,63,12.53,91.0,76
228,2015,8,17,80,57,9.17,80.0,80
229,2015,8,18,74,47,12.08,74.0,74
230,2015,8,19,70,47,7.16,70.0,70
231,2015,8,20,86,55,10.74,86.0,79
232,2015,8,21,93,58,11.63,93.0,77
233,2015,8,22,92,53,14.32,92.0,75
234,2015,8,23,80,43,7.16,80.0,80
235,2015,8,24,92,54,7.83,92.0,78
236,2015,8,25,96,58,10.07,96.0,78
237,2015,8,26,97,61,10.29,97.0,76
238,2015,8,27,89,56,9.62,89.0,81
239,2015,8,28,85,58,8.28,85.0,84
240,2015,8,29,91,52,11.41,91.0,78
241,2015,8,30,96,63,9.17,96.0,74
242,2015,8,31,88,60,6.93,88.0,80
243,2015,9,1,90,54,8.72,90.0,77
244,2015,9,2,92,63,8.5,92.0,77
245,2015,9,3,87,58,8.5,87.0,84
246,2015,9,4,89,53,10.51,89.0,84
247,2015,9,5,89,60,8.5,89.0,83
248,2015,9,6,87,53,8.95,87.0,79
249,2015,9,7,82,56,9.17,82.0,79
250,2015,9,8,83,50,8.72,83.0,84
251,2015,9,9,90,53,8.72,90.0,76
252,2015,9,10,89,54,9.17,89.0,80
253,2015,9,11,79,54,7.16,79.0,79
254,2015,9,12,86,51,7.83,86.0,81
255,2015,9,13,91,57,10.74,91.0,78
256,2015,9,14,91,53,10.51,91.0,75
257,2015,9,15,88,56,10.29,88.0,84
258,2015,9,16,90,53,9.84,90.0,76
259,2015,9,17,79,49,13.42,79.0,79
260,2015,9,18,72,48,12.08,72.0,72
261,2015,9,19,80,44,5.59,80.0,80
262,2015,9,20,85,51,8.28,85.0,81
263,2015,9,21,89,54,8.05,89.0,79
264,2015,9,22,81,57,8.28,81.0,84
265,2015,9,23,83,56,7.61,83.0,81
266,2015,9,24,85,52,7.38,85.0,80
267,2015,9,25,84,51,8.28,84.0,82
268,2015,9,26,87,49,8.95,87.0,80
269,2015,9,27,90,55,8.95,90.0,74
270,2015,9,28,80,55,10.07,80.0,80
271,2015,9,29,78,54,13.2,78.0,78
272,2015,9,30,81,53,5.82,81.0,83
273,2015,10,1,84,56,10.07,84.0,81
274,2015,10,2,79,52,8.95,79.0,79
275,2015,10,3,68,46,9.62,68.0,68
276,2015,10,4,65,44,6.26,65.0,65
277,2015,10,5,71,39,6.49,71.0,71
278,2015,10,6,58,46,4.92,58.0,64
279,2015,10,7,75,45,7.38,75.0,75
280,2015,10,8,78,50,9.62,78.0,78
281,2015,10,9,76,45,5.37,76.0,76
282,2015,10,10,85,52,10.51,85.0,80
283,2015,10,11,87,52,12.08,87.0,79
284,2015,10,12,80,36,11.18,80.0,80
285,2015,10,13,81,51,9.62,81.0,79
286,2015,10,14,83,46,9.62,83.0,83
287,2015,10,15,66,43,8.95,66.0,66
288,2015,10,16,69,39,8.95,69.0,69
289,2015,10,17,79,42,9.62,79.0,79
290,2015,10,18,80,46,7.16,80.0,80
291,2015,10,19,75,44,8.05,75.0,75
292,2015,10,20,72,45,8.05,72.0,72
293,2015,10,21,50,43,7.61,46.0,61
294,2015,10,22,46,43,5.14,43.0,68
295,2015,10,23,62,38,11.86,62.0,65
296,2015,10,24,65,35,9.17,65.0,65
297,2015,10,25,71,39,8.5,71.0,71
298,2015,10,26,62,44,9.17,62.0,61
299,2015,10,27,61,33,12.08,61.0,60
300,2015,10,28,63,28,7.61,63.0,60
301,2015,10,29,61,34,7.16,61.0,61
302,2015,10,30,52,34,10.29,52.0,61
303,2015,10,31,69,37,10.96,69.0,69
304,2015,11,1,72,41,10.07,72.0,72
305,2015,11,2,73,39,9.84,73.0,73
306,2015,11,3,75,43,16.11,75.0,75
307,2015,11,4,61,35,12.3,61.0,61
308,2015,11,5,46,31,5.82,43.0,68
309,2015,11,6,46,27,7.83,41.0,67
310,2015,11,7,54,25,9.62,54.0,62
311,2015,11,8,68,25,7.61,68.0,68
312,2015,11,9,58,31,9.17,58.0,65
313,2015,11,10,67,33,14.09,67.0,67
314,2015,11,11,44,31,18.57,36.0,66
315,2015,11,12,48,21,9.62,43.0,69
316,2015,11,13,59,23,8.95,59.0,62
317,2015,11,14,65,29,8.95,65.0,65
318,2015,11,15,64,34,9.4,64.0,64
319,2015,11,16,50,30,14.32,44.0,69
320,2015,11,17,40,26,19.91,30.0,66
321,2015,11,18,51,21,19.01,51.0,63
322,2015,11,19,47,21,6.71,43.0,69
323,2015,11,20,52,20,11.86,52.0,64
324,2015,11,21,44,5,8.5,39.0,66
325,2015,11,22,60,20,7.61,60.0,64
326,2015,11,23,59,32,9.84,59.0,60
327,2015,11,24,64,32,9.62,64.0,64
328,2015,11,25,45,25,12.3,39.0,66
329,2015,11,26,25,14,10.96,14.0,70
330,2015,11,27,20,3,7.61,10.0,68
331,2015,11,28,24,17,4.7,18.0,67
332,2015,11,29,25,20,4.03,19.0,68
333,2015,11,30,31,16,7.61,23.0,67
334,2015,12,1,40,16,10.07,33.0,67
335,2015,12,2,50,18,8.05,46.0,65
336,2015,12,3,47,27,10.29,42.0,69
337,2015,12,4,59,26,5.59,59.0,65
338,2015,12,5,45,22,6.93,41.0,66
339,2015,12,6,56,22,9.62,56.0,60
340,2015,12,7,62,25,9.17,62.0,62
341,2015,12,8,59,34,14.76,59.0,65
342,2015,12,9,69,36,13.42,69.0,69
343,2015,12,10,64,34,16.11,64.0,63
344,2015,12,11,51,31,11.18,51.0,60
345,2015,12,12,33,24,8.05,26.0,67
346,2015,12,13,40,19,7.38,34.0,67
347,2015,12,14,40,18,8.5,34.0,70
348,2015,12,15,25,12,16.33,12.0,67
349,2015,12,16,28,11,9.84,18.0,67
350,2015,12,17,20,0,9.84,8.0,69
351,2015,12,18,48,11,8.95,43.0,70
352,2015,12,19,52,24,13.87,52.0,61
353,2015,12,20,48,26,11.63,43.0,68
354,2015,12,21,46,24,9.17,41.0,68
355,2015,12,22,47,27,10.51,42.0,68
356,2015,12,23,37,21,10.51,29.0,70
357,2015,12,24,35,15,11.86,26.0,70
358,2015,12,25,26,15,8.28,17.0,67
359,2015,12,26,19,3,10.07,7.0,68
360,2015,12,27,26,3,10.51,16.0,70
361,2015,12,28,26,0,4.7,20.0,70
362,2015,12,29,20,5,5.82,12.0,69
363,2015,12,30,26,2,5.37,19.0,67
364,2015,12,31,24,4,7.16,15.0,67
365,2016,1,1,35,6,8.95,27.0,68
366,2016,1,2,41,16,10.07,34.0,69
367,2016,1,3,46,15,6.93,42.0,67
368,2016,1,4,45,18,5.82,41.0,70
369,2016,1,5,45,23,6.71,41.0,67
370,2016,1,6,46,19,7.83,41.0,66
371,2016,1,7,35,28,5.14,30.0,66
372,2016,1,8,29,18,5.59,23.0,66
373,2016,1,9,28,6,4.25,23.0,69
374,2016,1,10,32,5,7.61,25.0,66
375,2016,1,11,40,12,8.5,34.0,70
376,2016,1,12,45,19,8.72,40.0,70
377,2016,1,13,51,22,12.3,51.0,61
378,2016,1,14,44,28,14.54,37.0,70
379,2016,1,15,33,19,10.07,24.0,68
380,2016,1,16,37,11,6.93,31.0,67
381,2016,1,17,38,12,6.04,33.0,70
382,2016,1,18,51,22,6.71,51.0,63
383,2016,1,19,40,26,8.95,34.0,68
384,2016,1,20,49,25,9.62,44.0,70
385,2016,1,21,40,21,7.61,34.0,70
386,2016,1,22,52,21,9.62,52.0,65
387,2016,1,23,57,32,7.16,57.0,60
388,2016,1,24,45,28,9.4,40.0,68
389,2016,1,25,37,18,10.74,29.0,68
390,2016,1,26,42,18,10.51,35.0,66
391,2016,1,27,52,24,8.5,52.0,63
392,2016,1,28,58,27,10.51,58.0,61
393,2016,1,29,55,35,11.41,55.0,63
394,2016,1,30,65,28,9.17,65.0,65
395,2016,1,31,34,22,8.05,27.0,66
396,2016,2,1,30,22,13.2,19.0,66
397,2016,2,2,22,9,14.54,8.0,70
398,2016,2,3,28,1,9.62,18.0,70
399,2016,2,4,34,6,10.07,26.0,66
400,2016,2,5,37,11,8.5,30.0,70
401,2016,2,6,48,17,14.32,42.0,67
402,2016,2,7,43,14,13.42,36.0,67
403,2016,2,8,42,15,8.72,36.0,67
404,2016,2,9,55,23,9.17,55.0,63
405,2016,2,10,66,34,12.75,66.0,66
406,2016,2,11,64,29,12.3,64.0,64
407,2016,2,12,52,27,7.38,52.0,65
408,2016,2,13,63,27,7.83,63.0,62
409,2016,2,14,52,27,9.84,52.0,65
410,2016,2,15,59,25,15.21,59.0,62
411,2016,2,16,59,28,8.5,59.0,61
412,2016,2,17,68,28,8.5,68.0,68
413,2016,2,18,73,39,19.01,73.0,73
414,2016,2,19,64,33,12.3,64.0,62
415,2016,2,20,62,27,12.53,62.0,62
416,2016,2,21,46,23,10.96,40.0,70
417,2016,2,22,51,28,7.38,51.0,62
418,2016,2,23,43,27,12.3,36.0,66
419,2016,2,24,50,22,12.08,45.0,68
420,2016,2,25,48,17,7.38,44.0,70
421,2016,2,26,61,28,8.72,61.0,60
422,2016,2,27,72,30,14.54,72.0,72
423,2016,2,28,60,36,13.2,60.0,65
424,2016,3,1,58,27,8.95,58.0,61
425,2016,3,2,61,30,19.69,61.0,62
426,2016,3,3,64,22,10.07,64.0,60
427,2016,3,4,58,33,11.63,58.0,60
428,2016,3,5,67,36,13.2,67.0,67
429,2016,3,6,69,36,10.07,69.0,69
430,2016,3,7,55,29,12.08,55.0,60
431,2016,3,8,51,26,5.82,51.0,63
432,2016,3,9,57,22,8.05,57.0,62
433,2016,3,10,67,25,8.95,67.0,67
434,2016,3,11,74,36,11.63,74.0,74
435,2016,3,12,66,35,11.41,66.0,66
436,2016,3,13,63,38,8.28,63.0,62
437,2016,3,14,65,36,15.88,65.0,65
438,2016,3,15,47,32,16.55,40.0,69
439,2016,3,16,48,31,15.43,41.0,69
440,2016,3,17,36,24,10.29,28.0,67
441,2016,3,18,30,21,8.05,22.0,66
442,2016,3,19,37,20,6.93,31.0,68
443,2016,3,20,58,19,10.74,58.0,65
444,2016,3,21,73,41,10.74,73.0,73
445,2016,3,22,73,39,13.42,73.0,73
446,2016,3,23,42,13,22.82,32.0,70
447,2016,3,24,40,10,11.63,32.0,68
448,2016,3,25,43,27,8.72,37.0,70
449,2016,3,26,34,23,9.17,26.0,70
450,2016,3,27,50,23,14.09,44.0,68
451,2016,3,28,65,29,10.96,65.0,65
452,2016,3,29,61,36,11.86,61.0,62
453,2016,3,30,47,29,13.2,41.0,70
454,2016,3,31,44,28,13.87,37.0,70
455,2016,4,1,51,25,9.4,51.0,63
456,2016,4,2,63,32,8.72,63.0,64
457,2016,4,3,69,34,8.28,69.0,69
458,2016,4,4,72,38,7.61,72.0,72
459,2016,4,5,67,38,15.21,67.0,67
460,2016,4,6,71,30,14.09,71.0,71
461,2016,4,7,65,36,8.72,65.0,65
462,2016,4,8,66,34,8.95,66.0,66
463,2016,4,9,72,39,8.5,72.0,72
464,2016,4,10,68,38,10.07,68.0,68
465,2016,4,11,60,38,5.82,60.0,60
466,2016,4,12,71,36,8.72,71.0,71
467,2016,4,13,72,41,9.62,72.0,72
468,2016,4,14,77,47,12.3,77.0,77
469,2016,4,15,54,34,13.65,54.0,61
470,2016,4,16,34,31,19.24,22.0,69
471,2016,4,17,36,30,13.42,27.0,66
472,2016,4,18,39,29,8.05,33.0,66
473,2016,4,19,44,31,8.05,39.0,66
474,2016,4,20,55,32,6.49,55.0,63
475,2016,4,21,64,37,7.16,64.0,60
476,2016,4,22,77,39,9.84,77.0,77
477,2016,4,23,77,49,21.03,77.0,77
478,2016,4,24,67,39,13.2,67.0,67
479,2016,4,25,72,38,16.55,72.0,72
480,2016,4,26,53,33,12.3,53.0,62
481,2016,4,27,54,27,9.4,54.0,61
482,2016,4,28,40,35,10.51,33.0,66
483,2016,4,29,36,31,6.26,30.0,70
484,2016,4,30,35,31,15.88,25.0,69
485,2016,5,1,42,32,9.4,36.0,67
486,2016,5,2,59,28,5.82,59.0,60
487,2016,5,3,66,40,11.41,66.0,66
488,2016,5,4,74,44,9.84,74.0,74
489,2016,5,5,79,44,10.07,79.0,79
490,2016,5,6,80,50,10.07,80.0,80
491,2016,5,7,55,35,14.76,55.0,60
492,2016,5,8,65,32,9.84,65.0,65
493,2016,5,9,67,41,8.05,67.0,67
494,2016,5,10,65,43,10.51,65.0,65
495,2016,5,11,61,38,9.17,61.0,60
496,2016,5,12,71,37,9.4,71.0,71
497,2016,5,13,71,46,14.09,71.0,71
498,2016,5,14,55,40,12.75,55.0,64
499,2016,5,15,59,41,8.28,59.0,60
500,2016,5,16,48,39,10.74,43.0,70
501,2016,5,17,48,39,6.71,44.0,69
502,2016,5,18,66,38,9.62,66.0,66
503,2016,5,19,73,43,9.17,73.0,73
504,2016,5,20,79,49,13.42,79.0,79
505,2016,5,21,83,53,15.21,83.0,79
506,2016,5,22,77,47,13.42,77.0,77
507,2016,5,23,68,42,12.08,68.0,68
508,2016,5,24,73,43,10.74,73.0,73
509,2016,5,25,73,45,9.17,73.0,73
510,2016,5,26,67,44,8.5,67.0,67
511,2016,5,27,58,45,10.74,58.0,60
512,2016,5,28,72,43,9.17,72.0,72
513,2016,5,29,76,44,9.4,76.0,76
514,2016,5,30,78,46,8.95,78.0,78
515,2016,5,31,66,47,7.61,66.0,66
516,2016,6,1,73,51,8.72,73.0,73
517,2016,6,2,79,49,8.95,79.0,79
518,2016,6,3,78,58,8.5,78.0,78
519,2016,6,4,77,55,6.93,77.0,77
520,2016,6,5,82,50,6.71,82.0,79
521,2016,6,6,83,56,9.17,83.0,83
522,2016,6,7,80,51,8.05,80.0,80
523,2016,6,8,83,53,8.5,83.0,82
524,2016,6,9,88,57,8.5,88.0,83
525,2016,6,10,90,57,10.29,90.0,74
526,2016,6,11,90,55,10.74,90.0,76
527,2016,6,12,85,59,7.83,85.0,79
528,2016,6,13,76,55,7.38,76.0,76
529,2016,6,14,81,52,11.18,81.0,79
530,2016,6,15,86,55,10.96,86.0,79
531,2016,6,16,90,54,8.28,90.0,76
532,2016,6,17,85,57,8.5,85.0,84
533,2016,6,18,90,59,12.08,90.0,75
534,2016,6,19,97,65,10.29,97.0,75
535,2016,6,20,73,61,7.38,73.0,73
536,2016,6,21,98,56,8.72,98.0,75
537,2016,6,22,80,63,9.62,80.0,80
538,2016,6,23,92,57,8.72,92.0,78
539,2016,6,24,92,58,9.17,92.0,76
540,2016,6,25,84,58,10.07,84.0,79
541,2016,6,26,92,53,8.28,92.0,74
542,2016,6,27,93,61,9.62,93.0,75
543,2016,6,28,93,57,9.62,93.0,74
544,2016,6,29,92,56,8.05,92.0,76
545,2016,6,30,82,57,8.05,82.0,82
546,2016,7,1,78,60,7.16,78.0,78
547,2016,7,2,79,59,5.59,79.0,79
548,2016,7,3,89,59,8.95,89.0,79
549,2016,7,4,92,63,10.96,92.0,76
550,2016,7,5,92,60,9.17,92.0,76
551,2016,7,6,96,55,7.61,96.0,75
552,2016,7,7,88,59,9.4,88.0,84
553,2016,7,8,90,62,11.63,90.0,75
554,2016,7,9,97,61,9.84,97.0,75
555,2016,7,10,102,65,11.63,102.0,78
556,2016,7,11,89,58,11.41,89.0,80
557,2016,7,12,91,51,10.96,91.0,75
558,2016,7,13,90,54,8.5,90.0,76
559,2016,7,14,86,57,11.41,86.0,79
560,2016,7,15,88,59,13.42,88.0,79
561,2016,7,16,97,58,10.51,97.0,74
562,2016,7,17,91,60,12.3,91.0,76
563,2016,7,18,95,58,9.84,95.0,78
564,2016,7,19,95,65,8.95,95.0,76
565,2016,7,20,94,62,8.72,94.0,75
566,2016,7,21,96,63,9.17,96.0,74
567,2016,7,22,96,70,8.95,96.0,77
568,2016,7,23,99,67,11.41,99.0,75
569,2016,7,24,96,61,12.75,96.0,75
570,2016,7,25,97,59,12.08,97.0,77
571,2016,7,26,93,63,8.05,93.0,77
572,2016,7,27,93,60,11.63,93.0,76
573,2016,7,28,85,59,10.07,85.0,82
574,2016,7,29,89,60,11.41,89.0,84
575,2016,7,30,94,64,11.63,94.0,78
576,2016,7,31,95,64,10.51,95.0,78
577,2016,8,1,96,59,9.62,96.0,76
578,2016,8,2,94,63,12.3,94.0,77
579,2016,8,3,96,60,10.29,96.0,74
580,2016,8,4,75,63,9.62,75.0,75
581,2016,8,5,76,61,10.29,76.0,76
582,2016,8,6,83,61,7.61,83.0,81
583,2016,8,7,90,58,8.72,90.0,78
584,2016,8,8,91,64,9.84,91.0,74
585,2016,8,9,97,62,10.74,97.0,78
586,2016,8,10,95,59,9.4,95.0,77
587,2016,8,11,90,59,10.51,90.0,77
588,2016,8,12,83,52,7.61,83.0,84
589,2016,8,13,89,53,12.97,89.0,83
590,2016,8,14,90,57,13.42,90.0,75
591,2016,8,15,92,60,11.41,92.0,77
592,2016,8,16,91,52,10.07,91.0,75
593,2016,8,17,90,57,9.84,90.0,74
594,2016,8,18,90,59,12.97,90.0,78
595,2016,8,19,81,50,8.05,81.0,82
596,2016,8,20,76,47,7.61,76.0,76
597,2016,8,21,91,51,10.07,91.0,77
598,2016,8,22,93,58,9.62,93.0,76
599,2016,8,23,87,61,12.3,87.0,80
600,2016,8,24,68,49,8.95,68.0,68
601,2016,8,25,71,47,8.72,71.0,71
602,2016,8,26,80,50,7.38,80.0,80
603,2016,8,27,85,48,8.5,85.0,81
604,2016,8,28,86,60,9.17,86.0,83
605,2016,8,29,84,57,11.86,84.0,80
606,2016,8,30,82,55,8.5,82.0,81
607,2016,8,31,82,51,8.28,82.0,80
608,2016,9,1,87,54,11.18,87.0,81
609,2016,9,2,84,62,9.84,84.0,80
610,2016,9,3,90,58,9.84,90.0,76
611,2016,9,4,90,51,9.4,90.0,77
612,2016,9,5,93,50,8.5,93.0,75
613,2016,9,6,87,59,10.29,87.0,83
614,2016,9,7,88,52,6.93,88.0,79
615,2016,9,8,89,49,7.16,89.0,80
616,2016,9,9,75,44,10.51,75.0,75
617,2016,9,10,83,37,10.51,83.0,83
618,2016,9,11,90,53,9.4,90.0,77
619,2016,9,12,74,52,11.41,74.0,74
620,2016,9,13,68,48,13.42,68.0,68
621,2016,9,14,84,46,6.93,84.0,83
622,2016,9,15,78,50,7.83,78.0,78
623,2016,9,16,73,39,8.05,73.0,73
624,2016,9,17,78,44,10.51,78.0,78
625,2016,9,18,88,52,9.17,88.0,79
626,2016,9,19,90,60,11.63,90.0,78
627,2016,9,20,90,60,6.04,90.0,74
628,2016,9,21,84,57,9.62,84.0,82
629,2016,9,22,76,49,9.4,76.0,76
630,2016,9,23,88,51,16.11,88.0,79
631,2016,9,24,71,38,10.51,71.0,71
632,2016,9,25,68,39,7.83,68.0,68
633,2016,9,26,76,42,7.16,76.0,76
634,2016,9,27,83,46,6.49,83.0,80
635,2016,9,28,82,49,9.84,82.0,84
636,2016,9,29,87,47,9.4,87.0,80
637,2016,9,30,74,52,10.29,74.0,74
638,2016,10,1,80,50,8.28,80.0,80
639,2016,10,2,81,52,13.42,81.0,80
640,2016,10,3,81,53,19.69,81.0,84
641,2016,10,4,65,36,14.09,65.0,65
642,2016,10,5,66,34,9.4,66.0,66
643,2016,10,6,55,32,9.4,55.0,64
644,2016,10,7,67,32,8.95,67.0,67
645,2016,10,8,73,36,10.07,73.0,73
646,2016,10,9,76,38,6.49,76.0,76
647,2016,10,10,79,49,11.18,79.0,79
648,2016,10,11,79,44,9.84,79.0,79
649,2016,10,12,49,34,7.61,45.0,69
650,2016,10,13,78,38,8.28,78.0,78
651,2016,10,14,84,55,10.07,84.0,83
652,2016,10,15,85,50,8.95,85.0,83
653,2016,10,16,86,46,11.18,86.0,81
654,2016,10,17,77,36,11.63,77.0,77
655,2016,10,18,65,33,14.09,65.0,65
656,2016,10,19,61,37,6.71,61.0,62
657,2016,10,20,63,25,8.5,63.0,64
658,2016,10,21,78,37,9.17,78.0,78
659,2016,10,22,82,41,8.72,82.0,81
660,2016,10,23,74,35,6.71,74.0,74
661,2016,10,24,79,44,9.4,79.0,79
662,2016,10,25,72,49,8.5,72.0,72
663,2016,10,26,75,37,10.07,75.0,75
664,2016,10,27,83,44,10.51,83.0,84
665,2016,10,28,82,55,9.84,82.0,80
666,2016,10,29,77,41,11.41,77.0,77
667,2016,10,30,77,38,7.61,77.0,77
668,2016,10,31,79,45,10.51,79.0,79
669,2016,11,1,70,40,15.21,70.0,70
670,2016,11,2,62,37,6.49,62.0,63
671,2016,11,3,69,36,7.16,69.0,69
672,2016,11,4,72,35,10.96,72.0,72
673,2016,11,5,69,38,7.16,69.0,69
674,2016,11,6,67,41,8.5,67.0,67
675,2016,11,7,64,35,8.28,64.0,65
676,2016,11,8,65,32,6.93,65.0,65
677,2016,11,9,74,34,8.95,74.0,74
678,2016,11,10,69,42,10.51,69.0,69
679,2016,11,11,61,26,9.62,61.0,65
680,2016,11,12,71,28,7.38,71.0,71
681,2016,11,13,66,34,10.07,66.0,66
682,2016,11,14,72,35,9.84,72.0,72
683,2016,11,15,77,38,10.74,77.0,77
684,2016,11,16,80,39,14.99,80.0,80
685,2016,11,17,39,22,11.18,31.0,70
686,2016,11,18,32,14,8.05,24.0,66
687,2016,11,19,45,16,6.71,41.0,69
688,2016,11,20,69,37,8.95,69.0,69
689,2016,11,21,65,41,9.4,65.0,65
690,2016,11,22,42,29,12.75,35.0,68
691,2016,11,23,50,23,6.93,47.0,62
692,2016,11,24,49,23,12.53,44.0,68
693,2016,11,25,63,22,11.41,63.0,64
694,2016,11,26,60,31,10.51,60.0,63
695,2016,11,27,52,31,12.75,52.0,61
696,2016,11,28,45,23,10.07,39.0,66
697,2016,11,29,38,19,12.3,30.0,69
698,2016,11,30,40,10,8.05,34.0,67
699,2016,12,1,41,15,8.05,35.0,69
700,2016,12,2,33,15,7.83,26.0,67
701,2016,12,3,42,13,4.92,38.0,70
702,2016,12,4,55,11,9.62,55.0,60
703,2016,12,5,54,17,14.54,54.0,60
704,2016,12,6,30,4,14.09,19.0,68
705,2016,12,7,17,-8,7.61,6.0,67
706,2016,12,8,19,-10,3.58,13.0,67
707,2016,12,9,54,3,6.93,54.0,61
708,2016,12,10,55,15,6.26,55.0,64
709,2016,12,11,39,22,8.72,33.0,70
710,2016,12,12,44,19,8.5,39.0,69
711,2016,12,13,48,18,9.4,43.0,67
712,2016,12,14,29,11,9.62,20.0,70
713,2016,12,15,57,12,7.16,57.0,61
714,2016,12,16,50,4,12.3,45.0,70
715,2016,12,17,3,-15,7.83,-11.0,70
716,2016,12,18,17,-10,6.71,7.0,68
717,2016,12,19,43,4,11.63,36.0,70
718,2016,12,20,53,30,12.3,53.0,64
719,2016,12,21,53,26,12.53,53.0,62
720,2016,12,22,37,24,5.37,32.0,68
721,2016,12,23,49,24,8.95,45.0,70
722,2016,12,24,57,24,8.28,57.0,61
723,2016,12,25,46,20,14.32,39.0,69
724,2016,12,26,44,16,7.83,39.0,69
725,2016,12,27,53,13,8.72,53.0,62
726,2016,12,28,48,18,10.51,43.0,67
727,2016,12,29,47,17,9.84,42.0,70
728,2016,12,30,65,35,12.97,65.0,65
729,2016,12,31,41,13,7.16,36.0,66
730,2017,1,1,47,16,8.5,42.0,70
731,2017,1,2,52,15,12.53,52.0,60
732,2017,1,3,32,10,8.28,24.0,70
733,2017,1,4,12,4,8.72,-1.0,66
734,2017,1,5,5,-2,4.92,-5.0,66
735,2017,1,6,20,-7,8.95,9.0,66
736,2017,1,7,26,2,6.93,18.0,67
737,2017,1,8,48,12,9.62,43.0,70
738,2017,1,9,62,31,14.09,62.0,63
739,2017,1,10,52,32,14.54,52.0,63
740,2017,1,11,56,21,12.53,56.0,65
741,2017,1,12,40,18,10.96,33.0,66
742,2017,1,13,39,18,3.8,36.0,67
743,2017,1,14,42,22,5.82,38.0,68
744,2017,1,15,35,22,5.82,29.0,68
745,2017,1,16,35,27,10.51,27.0,66
746,2017,1,17,46,17,7.61,42.0,69
747,2017,1,18,52,21,8.5,52.0,63
748,2017,1,19,54,22,8.5,54.0,64
749,2017,1,20,45,26,7.61,40.0,69
750,2017,1,21,42,19,6.49,37.0,68
751,2017,1,22,47,26,7.83,43.0,70
752,2017,1,23,54,23,8.95,54.0,65
753,2017,1,24,32,17,10.51,23.0,69
754,2017,1,25,30,10,7.16,22.0,66
755,2017,1,26,31,8,8.5,23.0,68
756,2017,1,27,40,11,9.84,33.0,67
757,2017,1,28,50,17,7.61,46.0,60
758,2017,1,29,61,28,10.96,61.0,63
759,2017,1,30,63,33,14.32,63.0,65
760,2017,1,31,61,31,9.17,61.0,62
761,2017,2,1,31,20,8.95,23.0,70
762,2017,2,2,26,17,6.49,18.0,70
763,2017,2,3,38,16,9.4,31.0,68
764,2017,2,4,60,29,13.2,60.0,62
765,2017,2,5,58,29,9.62,58.0,63
766,2017,2,6,61,37,14.76,61.0,65
767,2017,2,7,62,32,8.5,62.0,62
768,2017,2,8,58,38,19.69,58.0,63
769,2017,2,9,68,31,11.86,68.0,68
770,2017,2,10,80,40,13.2,80.0,80
771,2017,2,11,56,33,11.41,56.0,63
772,2017,2,12,49,29,8.5,45.0,68
773,2017,2,13,48,28,8.5,44.0,68
774,2017,2,14,49,24,8.05,45.0,70
775,2017,2,15,67,27,9.62,67.0,67
776,2017,2,16,75,39,11.41,75.0,75
777,2017,2,17,66,25,11.18,66.0,66
778,2017,2,18,67,29,11.18,67.0,67
779,2017,2,19,64,35,12.53,64.0,63
780,2017,2,20,63,24,9.84,63.0,60
781,2017,2,21,73,39,14.76,73.0,73
782,2017,2,22,57,30,14.09,57.0,61
783,2017,2,23,33,18,11.86,24.0,70
784,2017,2,24,26,17,6.71,18.0,67
785,2017,2,25,38,15,9.62,31.0,69
786,2017,2,26,42,11,7.83,37.0,69
787,2017,2,27,58,14,14.09,58.0,65
788,2017,2,28,35,20,10.29,27.0,68
789,2017,3,1,48,14,12.97,42.0,70
790,2017,3,2,53,19,6.49,53.0,63
791,2017,3,3,64,25,11.41,64.0,60
792,2017,3,4,71,32,10.07,71.0,71
793,2017,3,5,69,42,14.32,69.0,69
794,2017,3,6,53,24,24.16,53.0,61
795,2017,3,7,53,18,18.34,53.0,63
796,2017,3,8,67,21,11.18,67.0,67
797,2017,3,9,72,33,12.75,72.0,72
798,2017,3,10,65,26,6.93,65.0,65
799,2017,3,11,48,32,6.26,45.0,69
800,2017,3,12,61,31,13.87,61.0,65
801,2017,3,13,57,19,7.38,57.0,65
802,2017,3,14,69,37,7.61,69.0,69
803,2017,3,15,77,38,13.87,77.0,77
804,2017,3,16,76,48,13.42,76.0,76
805,2017,3,17,71,37,13.2,71.0,71
806,2017,3,18,81,35,7.38,81.0,80
807,2017,3,19,80,48,10.96,80.0,80
808,2017,3,20,77,45,10.96,77.0,77
809,2017,3,21,70,34,11.18,70.0,70
810,2017,3,22,71,37,9.62,71.0,71
811,2017,3,23,77,37,19.24,77.0,77
812,2017,3,24,53,31,19.24,53.0,61
813,2017,3,25,62,28,10.96,62.0,65
814,2017,3,26,54,35,9.17,54.0,60
815,2017,3,27,64,30,8.95,64.0,65
816,2017,3,28,46,35,15.43,39.0,70
817,2017,3,29,57,34,12.75,57.0,60
818,2017,3,30,67,31,8.72,67.0,67
819,2017,3,31,51,32,14.32,51.0,65
820,2017,4,1,41,30,6.26,36.0,70
821,2017,4,2,63,31,7.16,63.0,63
822,2017,4,3,58,34,11.63,58.0,61
823,2017,4,4,42,31,9.84,36.0,69
824,2017,4,5,56,28,8.28,56.0,63
825,2017,4,6,66,30,11.41,66.0,66
826,2017,4,7,76,47,10.74,76.0,76
827,2017,4,8,77,45,10.96,77.0,77
828,2017,4,9,59,35,19.46,59.0,61
829,2017,4,10,58,24,10.51,58.0,63
830,2017,4,11,70,30,10.74,70.0,70
831,2017,4,12,74,40,9.62,74.0,74
832,2017,4,13,79,37,14.99,79.0,79
833,2017,4,14,79,39,10.96,79.0,79
834,2017,4,15,68,37,10.51,68.0,68
835,2017,4,16,72,31,10.29,72.0,72
836,2017,4,17,77,40,8.05,77.0,77
837,2017,4,18,78,40,13.2,78.0,78
838,2017,4,19,73,46,13.65,73.0,73
839,2017,4,20,64,32,14.32,64.0,61
840,2017,4,21,48,37,14.99,42.0,69
841,2017,4,22,57,35,7.83,57.0,62
842,2017,4,23,76,40,12.53,76.0,76
843,2017,4,24,67,42,12.75,67.0,67
844,2017,4,25,58,31,12.3,58.0,60
845,2017,4,26,61,26,6.04,61.0,65
846,2017,4,27,54,32,10.07,54.0,60
847,2017,4,28,54,29,15.21,54.0,61
848,2017,4,29,31,29,16.11,19.0,67
849,2017,4,30,60,28,18.79,60.0,65
850,2017,5,1,64,38,7.61,64.0,61
851,2017,5,2,63,37,9.17,63.0,65
852,2017,5,3,56,34,10.07,56.0,65
853,2017,5,4,71,32,9.62,71.0,71
854,2017,5,5,79,42,8.95,79.0,79
855,2017,5,6,86,48,12.53,86.0,83
856,2017,5,7,80,50,12.08,80.0,80
857,2017,5,8,74,49,12.53,74.0,74
858,2017,5,9,68,51,8.05,68.0,68
859,2017,5,10,54,47,12.97,54.0,60
860,2017,5,11,63,44,11.41,63.0,60
861,2017,5,12,78,42,13.87,78.0,78
862,2017,5,13,85,48,10.29,85.0,83
863,2017,5,14,76,44,11.41,76.0,76
864,2017,5,15,84,50,10.96,84.0,83
865,2017,5,16,72,43,11.86,72.0,72
866,2017,5,17,73,40,12.75,73.0,73
867,2017,5,18,42,33,14.54,34.0,70
868,2017,5,19,39,33,14.32,30.0,66
869,2017,5,20,62,34,7.83,62.0,62
870,2017,5,21,67,35,8.72,67.0,67
871,2017,5,22,67,43,10.74,67.0,67
872,2017,5,23,63,41,11.18,63.0,65
873,2017,5,24,84,36,10.96,84.0,80
874,2017,5,25,79,47,14.09,79.0,79
875,2017,5,26,74,45,10.96,74.0,74
876,2017,5,27,58,45,7.61,58.0,62
877,2017,5,28,71,41,8.05,71.0,71
878,2017,5,29,69,47,6.93,69.0,69
879,2017,5,30,75,45,8.95,75.0,75
880,2017,5,31,82,46,8.5,82.0,80
881,2017,6,1,80,49,9.17,80.0,80
882,2017,6,2,79,51,10.07,79.0,79
883,2017,6,3,77,47,8.72,77.0,77
884,2017,6,4,81,47,7.61,81.0,79
885,2017,6,5,86,51,8.95,86.0,81
886,2017,6,6,78,50,6.93,78.0,78
887,2017,6,7,85,53,10.29,85.0,80
888,2017,6,8,85,52,8.5,85.0,84
889,2017,6,9,92,60,12.53,92.0,77
890,2017,6,10,94,65,15.21,94.0,78
891,2017,6,11,80,60,9.84,80.0,80
892,2017,6,12,93,56,16.78,93.0,77
893,2017,6,13,82,42,12.08,82.0,81
894,2017,6,14,87,50,9.4,87.0,82
895,2017,6,15,89,52,7.61,89.0,81
896,2017,6,16,95,53,12.3,95.0,77
897,2017,6,17,86,60,12.3,86.0,79
898,2017,6,18,86,58,8.05,86.0,81
899,2017,6,19,86,55,9.62,86.0,80
900,2017,6,20,99,61,8.5,99.0,75
901,2017,6,21,98,61,11.18,98.0,75
902,2017,6,22,93,61,12.3,93.0,76
903,2017,6,23,63,48,9.17,63.0,62
904,2017,6,24,79,45,10.96,79.0,79
905,2017,6,25,74,49,9.4,74.0,74
906,2017,6,26,89,54,10.51,89.0,79
907,2017,6,27,97,59,8.5,97.0,74
908,2017,6,28,90,52,11.41,90.0,78
909,2017,6,29,87,54,10.51,87.0,80
910,2017,6,30,74,52,5.82,74.0,74
911,2017,7,1,89,51,6.93,89.0,82
912,2017,7,2,94,58,9.17,94.0,76
913,2017,7,3,92,53,9.62,92.0,78
914,2017,7,4,95,61,10.74,95.0,76
915,2017,7,5,98,62,10.51,98.0,78
916,2017,7,6,100,67,12.3,100.0,75
917,2017,7,7,88,63,10.29,88.0,81
918,2017,7,8,93,61,8.95,93.0,78
919,2017,7,9,97,63,8.72,97.0,75
920,2017,7,10,96,61,7.61,96.0,75
921,2017,7,11,96,65,10.96,96.0,78
922,2017,7,12,82,63,9.4,82.0,79
923,2017,7,13,87,57,8.72,87.0,84
924,2017,7,14,91,56,9.84,91.0,76
925,2017,7,15,78,60,9.62,78.0,78
926,2017,7,16,87,54,6.93,87.0,81
927,2017,7,17,97,59,9.62,97.0,78
928,2017,7,18,95,65,10.96,95.0,75
929,2017,7,19,100,66,10.07,100.0,77
930,2017,7,20,95,65,9.4,95.0,75
931,2017,7,21,96,62,9.4,96.0,75
932,2017,7,22,91,61,8.05,91.0,78
933,2017,7,23,91,63,10.51,91.0,75
934,2017,7,24,99,67,12.75,99.0,77
935,2017,7,25,95,68,10.07,95.0,75
936,2017,7,26,83,64,8.5,83.0,82
937,2017,7,27,88,60,10.74,88.0,81
938,2017,7,28,93,64,10.51,93.0,77
939,2017,7,29,80,64,8.05,80.0,80
940,2017,7,30,84,59,9.17,84.0,79
941,2017,7,31,87,58,10.51,87.0,82
942,2017,8,1,88,59,9.17,88.0,80
943,2017,8,2,90,62,11.86,90.0,77
944,2017,8,3,67,52,9.17,67.0,67
945,2017,8,4,92,51,6.93,92.0,78
946,2017,8,5,86,57,9.84,86.0,84
947,2017,8,6,76,53,8.05,76.0,76
948,2017,8,7,68,56,8.28,68.0,68
949,2017,8,8,77,57,7.83,77.0,77
950,2017,8,9,80,57,7.83,80.0,80
951,2017,8,10,78,53,7.61,78.0,78
952,2017,8,11,82,53,8.28,82.0,79
953,2017,8,12,87,57,9.17,87.0,80
954,2017,8,13,87,56,8.05,87.0,79
955,2017,8,14,90,57,9.17,90.0,74
956,2017,8,15,85,56,9.84,85.0,83
957,2017,8,16,76,57,7.38,76.0,76
958,2017,8,17,87,55,11.18,87.0,84
959,2017,8,18,89,56,6.71,89.0,83
960,2017,8,19,95,61,10.51,95.0,78
961,2017,8,20,89,60,9.17,89.0,82
962,2017,8,21,87,61,10.74,87.0,84
963,2017,8,22,88,56,10.96,88.0,84
964,2017,8,23,91,59,10.96,91.0,77
965,2017,8,24,88,56,9.62,88.0,83
966,2017,8,25,90,58,9.4,90.0,76
967,2017,8,26,93,59,8.5,93.0,74
968,2017,8,27,86,62,8.05,86.0,80
969,2017,8,28,90,59,9.4,90.0,74
970,2017,8,29,93,63,9.84,93.0,76
971,2017,8,30,92,56,11.86,92.0,76
972,2017,8,31,89,61,9.62,89.0,79
973,2017,9,1,87,59,10.07,87.0,82
974,2017,9,2,90,58,8.72,90.0,77
975,2017,9,3,97,61,10.51,97.0,77
976,2017,9,4,94,56,12.3,94.0,77
977,2017,9,5,71,49,7.83,71.0,71
978,2017,9,6,81,50,7.83,81.0,81
979,2017,9,7,86,55,6.26,86.0,80
980,2017,9,8,85,55,7.61,85.0,82
981,2017,9,9,92,58,8.95,92.0,75
982,2017,9,10,90,62,7.83,90.0,74
983,2017,9,11,88,58,9.62,88.0,80
984,2017,9,12,92,59,8.72,92.0,77
985,2017,9,13,91,61,9.84,91.0,76
986,2017,9,14,90,60,10.29,90.0,78
987,2017,9,15,84,50,9.84,84.0,82
988,2017,9,16,70,46,9.62,70.0,70
989,2017,9,17,74,46,8.5,74.0,74
990,2017,9,18,82,49,10.29,82.0,81
991,2017,9,19,89,42,14.09,89.0,82
992,2017,9,20,80,40,15.43,80.0,80
993,2017,9,21,92,57,16.11,92.0,74
994,2017,9,22,86,49,12.3,86.0,81
995,2017,9,23,54,44,9.62,54.0,61
996,2017,9,24,50,45,8.05,46.0,60
997,2017,9,25,55,43,7.83,55.0,62
998,2017,9,26,63,44,6.26,63.0,62
999,2017,9,27,55,49,7.61,55.0,63
1000,2017,9,28,62,47,9.62,62.0,63
1001,2017,9,29,67,42,7.61,67.0,67
1002,2017,9,30,72,44,9.62,72.0,72
1003,2017,10,1,75,45,11.63,75.0,75
1004,2017,10,2,47,37,9.62,42.0,68
1005,2017,10,3,61,34,8.28,61.0,64
1006,2017,10,4,73,50,10.74,73.0,73
1007,2017,10,5,65,51,8.28,65.0,65
1008,2017,10,6,66,45,10.29,66.0,66
1009,2017,10,7,78,45,12.08,78.0,78
1010,2017,10,8,67,33,14.54,67.0,67
1011,2017,10,9,36,29,10.74,28.0,69
1012,2017,10,10,59,29,10.29,59.0,63
1013,2017,10,11,72,29,6.71,72.0,72
1014,2017,10,12,78,41,10.07,78.0,78
1015,2017,10,13,65,35,8.05,65.0,65
1016,2017,10,14,57,27,14.32,57.0,62
1017,2017,10,15,64,24,7.38,64.0,63
1018,2017,10,16,78,39,10.51,78.0,78
1019,2017,10,17,77,41,9.62,77.0,77
1020,2017,10,18,77,45,10.51,77.0,77
1021,2017,10,19,75,42,8.28,75.0,75
1022,2017,10,20,77,46,11.18,77.0,77
1023,2017,10,21,53,30,13.65,53.0,60
1024,2017,10,22,70,34,11.18,70.0,70
1025,2017,10,23,63,34,9.62,63.0,61
1026,2017,10,24,62,24,6.71,62.0,65
1027,2017,10,25,84,47,13.2,84.0,79
1028,2017,10,26,59,25,14.99,59.0,63
1029,2017,10,27,41,13,6.49,36.0,68
1030,2017,10,28,58,39,8.05,58.0,63
1031,2017,10,29,73,39,13.65,73.0,73
1032,2017,10,30,38,29,8.95,31.0,68
1033,2017,10,31,52,26,9.17,52.0,63
1034,2017,11,1,68,40,10.74,68.0,68
1035,2017,11,2,47,27,7.38,43.0,68
1036,2017,11,3,59,24,5.14,59.0,61
1037,2017,11,4,72,32,16.78,72.0,72
1038,2017,11,5,52,27,9.84,52.0,61
1039,2017,11,6,45,28,7.61,40.0,70
1040,2017,11,7,36,24,6.26,30.0,68
1041,2017,11,8,61,25,7.16,61.0,60
1042,2017,11,9,49,23,7.83,45.0,69
1043,2017,11,10,60,24,5.14,60.0,62
1044,2017,11,11,60,30,9.17,60.0,63
1045,2017,11,12,59,22,9.4,59.0,64
1046,2017,11,13,73,37,7.83,73.0,73
1047,2017,11,14,68,32,9.4,68.0,68
1048,2017,11,15,59,22,10.74,59.0,65
1049,2017,11,16,74,29,10.29,74.0,74
1050,2017,11,17,68,37,17.67,68.0,68
1051,2017,11,18,45,24,10.74,39.0,68
1052,2017,11,19,61,23,9.62,61.0,64
1053,2017,11,20,69,30,12.08,69.0,69
1054,2017,11,21,55,30,9.62,55.0,62
1055,2017,11,22,69,31,7.83,69.0,69
1056,2017,11,23,72,44,11.18,72.0,72
1057,2017,11,24,71,33,12.53,71.0,71
1058,2017,11,25,62,33,9.62,62.0,65
1059,2017,11,26,74,36,10.29,74.0,74
1060,2017,11,27,81,39,14.09,81.0,81
1061,2017,11,28,46,28,8.05,41.0,68
1062,2017,11,29,65,24,9.62,65.0,65
1063,2017,11,30,54,24,8.72,54.0,60
1064,2017,12,1,62,31,11.63,62.0,61
1065,2017,12,2,66,30,9.4,66.0,66
1066,2017,12,3,67,35,12.97,67.0,67
1067,2017,12,4,51,14,18.12,51.0,65
1068,2017,12,5,51,15,9.62,51.0,62
1069,2017,12,6,38,15,14.99,29.0,67
1070,2017,12,7,36,11,9.62,28.0,69
1071,2017,12,8,57,35,12.75,57.0,65
1072,2017,12,9,61,31,8.5,61.0,60
1073,2017,12,10,62,34,10.07,62.0,60
1074,2017,12,11,57,25,10.96,57.0,63
1075,2017,12,12,69,29,9.84,69.0,69
1076,2017,12,13,51,28,7.61,51.0,65
1077,2017,12,14,38,20,9.84,31.0,68
1078,2017,12,15,63,22,12.75,63.0,60
1079,2017,12,16,51,28,8.5,51.0,62
1080,2017,12,17,41,22,4.7,37.0,66
1081,2017,12,18,56,18,6.93,56.0,62
1082,2017,12,19,55,21,8.5,55.0,61
1083,2017,12,20,66,29,9.84,66.0,66
1084,2017,12,21,37,4,11.63,29.0,68
1085,2017,12,22,45,6,10.51,39.0,70
1086,2017,12,23,41,7,9.62,35.0,66
1087,2017,12,24,24,-4,10.96,13.0,70
1088,2017,12,25,19,2,6.49,10.0,67
1089,2017,12,26,10,4,4.47,1.0,67
1090,2017,12,27,49,1,9.4,45.0,68
1091,2017,12,28,46,25,10.74,40.0,70
1092,2017,12,29,64,9,13.42,64.0,61
1093,2017,12,30,39,8,8.28,33.0,69
1094,2017,12,31,25,4,8.5,15.0,67
1095,2018,1,1,28,3,5.37,22.0,67
1096,2018,1,2,43,11,8.05,38.0,69
1097,2018,1,3,53,17,10.74,53.0,60
1098,2018,1,4,50,23,8.28,46.0,60
1099,2018,1,5,56,25,5.82,56.0,60
1100,2018,1,6,62,26,5.82,62.0,61
1101,2018,1,7,48,26,7.61,44.0,69
1102,2018,1,8,49,24,5.37,46.0,64
1103,2018,1,9,68,34,9.17,68.0,68
1104,2018,1,10,57,24,11.41,57.0,60
1105,2018,1,11,43,21,9.4,37.0,70
1106,2018,1,12,46,24,10.29,40.0,68
1107,2018,1,13,48,19,6.26,45.0,69
1108,2018,1,14,56,21,9.4,56.0,63
1109,2018,1,15,30,-3,9.4,21.0,67
1110,2018,1,16,34,-4,7.16,27.0,67
1111,2018,1,17,51,15,5.82,51.0,60
1112,2018,1,18,65,28,10.96,65.0,65
1113,2018,1,19,67,35,10.51,67.0,67
1114,2018,1,20,48,27,9.84,43.0,69
1115,2018,1,21,28,23,18.79,15.0,67
1116,2018,1,22,44,9,7.61,39.0,69
1117,2018,1,23,37,14,8.5,30.0,66
1118,2018,1,24,47,18,13.42,41.0,66
1119,2018,1,25,54,28,16.78,54.0,62
1120,2018,1,26,40,17,11.18,33.0,67
1121,2018,1,27,45,16,8.28,40.0,69
1122,2018,1,28,52,19,9.17,52.0,63
1123,2018,1,29,58,22,6.71,58.0,64
1124,2018,1,30,63,38,13.87,63.0,63
1125,2018,1,31,54,24,8.95,54.0,62
1126,2018,2,1,34,18,8.5,26.0,67
1127,2018,2,2,60,22,7.61,60.0,64
1128,2018,2,3,58,31,12.08,58.0,64
1129,2018,2,4,47,10,9.62,42.0,70
1130,2018,2,5,56,21,14.32,56.0,63
1131,2018,2,6,47,21,7.16,43.0,66
1132,2018,2,7,53,16,9.62,53.0,61
1133,2018,2,8,61,35,13.87,61.0,63
1134,2018,2,9,48,16,10.96,43.0,67
1135,2018,2,10,17,9,8.05,6.0,68
1136,2018,2,11,43,0,11.18,36.0,67
1137,2018,2,12,25,14,7.83,16.0,70
1138,2018,2,13,58,17,9.17,58.0,62
1139,2018,2,14,66,34,12.53,66.0,66
1140,2018,2,15,48,16,11.18,43.0,70
1141,2018,2,16,42,7,9.62,36.0,69
1142,2018,2,17,56,24,10.96,56.0,63
1143,2018,2,18,69,20,13.42,69.0,69
1144,2018,2,19,20,3,11.41,8.0,66
1145,2018,2,20,13,-3,6.71,2.0,68
1146,2018,2,21,22,-7,7.38,13.0,68
1147,2018,2,22,26,8,6.26,18.0,66
1148,2018,2,23,35,8,8.5,28.0,68
1149,2018,2,24,36,15,14.76,26.0,70
1150,2018,2,25,41,15,12.53,33.0,67
1151,2018,2,26,57,18,7.83,57.0,63
1152,2018,2,27,56,21,7.61,56.0,65
1153,2018,2,28,50,21,8.05,46.0,61
1154,2018,3,1,59,18,10.29,59.0,61
1155,2018,3,2,70,26,13.65,70.0,70
1156,2018,3,3,71,42,12.08,71.0,71
1157,2018,3,4,68,30,20.58,68.0,68
1158,2018,3,5,42,25,23.94,32.0,68
1159,2018,3,6,46,15,7.61,42.0,67
1160,2018,3,7,51,13,9.84,51.0,64
1161,2018,3,8,64,24,6.71,64.0,63
1162,2018,3,9,65,31,12.3,65.0,65
1163,2018,3,10,52,24,13.2,52.0,62
1164,2018,3,11,49,16,6.49,46.0,60
1165,2018,3,12,57,23,9.17,57.0,62
1166,2018,3,13,58,26,10.51,58.0,60
1167,2018,3,14,67,30,8.5,67.0,67
1168,2018,3,15,67,34,13.2,67.0,67
1169,2018,3,16,56,28,12.75,56.0,62
1170,2018,3,17,64,25,13.42,64.0,65
1171,2018,3,18,52,31,12.75,52.0,61
1172,2018,3,19,46,27,12.3,40.0,68
1173,2018,3,20,52,25,11.63,52.0,61
1174,2018,3,21,62,26,6.26,62.0,64
1175,2018,3,22,73,36,9.84,73.0,73
1176,2018,3,23,72,38,13.87,72.0,72
1177,2018,3,24,68,30,13.2,68.0,68
1178,2018,3,25,66,31,12.97,66.0,66
1179,2018,3,26,55,32,9.17,55.0,64
1180,2018,3,27,47,24,10.51,42.0,67
1181,2018,3,28,46,30,9.17,41.0,69
1182,2018,3,29,47,24,10.96,41.0,70
1183,2018,3,30,63,25,7.38,63.0,62
1184,2018,3,31,59,23,14.09,59.0,63
1185,2018,4,1,54,23,8.95,54.0,61
1186,2018,4,2,74,29,10.51,74.0,74
1187,2018,4,3,48,27,13.42,42.0,66
1188,2018,4,4,62,24,8.05,62.0,65
1189,2018,4,5,65,33,9.4,65.0,65
1190,2018,4,6,43,21,14.54,35.0,66
1191,2018,4,7,58,22,9.17,58.0,60
1192,2018,4,8,64,40,14.99,64.0,65
1193,2018,4,9,55,33,8.05,55.0,64
1194,2018,4,10,71,32,10.51,71.0,71
1195,2018,4,11,79,46,14.54,79.0,79
1196,2018,4,12,79,37,13.87,79.0,79
1197,2018,4,13,44,30,26.62,34.0,67
1198,2018,4,14,56,27,19.69,56.0,64
1199,2018,4,15,61,26,7.61,61.0,63
1200,2018,4,16,73,34,10.07,73.0,73
1201,2018,4,17,73,34,24.16,73.0,73
1202,2018,4,18,56,25,9.62,56.0,61
1203,2018,4,19,69,27,20.58,69.0,69
1204,2018,4,20,60,33,16.78,60.0,60
1205,2018,4,21,39,31,7.83,33.0,68
1206,2018,4,22,65,31,6.93,65.0,65
1207,2018,4,23,73,38,10.51,73.0,73
1208,2018,4,24,40,32,9.62,33.0,69
1209,2018,4,25,66,31,7.16,66.0,66
1210,2018,4,26,59,36,14.76,59.0,65
1211,2018,4,27,73,34,9.84,73.0,73
1212,2018,4,28,80,42,12.3,80.0,80
1213,2018,4,29,83,50,14.32,83.0,84
1214,2018,4,30,73,46,10.07,73.0,73
1215,2018,5,1,69,41,11.86,69.0,69
1216,2018,5,2,52,40,8.72,52.0,65
1217,2018,5,3,52,40,14.76,52.0,60
1218,2018,5,4,69,41,9.84,69.0,69
1219,2018,5,5,75,48,9.4,75.0,75
1220,2018,5,6,80,47,8.5,80.0,80
1221,2018,5,7,80,49,8.28,80.0,80
1222,2018,5,8,77,48,7.61,77.0,77
1223,2018,5,9,80,46,6.93,80.0,80
1224,2018,5,10,90,50,11.86,90.0,75
1225,2018,5,11,80,44,11.63,80.0,80
1226,2018,5,12,66,50,12.53,66.0,66
1227,2018,5,13,61,49,9.84,61.0,62
1228,2018,5,14,65,49,6.71,65.0,65
1229,2018,5,15,77,45,8.95,77.0,77
1230,2018,5,16,81,51,8.28,81.0,80
1231,2018,5,17,86,51,10.74,86.0,79
1232,2018,5,18,65,50,10.07,65.0,65
1233,2018,5,19,51,41,12.53,51.0,63
1234,2018,5,20,58,40,7.61,58.0,60
1235,2018,5,21,79,42,8.5,79.0,79
1236,2018,5,22,81,48,8.72,81.0,79
1237,2018,5,23,82,47,8.28,82.0,80
1238,2018,5,24,86,52,6.49,86.0,81
1239,2018,5,25,91,54,9.62,91.0,76
1240,2018,5,26,94,55,10.51,94.0,78
1241,2018,5,27,87,57,13.87,87.0,84
1242,2018,5,28,70,51,11.63,70.0,70
1243,2018,5,29,78,46,9.84,78.0,78
1244,2018,5,30,84,48,10.07,84.0,84
1245,2018,5,31,92,50,14.32,92.0,77
1246,2018,6,1,92,54,9.17,92.0,77
1247,2018,6,2,79,44,9.17,79.0,79
1248,2018,6,3,79,48,6.71,79.0,79
1249,2018,6,4,93,57,9.17,93.0,74
1250,2018,6,5,95,60,9.4,95.0,77
1251,2018,6,6,95,61,10.51,95.0,75
1252,2018,6,7,92,58,16.78,92.0,78
1253,2018,6,8,96,57,10.29,96.0,77
1254,2018,6,9,95,61,9.84,95.0,77
1255,2018,6,10,97,61,10.74,97.0,78
1256,2018,6,11,82,51,10.74,82.0,80
1257,2018,6,12,87,56,9.62,87.0,81
1258,2018,6,13,94,57,10.96,94.0,75
1259,2018,6,14,97,66,13.42,97.0,75
1260,2018,6,15,95,61,9.84,95.0,74
1261,2018,6,16,87,58,8.5,87.0,81
1262,2018,6,17,77,56,10.51,77.0,77
1263,2018,6,18,82,54,10.51,82.0,81
1264,2018,6,19,79,55,14.32,79.0,79
1265,2018,6,20,78,51,9.62,78.0,78
1266,2018,6,21,86,50,8.5,86.0,81
1267,2018,6,22,90,55,10.51,90.0,74
1268,2018,6,23,89,51,9.4,89.0,82
1269,2018,6,24,70,51,7.83,70.0,70
1270,2018,6,25,83,48,7.83,83.0,84
1271,2018,6,26,97,56,9.62,97.0,74
1272,2018,6,27,101,64,11.18,101.0,75
1273,2018,6,28,105,63,12.3,105.0,76
1274,2018,6,29,97,66,15.21,97.0,78
1275,2018,6,30,76,51,13.2,76.0,76
1276,2018,7,1,90,47,7.38,90.0,78
1277,2018,7,2,95,56,10.51,95.0,77
1278,2018,7,3,99,57,9.17,99.0,74
1279,2018,7,4,93,58,10.29,93.0,76
1280,2018,7,5,87,62,16.11,87.0,82
1281,2018,7,6,92,60,11.18,92.0,77
1282,2018,7,7,98,62,10.29,98.0,78
1283,2018,7,8,98,67,10.74,98.0,78
1284,2018,7,9,95,63,11.63,95.0,74
1285,2018,7,10,98,64,12.75,98.0,75
1286,2018,7,11,96,60,10.07,96.0,78
1287,2018,7,12,88,62,11.63,88.0,84
1288,2018,7,13,90,61,8.28,90.0,76
1289,2018,7,14,97,64,10.74,97.0,78
1290,2018,7,15,75,59,11.41,75.0,75
1291,2018,7,16,91,59,6.49,91.0,75
1292,2018,7,17,88,60,10.07,88.0,84
1293,2018,7,18,95,63,9.84,95.0,76
1294,2018,7,19,98,64,8.5,98.0,77
1295,2018,7,20,97,66,9.4,97.0,76
1296,2018,7,21,97,68,8.05,97.0,75
1297,2018,7,22,95,65,11.86,95.0,74
1298,2018,7,23,78,63,8.95,78.0,78
1299,2018,7,24,90,63,9.62,90.0,77
1300,2018,7,25,80,60,11.41,80.0,80
1301,2018,7,26,83,58,9.4,83.0,84
1302,2018,7,27,85,58,11.63,85.0,80
1303,2018,7,28,79,56,8.5,79.0,79
1304,2018,7,29,84,56,8.05,84.0,84
1305,2018,7,30,79,55,9.62,79.0,79
1306,2018,7,31,87,54,9.62,87.0,84
1307,2018,8,1,85,60,7.83,85.0,80
1308,2018,8,2,93,56,8.95,93.0,77
1309,2018,8,3,84,64,10.96,84.0,82
1310,2018,8,4,95,62,12.3,95.0,74
1311,2018,8,5,88,63,9.62,88.0,81
1312,2018,8,6,84,58,9.62,84.0,80
1313,2018,8,7,88,56,10.51,88.0,82
1314,2018,8,8,83,57,10.29,83.0,80
1315,2018,8,9,88,56,8.5,88.0,81
1316,2018,8,10,88,62,10.51,88.0,79
1317,2018,8,11,92,59,12.53,92.0,75
1318,2018,8,12,90,61,15.88,90.0,75
1319,2018,8,13,89,53,8.5,89.0,80
1320,2018,8,14,84,58,11.41,84.0,83
1321,2018,8,15,88,62,10.74,88.0,84
1322,2018,8,16,89,59,6.49,89.0,81
1323,2018,8,17,89,63,12.75,89.0,82
1324,2018,8,18,79,57,10.51,79.0,79
1325,2018,8,19,72,51,11.18,72.0,72
1326,2018,8,20,76,46,7.61,76.0,76
1327,2018,8,21,80,53,10.29,80.0,80
1328,2018,8,22,81,56,8.5,81.0,79
1329,2018,8,23,89,58,14.32,89.0,81
1330,2018,8,24,90,61,8.28,90.0,75
1331,2018,8,25,92,61,8.95,92.0,77
1332,2018,8,26,94,60,14.32,94.0,74
1333,2018,8,27,93,62,12.3,93.0,77
1334,2018,8,28,75,50,9.4,75.0,75
1335,2018,8,29,91,54,10.07,91.0,78
1336,2018,8,30,92,60,7.83,92.0,78
1337,2018,8,31,90,61,9.4,90.0,77
1338,2018,9,1,88,53,7.61,88.0,82
1339,2018,9,2,82,57,8.05,82.0,79
1340,2018,9,3,82,58,7.61,82.0,81
1341,2018,9,4,83,56,8.72,83.0,82
1342,2018,9,5,70,54,10.29,70.0,70
1343,2018,9,6,78,51,8.5,78.0,78
1344,2018,9,7,75,52,7.38,75.0,75
1345,2018,9,8,86,52,9.4,86.0,81
1346,2018,9,9,88,55,9.4,88.0,82
1347,2018,9,10,93,55,9.62,93.0,78
1348,2018,9,11,93,60,10.51,93.0,74
1349,2018,9,12,93,62,12.3,93.0,76
1350,2018,9,13,96,64,13.87,96.0,74
1351,2018,9,14,92,60,10.51,92.0,78
1352,2018,9,15,94,58,13.65,94.0,78
1353,2018,9,16,93,60,10.51,93.0,76
1354,2018,9,17,92,64,6.71,92.0,78
1355,2018,9,18,91,59,9.84,91.0,78
1356,2018,9,19,84,59,10.29,84.0,84
1357,2018,9,20,84,52,9.4,84.0,80
1358,2018,9,21,79,44,14.99,79.0,79
1359,2018,9,22,86,49,8.95,86.0,84
1360,2018,9,23,88,56,9.4,88.0,80
1361,2018,9,24,80,54,12.53,80.0,80
1362,2018,9,25,64,36,9.17,64.0,65
1363,2018,9,26,73,42,7.16,73.0,73
1364,2018,9,27,80,49,8.72,80.0,80
1365,2018,9,28,50,37,10.51,45.0,68
1366,2018,9,29,84,36,9.4,84.0,82
1367,2018,9,30,61,40,6.93,61.0,63
1368,2018,10,1,71,43,4.92,71.0,71
1369,2018,10,2,81,52,8.05,81.0,82
1370,2018,10,3,86,47,15.43,86.0,79
1371,2018,10,4,68,47,10.96,68.0,68
1372,2018,10,5,75,37,11.86,75.0,75
1373,2018,10,6,61,33,12.97,61.0,62
1374,2018,10,7,47,38,8.95,42.0,66
1375,2018,10,8,40,36,8.28,34.0,66
1376,2018,10,9,38,34,8.28,32.0,69
1377,2018,10,10,37,31,8.72,30.0,66
1378,2018,10,11,48,34,5.59,45.0,67
1379,2018,10,12,64,32,7.83,64.0,63
1380,2018,10,13,63,26,14.32,63.0,63
1381,2018,10,14,27,20,9.62,17.0,66
1382,2018,10,15,48,18,8.05,44.0,70
1383,2018,10,16,56,29,7.61,56.0,62
1384,2018,10,17,61,36,16.33,61.0,61
1385,2018,10,18,69,40,13.87,69.0,69
1386,2018,10,19,67,40,9.4,67.0,67
1387,2018,10,20,70,38,9.84,70.0,70
1388,2018,10,21,74,41,7.38,74.0,74
1389,2018,10,22,74,44,11.18,74.0,74
1390,2018,10,23,70,44,11.86,70.0,70
1391,2018,10,24,60,42,6.04,60.0,61
1392,2018,10,25,66,43,7.61,66.0,66
1393,2018,10,26,69,37,7.83,69.0,69
1394,2018,10,27,73,42,14.76,73.0,73
1395,2018,10,28,77,34,9.62,77.0,77
1396,2018,10,29,79,40,10.51,79.0,79
1397,2018,10,30,43,33,6.04,39.0,68
1398,2018,10,31,46,30,8.05,41.0,68
1399,2018,11,1,55,34,8.72,55.0,60
1400,2018,11,2,65,29,14.99,65.0,65
1401,2018,11,3,54,30,14.99,54.0,61
1402,2018,11,4,56,26,7.83,56.0,61
1403,2018,11,5,56,27,9.4,56.0,64
1404,2018,11,6,51,26,10.07,51.0,65
1405,2018,11,7,44,27,7.61,39.0,70
1406,2018,11,8,38,19,7.38,32.0,68
1407,2018,11,9,49,15,9.17,45.0,69
1408,2018,11,10,58,27,10.51,58.0,64
1409,2018,11,11,30,22,11.41,20.0,68
1410,2018,11,12,25,10,8.72,15.0,68
1411,2018,11,13,48,12,7.16,44.0,70
1412,2018,11,14,63,34,9.62,63.0,64
1413,2018,11,15,59,31,10.07,59.0,60
1414,2018,11,16,55,32,9.84,55.0,60
1415,2018,11,17,34,20,9.84,26.0,66
1416,2018,11,18,48,19,5.37,45.0,69
1417,2018,11,19,49,21,9.62,44.0,70
1418,2018,11,20,58,22,7.83,58.0,61
1419,2018,11,21,61,30,9.4,61.0,61
1420,2018,11,22,61,36,10.07,61.0,61
1421,2018,11,23,53,29,16.33,53.0,61
1422,2018,11,24,59,27,14.99,59.0,61
1423,2018,11,25,41,17,9.17,35.0,66
1424,2018,11,26,51,20,7.83,51.0,63
1425,2018,11,27,55,24,10.29,55.0,61
1426,2018,11,28,58,29,10.51,58.0,63
1427,2018,11,29,49,29,7.16,45.0,69
1428,2018,11,30,35,26,8.28,28.0,70
1429,2018,12,1,44,20,9.84,38.0,66
1430,2018,12,2,37,15,6.71,31.0,70
1431,2018,12,3,34,19,4.47,29.0,69
1432,2018,12,4,38,14,9.84,31.0,69
1433,2018,12,5,49,16,9.17,45.0,70
1434,2018,12,6,31,18,8.5,23.0,70
1435,2018,12,7,43,18,9.17,37.0,69
1436,2018,12,8,49,19,8.28,45.0,69
1437,2018,12,9,45,17,6.04,41.0,66
1438,2018,12,10,59,16,10.51,59.0,60
1439,2018,12,11,59,26,12.75,59.0,62
1440,2018,12,12,57,32,17.0,57.0,64
1441,2018,12,13,40,21,11.18,33.0,66
1442,2018,12,14,54,19,10.51,54.0,64
1443,2018,12,15,55,28,7.38,55.0,62
1444,2018,12,16,60,25,10.29,60.0,65
1445,2018,12,17,59,26,7.61,59.0,63
1446,2018,12,18,57,25,7.61,57.0,62
1447,2018,12,19,50,28,15.66,44.0,70
1448,2018,12,20,48,19,8.72,44.0,70
1449,2018,12,21,63,24,12.3,63.0,61
1450,2018,12,22,38,15,11.63,30.0,69
1451,2018,12,23,52,11,7.16,52.0,62
1452,2018,12,24,47,20,6.71,43.0,66
1453,2018,12,25,47,20,7.61,43.0,67
1454,2018,12,26,37,19,9.84,29.0,70
1455,2018,12,27,30,13,12.97,19.0,67
1456,2018,12,28,22,9,6.26,14.0,66
1457,2018,12,29,39,5,7.61,33.0,67
1458,2018,12,30,53,27,10.07,53.0,60
1459,2018,12,31,32,0,14.09,21.0,69
1460,2019,1,1,12,-5,5.14,3.0,70
1461,2019,1,2,38,2,8.95,31.0,67
1462,2019,1,3,56,16,9.62,56.0,63
1463,2019,1,4,62,30,9.4,62.0,62
1464,2019,1,5,60,33,7.61,60.0,65
1465,2019,1,6,58,30,9.4,58.0,60
1466,2019,1,7,52,16,14.99,52.0,62
1467,2019,1,8,50,22,10.96,45.0,69
1468,2019,1,9,50,23,4.92,48.0,65
1469,2019,1,10,61,28,8.05,61.0,61
1470,2019,1,11,44,32,11.41,38.0,66
1471,2019,1,12,35,17,6.71,29.0,69
1472,2019,1,13,35,17,7.61,28.0,70
1473,2019,1,14,43,20,11.63,36.0,66
1474,2019,1,15,46,21,10.96,40.0,70
1475,2019,1,16,46,29,7.61,42.0,66
1476,2019,1,17,54,32,10.96,54.0,64
1477,2019,1,18,41,23,10.51,34.0,70
1478,2019,1,19,48,22,8.5,44.0,66
1479,2019,1,20,55,33,11.18,55.0,63
1480,2019,1,21,58,22,11.18,58.0,64
1481,2019,1,22,30,13,19.01,17.0,69
1482,2019,1,23,41,16,10.51,34.0,69
1483,2019,1,24,29,12,10.07,19.0,67
1484,2019,1,25,32,8,9.4,24.0,66
1485,2019,1,26,42,19,9.4,36.0,67
1486,2019,1,27,50,28,13.87,44.0,69
1487,2019,1,28,31,7,12.97,21.0,67
1488,2019,1,29,27,7,7.38,19.0,66
1489,2019,1,30,48,9,9.4,43.0,68
1490,2019,1,31,48,21,9.62,43.0,70
1491,2019,2,1,54,28,10.07,54.0,65
1492,2019,2,2,60,34,9.62,60.0,65
1493,2019,2,3,65,37,12.3,65.0,65
1494,2019,2,4,57,21,11.86,57.0,60
1495,2019,2,5,49,18,5.82,46.0,65
1496,2019,2,6,24,-3,10.74,13.0,70
1497,2019,2,7,15,-11,7.83,4.0,67
1498,2019,2,8,26,-7,5.14,19.0,66
1499,2019,2,9,48,11,10.29,43.0,68
1500,2019,2,10,47,18,7.38,43.0,67
1501,2019,2,11,34,11,8.5,26.0,70
1502,2019,2,12,49,22,8.05,45.0,67
1503,2019,2,13,60,26,10.51,60.0,62
1504,2019,2,14,58,28,10.51,58.0,65
1505,2019,2,15,57,22,8.72,57.0,60
1506,2019,2,16,40,16,8.95,34.0,68
1507,2019,2,17,29,11,11.86,19.0,67
1508,2019,2,18,20,6,12.3,7.0,70
1509,2019,2,19,20,13,8.72,9.0,70
1510,2019,2,20,34,6,10.51,25.0,70
1511,2019,2,21,33,13,10.07,24.0,66
1512,2019,2,22,28,21,8.5,19.0,68
1513,2019,2,23,35,20,10.07,27.0,69
1514,2019,2,24,35,10,13.42,25.0,66
1515,2019,2,25,41,7,9.4,35.0,70
1516,2019,2,26,46,18,5.59,43.0,67
1517,2019,2,27,27,12,8.95,18.0,69
1518,2019,2,28,50,20,10.96,45.0,66
1519,2019,3,1,47,30,13.2,41.0,70
1520,2019,3,2,33,1,13.87,23.0,69
1521,2019,3,3,6,-6,5.82,-5.0,69
1522,2019,3,4,15,-5,4.03,8.0,68
1523,2019,3,5,33,-1,6.93,26.0,67
1524,2019,3,6,36,17,6.04,30.0,66
1525,2019,3,7,51,22,5.59,51.0,65
1526,2019,3,8,53,28,8.5,53.0,63
1527,2019,3,9,48,27,11.63,43.0,67
1528,2019,3,10,52,23,11.18,52.0,65
1529,2019,3,11,54,29,6.71,54.0,64
1530,2019,3,12,60,32,6.93,60.0,65
1531,2019,3,13,43,26,32.88,32.0,67
1532,2019,3,14,32,14,19.24,20.0,69
1533,2019,3,15,39,14,12.97,31.0,67
1534,2019,3,16,42,24,9.62,36.0,67
1535,2019,3,17,49,26,7.83,45.0,67
1536,2019,3,18,46,28,8.5,41.0,69
1537,2019,3,19,46,27,10.07,41.0,70
1538,2019,3,20,57,27,8.72,57.0,64
1539,2019,3,21,60,30,13.65,60.0,64
1540,2019,3,22,55,33,10.51,55.0,65
1541,2019,3,23,45,31,9.84,39.0,67
1542,2019,3,24,57,25,7.83,57.0,62
1543,2019,3,25,56,31,7.61,56.0,60
1544,2019,3,26,71,32,10.07,71.0,71
1545,2019,3,27,73,44,10.74,73.0,73
1546,2019,3,28,60,36,10.51,60.0,65
1547,2019,3,29,42,31,10.74,35.0,67
1548,2019,3,30,38,28,7.83,32.0,66
1549,2019,3,31,49,25,7.83,45.0,66
1550,2019,4,1,58,29,10.74,58.0,60
1551,2019,4,2,55,32,6.26,55.0,64
1552,2019,4,3,61,36,5.82,61.0,65
1553,2019,4,4,66,35,7.61,66.0,66
1554,2019,4,5,70,41,9.62,70.0,70
1555,2019,4,6,69,44,7.16,69.0,69
1556,2019,4,7,71,33,9.62,71.0,71
1557,2019,4,8,76,38,10.51,76.0,76
1558,2019,4,9,78,47,12.97,78.0,78
1559,2019,4,10,56,17,18.57,56.0,61
1560,2019,4,11,35,17,8.95,27.0,67
1561,2019,4,12,41,23,9.84,34.0,67
1562,2019,4,13,46,27,7.61,42.0,70
1563,2019,4,14,66,28,11.41,66.0,66
1564,2019,4,15,71,39,11.41,71.0,71
1565,2019,4,16,69,34,8.05,69.0,69
1566,2019,4,17,61,36,9.84,61.0,61
1567,2019,4,18,62,36,10.51,62.0,60
1568,2019,4,19,72,30,9.62,72.0,72
1569,2019,4,20,80,48,10.51,80.0,80
1570,2019,4,21,70,44,11.86,70.0,70
1571,2019,4,22,46,40,8.05,41.0,67
1572,2019,4,23,64,42,6.93,64.0,63
1573,2019,4,24,72,44,8.5,72.0,72
1574,2019,4,25,63,42,10.96,63.0,63
1575,2019,4,26,77,43,10.51,77.0,77
1576,2019,4,27,67,39,16.11,67.0,67
1577,2019,4,28,78,41,20.8,78.0,78
1578,2019,4,29,42,30,10.29,36.0,67
1579,2019,4,30,39,32,8.28,33.0,70
1580,2019,5,1,47,30,11.41,41.0,66
1581,2019,5,2,64,31,9.17,64.0,64
1582,2019,5,3,67,34,8.5,67.0,67
1583,2019,5,4,72,41,7.61,72.0,72
1584,2019,5,5,74,44,9.17,74.0,74
1585,2019,5,6,70,46,9.4,70.0,70
1586,2019,5,7,57,44,12.3,57.0,65
1587,2019,5,8,51,33,14.32,51.0,61
1588,2019,5,9,40,31,11.41,33.0,68
1589,2019,5,10,56,31,6.26,56.0,61
1590,2019,5,11,62,38,10.96,62.0,65
1591,2019,5,12,72,38,8.5,72.0,72
1592,2019,5,13,78,47,8.28,78.0,78
1593,2019,5,14,80,49,9.62,80.0,80
1594,2019,5,15,83,50,7.83,83.0,81
1595,2019,5,16,81,54,11.86,81.0,80
1596,2019,5,17,74,40,12.3,74.0,74
1597,2019,5,18,62,37,8.95,62.0,65
1598,2019,5,19,59,37,11.18,59.0,64
1599,2019,5,20,44,32,9.62,38.0,66
1600,2019,5,21,39,31,10.74,32.0,68
1601,2019,5,22,51,30,7.61,51.0,61
1602,2019,5,23,46,34,7.38,42.0,66
1603,2019,5,24,71,34,10.51,71.0,71
1604,2019,5,25,74,42,13.42,74.0,74
1605,2019,5,26,76,46,10.29,76.0,76
1606,2019,5,27,69,45,14.32,69.0,69
1607,2019,5,28,59,41,11.41,59.0,65
1608,2019,5,29,60,40,9.17,60.0,62
1609,2019,5,30,68,42,7.61,68.0,68
1610,2019,5,31,76,44,8.5,76.0,76
1611,2019,6,1,73,49,9.84,73.0,73
1612,2019,6,2,81,49,11.86,81.0,81
1613,2019,6,3,82,50,9.62,82.0,83
1614,2019,6,4,78,50,9.62,78.0,78
1615,2019,6,5,78,50,8.28,78.0,78
1616,2019,6,6,81,54,10.51,81.0,84
1617,2019,6,7,86,55,9.4,86.0,81
1618,2019,6,8,78,47,14.32,78.0,78
1619,2019,6,9,63,42,6.71,63.0,65
1620,2019,6,10,78,42,12.3,78.0,78
1621,2019,6,11,78,49,9.62,78.0,78
1622,2019,6,12,73,53,7.16,73.0,73
1623,2019,6,13,86,49,9.62,86.0,82
1624,2019,6,14,85,58,10.96,85.0,83
1625,2019,6,15,79,50,9.62,79.0,79
1626,2019,6,16,83,49,6.71,83.0,82
1627,2019,6,17,75,49,6.93,75.0,75
1628,2019,6,18,71,51,8.28,71.0,71
1629,2019,6,19,83,50,7.83,83.0,81
1630,2019,6,20,82,53,9.84,82.0,81
1631,2019,6,21,67,49,10.29,67.0,67
1632,2019,6,22,65,45,9.62,65.0,65
1633,2019,6,23,65,44,8.5,65.0,65
1634,2019,6,24,80,50,9.4,80.0,80
1635,2019,6,25,83,51,12.75,83.0,83
1636,2019,6,26,90,56,10.07,90.0,74
1637,2019,6,27,94,53,10.74,94.0,77
1638,2019,6,28,96,60,11.18,96.0,78
1639,2019,6,29,96,66,9.84,96.0,78
1640,2019,6,30,94,62,9.62,94.0,75
1641,2019,7,1,85,62,8.72,85.0,83
1642,2019,7,2,86,57,8.72,86.0,82
1643,2019,7,3,92,54,8.95,92.0,77
1644,2019,7,4,86,61,11.41,86.0,83
1645,2019,7,5,81,59,10.07,81.0,83
1646,2019,7,6,85,57,9.17,85.0,84
1647,2019,7,7,90,57,8.72,90.0,75
1648,2019,7,8,85,58,8.28,85.0,80
1649,2019,7,9,91,54,7.83,91.0,77
1650,2019,7,10,86,52,10.29,86.0,83
1651,2019,7,11,96,63,9.62,96.0,74
1652,2019,7,12,94,61,12.75,94.0,75
1653,2019,7,13,97,57,10.51,97.0,77
1654,2019,7,14,92,64,10.51,92.0,75
1655,2019,7,15,92,62,11.41,92.0,75
1656,2019,7,16,96,60,9.4,96.0,74
1657,2019,7,17,97,72,12.08,97.0,74
1658,2019,7,18,99,63,9.84,99.0,75
1659,2019,7,19,101,61,8.72,101.0,74
1660,2019,7,20,87,62,12.97,87.0,81
1661,2019,7,21,88,58,8.05,88.0,79
1662,2019,7,22,87,57,8.05,87.0,82
1663,2019,7,23,90,61,8.28,90.0,78
1664,2019,7,24,95,64,8.5,95.0,77
1665,2019,7,25,90,64,10.29,90.0,77
1666,2019,7,26,94,62,9.17,94.0,76
1667,2019,7,27,89,65,6.71,89.0,81
1668,2019,7,28,90,60,9.62,90.0,77
1669,2019,7,29,94,57,11.41,94.0,78
1670,2019,7,30,96,64,11.41,96.0,76
1671,2019,7,31,92,64,10.51,92.0,77
1672,2019,8,1,89,61,8.05,89.0,84
1673,2019,8,2,89,61,8.28,89.0,80
1674,2019,8,3,94,62,7.61,94.0,77
1675,2019,8,4,95,68,9.17,95.0,75
1676,2019,8,5,89,63,8.28,89.0,81
1677,2019,8,6,97,61,9.17,97.0,77
1678,2019,8,7,92,64,8.95,92.0,74
1679,2019,8,8,84,63,7.83,84.0,84
1680,2019,8,9,92,63,9.62,92.0,76
1681,2019,8,10,84,61,8.95,84.0,81
1682,2019,8,11,86,64,7.38,86.0,80
1683,2019,8,12,89,56,7.83,89.0,84
1684,2019,8,13,88,60,10.51,88.0,81
1685,2019,8,14,93,55,10.51,93.0,75
1686,2019,8,15,95,61,10.51,95.0,75
1687,2019,8,16,90,57,8.5,90.0,76
1688,2019,8,17,93,63,11.18,93.0,74
1689,2019,8,18,95,55,8.28,95.0,74
1690,2019,8,19,99,61,8.05,99.0,76
1691,2019,8,20,98,64,9.62,98.0,78
1692,2019,8,21,83,59,9.4,83.0,80
1693,2019,8,22,93,57,11.18,93.0,78
1694,2019,8,23,92,65,12.75,92.0,76
1695,2019,8,24,88,55,9.17,88.0,79
1696,2019,8,25,97,63,12.3,97.0,77
1697,2019,8,26,80,57,8.72,80.0,80
1698,2019,8,27,78,56,9.17,78.0,78
1699,2019,8,28,92,51,8.72,92.0,76
1700,2019,8,29,94,62,12.53,94.0,77
1701,2019,8,30,88,56,7.16,88.0,84
1702,2019,8,31,91,61,9.62,91.0,74
1703,2019,9,1,98,64,7.16,98.0,75
1704,2019,9,2,100,66,8.5,100.0,78
1705,2019,9,3,83,62,10.51,83.0,82
1706,2019,9,4,92,61,10.74,92.0,74
1707,2019,9,5,98,66,11.63,98.0,78
1708,2019,9,6,84,64,10.74,84.0,79
1709,2019,9,7,89,60,8.5,89.0,82
1710,2019,9,8,79,51,9.84,79.0,79
1711,2019,9,9,83,54,7.61,83.0,81
1712,2019,9,10,89,58,9.62,89.0,80
1713,2019,9,11,82,52,9.17,82.0,80
1714,2019,9,12,76,48,10.07,76.0,76
1715,2019,9,13,81,45,6.71,81.0,79
1716,2019,9,14,89,53,8.5,89.0,83
1717,2019,9,15,90,56,10.96,90.0,74
1718,2019,9,16,89,61,9.84,89.0,84
1719,2019,9,17,88,57,9.62,88.0,83
1720,2019,9,18,84,46,13.42,84.0,84
1721,2019,9,19,87,53,12.3,87.0,80
1722,2019,9,20,88,56,16.55,88.0,81
1723,2019,9,21,80,46,15.66,80.0,80
1724,2019,9,22,75,40,7.61,75.0,75
1725,2019,9,23,82,48,7.61,82.0,79
1726,2019,9,24,85,54,6.49,85.0,84
1727,2019,9,25,80,49,6.71,80.0,80
1728,2019,9,26,89,43,6.93,89.0,81
1729,2019,9,27,79,46,12.53,79.0,79
1730,2019,9,28,80,41,16.11,80.0,80
1731,2019,9,29,89,46,17.9,89.0,81
1732,2019,9,30,76,50,11.41,76.0,76
1733,2019,10,1,53,42,10.96,53.0,63
1734,2019,10,2,65,40,8.5,65.0,65
1735,2019,10,3,70,44,11.18,70.0,70
1736,2019,10,4,81,40,8.72,81.0,81
1737,2019,10,5,67,37,11.86,67.0,67
1738,2019,10,6,62,40,8.72,62.0,62
1739,2019,10,7,78,39,8.5,78.0,78
1740,2019,10,8,80,46,8.95,80.0,80
1741,2019,10,9,83,28,15.21,83.0,81
1742,2019,10,10,29,13,11.86,19.0,70
1743,2019,10,11,50,9,9.17,46.0,64
1744,2019,10,12,67,27,7.16,67.0,67
1745,2019,10,13,73,35,8.28,73.0,73
1746,2019,10,14,75,39,7.83,75.0,75
1747,2019,10,15,59,32,7.61,59.0,65
1748,2019,10,16,80,37,8.5,80.0,80
1749,2019,10,17,81,51,11.18,81.0,81
1750,2019,10,18,63,30,10.51,63.0,61
1751,2019,10,19,63,27,7.38,63.0,62
1752,2019,10,20,53,33,19.91,53.0,65
1753,2019,10,21,53,28,7.16,53.0,60
1754,2019,10,22,64,23,12.75,64.0,65
1755,2019,10,23,53,31,12.3,53.0,60
1756,2019,10,24,42,25,6.93,37.0,66
1757,2019,10,25,64,28,10.74,64.0,62
1758,2019,10,26,76,29,13.42,76.0,76
1759,2019,10,27,29,17,11.86,19.0,68
1760,2019,10,28,21,10,5.37,13.0,69
1761,2019,10,29,18,7,12.3,5.0,70
1762,2019,10,30,19,3,8.95,8.0,69
1763,2019,10,31,42,7,5.82,38.0,70
1764,2019,11,1,34,16,8.95,26.0,67
1765,2019,11,2,44,16,6.71,40.0,66
1766,2019,11,3,53,23,9.62,53.0,60
1767,2019,11,4,50,29,7.61,46.0,61
1768,2019,11,5,58,29,6.93,58.0,62
1769,2019,11,6,60,26,11.41,60.0,63
1770,2019,11,7,49,23,4.7,47.0,62
1771,2019,11,8,70,25,7.61,70.0,70
1772,2019,11,9,77,39,11.63,77.0,77
1773,2019,11,10,66,23,11.63,66.0,66
1774,2019,11,11,24,10,7.38,15.0,67
1775,2019,11,12,64,16,8.95,64.0,60
1776,2019,11,13,55,29,9.84,55.0,64
1777,2019,11,14,55,29,8.5,55.0,62
1778,2019,11,15,67,33,7.16,67.0,67
1779,2019,11,16,64,34,9.84,64.0,64
1780,2019,11,17,59,23,8.05,59.0,62
1781,2019,11,18,67,37,10.74,67.0,67
1782,2019,11,19,65,35,9.17,65.0,65
1783,2019,11,20,51,29,11.18,51.0,61
1784,2019,11,21,29,25,8.28,21.0,66
1785,2019,11,22,32,25,7.61,25.0,67
1786,2019,11,23,56,27,11.41,56.0,63
1787,2019,11,24,64,30,15.21,64.0,61
1788,2019,11,25,49,25,11.63,44.0,66
1789,2019,11,26,25,1,14.76,12.0,68
1790,2019,11,27,21,-2,8.28,11.0,68
1791,2019,11,28,23,10,6.04,15.0,67
1792,2019,11,29,26,7,7.16,18.0,69
1793,2019,11,30,34,8,10.51,25.0,70
1794,2019,12,1,29,8,9.17,20.0,67
1795,2019,12,2,46,18,7.61,42.0,69
1796,2019,12,3,51,27,8.95,51.0,61
1797,2019,12,4,48,31,7.61,44.0,68
1798,2019,12,5,41,30,8.28,35.0,70
1799,2019,12,6,43,24,7.61,38.0,70
1800,2019,12,7,58,28,7.61,58.0,61
1801,2019,12,8,56,34,8.72,56.0,64
1802,2019,12,9,38,20,8.05,32.0,69
1803,2019,12,10,40,16,6.49,35.0,69
1804,2019,12,11,51,24,9.62,51.0,63
1805,2019,12,12,52,28,10.96,52.0,60
1806,2019,12,13,47,24,12.08,41.0,66
1807,2019,12,14,37,21,8.72,30.0,68
1808,2019,12,15,31,17,4.25,26.0,68
1809,2019,12,16,32,16,8.28,24.0,69
1810,2019,12,17,42,15,11.63,35.0,69
1811,2019,12,18,57,27,11.18,57.0,63
1812,2019,12,19,44,20,6.71,40.0,67
1813,2019,12,20,54,17,9.84,54.0,63
1814,2019,12,21,65,29,11.18,65.0,65
1815,2019,12,22,67,36,11.41,67.0,67
1816,2019,12,23,62,37,7.38,62.0,64
1817,2019,12,24,51,33,5.82,51.0,64
1818,2019,12,25,54,23,8.05,54.0,65
1819,2019,12,26,39,17,7.38,33.0,70
1820,2019,12,27,35,20,4.7,30.0,69
1821,2019,12,28,29,20,19.24,16.0,70
1822,2019,12,29,30,3,9.4,21.0,66
1823,2019,12,30,31,3,11.41,21.0,69
1824,2019,12,31,44,18,12.08,37.0,70
