Average Wind Speed (mph),Relative Humidity (%)
2.295833333,93.91666667
2.425,95.91666667
3.404166667,89.20833333
2.845833333,85.75
2.3,89.58333333
2.408333333,89.5
3.054166667,93.5
2.8625,91.75
2.6125,96.95833333
2.8125,90.75
4.1625,89.54166667
7.341666667,97.875
4.495833333,94
2.6125,91.5
2.875,87.91666667
3.529166667,94.33333333
6.041666667,97.54166667
10.3875,95.04166667
8.258333333,96.45833333
10.225,97.08333333
5.979166667,99.08333333
3.266666667,97.54166667
2.529166667,91.95833333
3.1375,94.70833333
6.35,97.95833333
2.691666667,99.79166667
2.479166667,93.20833333
2.633333333,90.875
3.479166667,94.08333333
2.054166667,94.125
0.954166667,88.04166667
2.066666667,92
2.108333333,92.20833333
1.625,91.54166667
7.379166667,96.79166667
3.541666667,97.79166667
4.5125,97.25
3.1625,94.08333333
3.154166667,96.125
3.541666667,92.70833333
3.341666667,94.625
3.0125,94.58333333
2.979166667,98.375
1.6,93.66666667
2.504166667,93.41666667
2.454166667,92.79166667
2.4125,93.375
2.325,90.20833333
2.608333333,94.33333333
2.670833333,92.95833333
4.608333333,97.875
2.829166667,98.83333333
2.845833333,79.375
5.8875,92.20833333
4.2125,96.95833333
1.7875,88.75
6.475,97.16666667
3.975,96.875
1.641666667,90.54166667
3.4625,95.33333333
4.6125,94.625
4.845833333,94.91666667
3.370833333,89.41666667
2.625,90.04166667
2.191666667,91.79166667
5.545833333,94.875
6.620833333,90.625
5.0125,87.66666667
4.5,83.91666667
2.3125,82.375
5.441666667,98.25
4.704166667,84.20833333
3.083333333,81.70833333
2.579166667,79.5
1.966666667,78.125
2.504166667,91.375
4.254166667,87.58333333
2.845833333,71.70833333
3.391666667,81.625
3.141666667,90.375
3.908333333,89.41666667
3.4125,82.5
4.916666667,91.29166667
4.85,91.5
3.116666667,84
2.141666667,76.875
3.241666667,81.16666667
6.058333333,93.625
7,89.91666667
4.091666667,88.08333333
3.629166667,88.125
5.2125,96.29166667
3.745833333,86.75
6.591666667,95.66666667
3.6125,90.25
3.85,82.54166667
2.570833333,82.04166667
5.091666667,88.04166667
3.008333333,82.625
6.25,89.45833333
8.825,93.875
6.604166667,95.58333333
3.270833333,89.83333333
3.9375,87.16666667
2.6625,82.95833333
3.370833333,85.41666667
3.325,87.625
2.445833333,80.875
4.933333333,85.875
6.65,90.75
5.4875,91.20833333
3.595833333,86.08333333
3.608333333,87.25
4.554166667,87.08333333
3.795833333,82.125
4.645833333,82.41666667
8.0375,95.875
6.304166667,91.375
6.395833333,84.58333333
5.9125,79.25
4.925,86.5
5.316666667,78.5
4.545833333,83.29166667
5.029166667,79.33333333
5.55,77.54166667
5.316666667,71.625
5.3375,79.70833333
7.1375,87
6.7625,88.91666667
8.1625,87.625
4.754166667,81.95833333
4.691666667,88.75
5.4375,88.33333333
5.204166667,86.375
4.545833333,85.16666667
5.216666667,87.54166667
4.183333333,92.08333333
3.3,89.45833333
4.375,88.29166667
6.454166667,78.04166667
8.541666667,84.20833333
6.85,80.16666667
7.908333333,75.70833333
4.479166667,85.75
5.375,93.16666667
4.508333333,82.83333333
5.766666667,91.83333333
4.658333333,81.08333333
5.158333333,75.54166667
4.120833333,76.58333333
6.125,87.54166667
6.466666667,86.70833333
5.441666667,88.70833333
5.070833333,83.70833333
4.695833333,87.45833333
4.4,77.20833333
6.145833333,84.66666667
6.6625,87.45833333
7.658333333,84.54166667
7.929166667,84.79166667
8.2875,77.16666667
7.15,67.875
5.966666667,59.16666667
4.7,66.95833333
7.466666667,78.95833333
8.3125,81.91666667
5.3625,64.54166667
5.554166667,72.79166667
9.2,87.08333333
8.6,81
5.516666667,77
4.641666667,71.66666667
5.2875,71.625
6.6875,77.25
7.758333333,85.79166667
6.841666667,82.79166667
6.216666667,76.25
4.483333333,63.66666667
6.891666667,71.16666667
7.329166667,75.91666667
8.175,78.95833333
7.75,79.79166667
6.670833333,79.125
4.779166667,66.125
4.691666667,65.91666667
6.275,72.95833333
7.120833333,78.375
6.608333333,78.83333333
6.345833333,76
6.204166667,78.91666667
4.954166667,71.95833333
4.866666667,71
7.4,78.625
5.75,71.33333333
4.4875,64.91666667
5.0125,57
7.0875,69.125
6.725,69.66666667
6.754166667,71.91666667
6.575,76.33333333
7.279166667,78.29166667
7.933333333,77.66666667
5.683333333,69.25
5.079166667,69.33333333
6.166666667,71
6.808333333,75.29166667
6.429166667,74.375
5.7375,75.04166667
6.175,73.125
5.879166667,70.66666667
6.175,75.5
6.579166667,76.41666667
5.241666667,68.08333333
5.341666667,70.70833333
5.595833333,71.5
7.066666667,77.54166667
6.616666667,77.25
5.7125,73.75
6.183333333,77.45833333
7.208333333,82.33333333
6.204166667,76.20833333
6.804166667,77.70833333
6.795833333,81.91666667
4.675,71.83333333
6.108333333,74.75
6.245833333,78.125
5.4,77.75
5.295833333,75.625
5.379166667,76.16666667
5.108333333,76.33333333
4.491666667,68
5.854166667,74.16666667
6.591666667,77.66666667
5.1125,65.5
3.4,44.5
2.208333333,29.58333333
5.954166667,47.66666667
6.345833333,70.91666667
8.416666667,80.25
9.645833333,80
5.904166667,73.5
6.729166667,79.625
4.2,63
2.691666667,42.58333333
4.05,39.29166667
4.808333333,63.79166667
4.841666667,67.16666667
5.208333333,66.70833333
3.545833333,49.875
8.429166667,78.79166667
7.883333333,82.54166667
4.520833333,74.20833333
3.0875,62.29166667
3.520833333,55.875
4.795833333,72.45833333
4.395833333,76.70833333
3.416666667,70.33333333
5.05,80.95833333
5.5,81.75
5.283333333,87.41666667
4.4125,81.66666667
4.625,84.875
4.675,75.875
7.979166667,82.79166667
6.795833333,80.54166667
3.083333333,65.875
2.4875,42.95833333
1.8375,39.08333333
2.683333333,44.33333333
2.158333333,28.75
2.579166667,26.54166667
4.1375,37.875
5.275,68.75
5.4,78.16666667
5.458333333,70.375
6.483333333,80.29166667
5.7625,88.75
2.745833333,75.375
3.0125,78.29166667
3.65,80.29166667
2.741666667,73.33333333
4.166666667,68.625
3.554166667,74.875
3.858333333,58.375
2.720833333,33.29166667
2.025,33.66666667
2.6875,40.04166667
3.745833333,51.66666667
5.025,73.95833333
5.045833333,90.625
2.2875,81.08333333
1.991666667,74.75
4.083333333,78.58333333
4.008333333,84.875
3.9125,92.25
6.633333333,93.91666667
8.879166667,99.04166667
5.3125,82.08333333
4.566666667,76.66666667
3.808333333,60.08333333
5.258333333,53.91666667
3.270833333,84.5
3.783333333,90
2.4375,86.45833333
2.95,82.875
3.120833333,76.29166667
2.2375,73.54166667
2.420833333,71.58333333
4.008333333,82.33333333
3.708333333,88.875
6.595833333,98.625
4.3125,85
4.3375,83.54166667
4.658333333,86.29166667
3.670833333,69.41666667
3.291666667,74.58333333
4.241666667,74.20833333
5.316666667,76.45833333
4.958333333,72.5
3.65,78.66666667
2.704166667,79.41666667
3.25,88.66666667
3.783333333,96.70833333
6.895833333,91.95833333
6.058333333,86.91666667
3.954166667,93.70833333
7.520833333,88.08333333
5.1625,68.08333333
2.625,62.66666667
2.733333333,67.375
7.033333333,95.16666667
4.045833333,83.83333333
2.875,72.16666667
2.004166667,62.29166667
1.883333333,62.375
1.9875,84.16666667
2.0875,88.91666667
3.725,87.29166667
7.054166667,91.83333333
4.229166667,91.29166667
2.966666667,88.33333333
3.85,98.125
1.8875,92.45833333
3.3125,97.91666667
2.133333333,92.79166667
2.3,92.95833333
1.745833333,95.70833333
3.225,98.66666667
2.341666667,89.41666667
2.4,83.125
7.65,98.875
6.7375,99.58333333
6.804166667,99.41666667
3.925,98.45833333
5.354166667,98.125
2.666666667,97.875
2.45,87.41666667
3.55,92.5
5.9375,99.16666667
3.375,93.70833333
2.929166667,94.41666667
5.275,96.83333333
10.31666667,88.54166667
4.020833333,90.79166667
1.758333333,89.91666667
7.679166667,99.91666667
7.216666667,98.33333333
2.908333333,93.58333333
2.466666667,89
3.004166667,91.58333333
3.220833333,91.875
2.391666667,93.58333333
1.554166667,98
3.0125,91.16666667
2.795833333,82.83333333
3.508333333,91.04166667
1.9375,94.29166667
2.695833333,99.41666667
3.775,96.54166667
2.7875,93.375
2.441666667,95.79166667
3.025,96.625
3.795833333,90
4.704166667,94.29166667
3.266666667,83.33333333
2.508333333,82.54166667
3.145833333,91.375
2.375,82.04166667
2.408333333,81.29166667
2.991666667,87.70833333
3.516666667,87.58333333
2.691666667,77.66666667
2.2875,92.83333333
3.975,96.375
4.616666667,98.25
2.9125,91.91666667
4.820833333,85.33333333
2.954166667,65.58333333
2.116666667,73.91666667
2.933333333,87.83333333
5.791666667,87.375
4.966666667,79.29166667
2.954166667,85.54166667
8.483333333,74.83333333
2.9,76.875
2.254166667,66.41666667
2.820833333,67.45833333
3.091666667,73.58333333
3.383333333,85.75
6.75,98.04166667
9.595833333,90.25
7.345833333,89.08333333
6.179166667,99.29166667
3.425,98.79166667
3.3125,96.29166667
3.0125,89.04166667
2.891666667,84.5
3.325,85.75
3.583333333,89.91666667
4.266666667,95.5
7.508333333,91.33333333
3.3125,82.20833333
2.604166667,84.66666667
3.8125,86.125
4.445833333,88.66666667
6.1625,98.75
2.654166667,89.91666667
2.179166667,85.79166667
2.125,86.08333333
3.954166667,99.75
7.716666667,91.41666667
3.2625,95.16666667
1.9625,88.75
4.108333333,95.04166667
3.9875,88.75
2.7625,89.33333333
4.633333333,93.66666667
2.820833333,94.54166667
4.479166667,96.45833333
4.2875,94.75
3.391666667,85.45833333
7.241666667,98.16666667
8.541666667,98.75
5.141666667,93
4.520833333,94
5.179166667,90
7.033333333,94.54166667
8.583333333,98.95833333
4.616666667,95.04166667
6.266666667,95.70833333
4.4375,92.79166667
3.9375,88.875
4.195833333,90.25
4.6625,90.08333333
3.079166667,82.79166667
2.9125,84.66666667
5.1625,92.75
4.033333333,80.41666667
2.095833333,79.29166667
5.170833333,91.75
6.5625,86.625
5.929166667,90.79166667
2.945833333,81.79166667
4.741666667,87.33333333
3.841666667,85.16666667
4.429166667,90.875
5.466666667,88.29166667
5.266666667,89.20833333
3.879166667,84.75
4.091666667,89.25
4.904166667,94.16666667
6.15,94.5
4.716666667,95.41666667
3.058333333,89.04166667
6.695833333,91.625
5.370833333,88.58333333
4.454166667,89.33333333
3.625,91.95833333
6.3,94.79166667
6.1375,92.5
5.495833333,81.33333333
4.904166667,83.25
7.575,85.41666667
7.254166667,74
6.383333333,73.16666667
3.15,72.625
4.35,76.70833333
3.920833333,80.16666667
3.4125,72.04166667
3.854166667,69.58333333
7.429166667,86.83333333
8.425,91.41666667
7.579166667,88.04166667
5.166666667,82.5
5.520833333,83.83333333
6.654166667,88.20833333
5.5125,83.25
6.558333333,81.08333333
5.766666667,82.75
6.0625,82.16666667
5.791666667,90.54166667
7.870833333,94.5
5.745833333,86.54166667
5.275,82.66666667
6.579166667,87.125
8.033333333,86.70833333
9.016666667,88.95833333
7.4375,87.625
5.729166667,80.95833333
6.2,88.08333333
5.1625,81.70833333
6.0875,83.45833333
7.741666667,86.5
7.070833333,77.83333333
5.979166667,80.875
5.825,86.29166667
5.65,84.58333333
4.5625,84
3.216666667,86.33333333
7.154166667,90.70833333
4.1625,84
5.845833333,91.79166667
5.041666667,87
6.320833333,85.04166667
5.7,83.41666667
7.9625,88.66666667
8.220833333,88.58333333
5.779166667,85.54166667
6.2,88.16666667
4.3625,76.75
5.245833333,73.91666667
5.916666667,78.08333333
6.7625,82.16666667
6.383333333,77.375
4.733333333,70.45833333
3.425,58.95833333
3.583333333,55.625
6.429166667,76.20833333
8.229166667,79.70833333
7.179166667,79.20833333
7.3125,84.58333333
6.445833333,77.875
7.229166667,80.70833333
5.8625,85.70833333
5.575,83.91666667
4.466666667,74.875
4.3,68.875
3.979166667,69.58333333
4.366666667,64.04166667
5.170833333,70.58333333
4.866666667,58.25
5.666666667,53.54166667
5.708333333,61.58333333
5.9875,69.375
7.895833333,77.66666667
7.633333333,79.95833333
8.2375,84.125
7.779166667,84.95833333
7.6875,85
8,81.08333333
7.379166667,82.25
6.2375,82.66666667
5.2125,77.04166667
5.566666667,80.08333333
4.354166667,75.625
4.545833333,67.375
5.691666667,69.20833333
6.695833333,75.58333333
6.383333333,74.29166667
6.045833333,74.75
6.4625,80.58333333
6,78.16666667
4.9,70.625
5.533333333,71.08333333
6.433333333,75.95833333
5.954166667,77.875
5.483333333,78.125
5.104166667,74.66666667
4.758333333,69.08333333
6.954166667,75.54166667
7.604166667,85
5.579166667,74.70833333
6.2125,76.125
7.020833333,78.58333333
6.370833333,75
6.370833333,74.83333333
6.633333333,72.875
6.341666667,78.625
5.891666667,73.91666667
6.445833333,73.54166667
6.875,72.70833333
6.054166667,71.16666667
5.741666667,71.16666667
5.933333333,73.70833333
6.983333333,78.70833333
7.708333333,80.91666667
6.575,76.08333333
5.129166667,76.54166667
4.329166667,72.5
3.758333333,62.20833333
6.229166667,67.54166667
5.366666667,75.16666667
5.375,71
4.979166667,72.5
4.8,67.29166667
6.825,77.83333333
7.266666667,79.29166667
6.4,75.20833333
3.383333333,66.58333333
4.120833333,61.375
4.9625,67.33333333
4.5375,71.08333333
4.225,67.04166667
3.266666667,55.70833333
3.95,43.58333333
5.070833333,62.04166667
3.566666667,62.45833333
5.041666667,57.95833333
5.0375,76.375
4.279166667,74.04166667
4.9125,74.29166667
7.066666667,80.58333333
8.454166667,84.25
6.895833333,80.125
3.85,69.5
2.895833333,57.58333333
2.708333333,38.16666667
3.391666667,40.58333333
3.6875,50.66666667
2.654166667,56.33333333
4.045833333,52.58333333
7.354166667,80.375
4.283333333,84.95833333
4.258333333,69.25
2.6,62.125
2.454166667,40.33333333
5.404166667,67.83333333
5.5125,80.75
4.595833333,79.08333333
4.4,76.45833333
3.85,92.79166667
5.945833333,88.58333333
6.916666667,85
3.991666667,88.33333333
3.695833333,77.45833333
3.183333333,80.45833333
2.408333333,80.5
4.641666667,95.75
3.775,85.29166667
3.483333333,70.66666667
2.95,60.25
2.129166667,61.75
3.616666667,77.41666667
3.216666667,85.79166667
2.616666667,75.45833333
3.5875,80.95833333
5.495833333,87.75
3.370833333,84.875
3.104166667,83.58333333
2.75,65.58333333
2.270833333,59.45833333
4.620833333,84.58333333
3.408333333,83.41666667
3.770833333,61.75
2.3375,45.29166667
2.158333333,47.25
3.108333333,59.16666667
2.25,60.95833333
2.295833333,76.79166667
6.291666667,54.125
3.816666667,35.75
6.145833333,74.125
3.520833333,81.45833333
5.545833333,86.5
3.508333333,89.375
3.095833333,82.16666667
2.325,71.04166667
3.4,60.20833333
4.245833333,59.04166667
5.1125,82.95833333
2.566666667,91.83333333
2.2125,84.54166667
3.691666667,84.33333333
3.133333333,83.79166667
2.1125,85.20833333
4.783333333,93.54166667
4.85,91.04166667
5.041666667,81.04166667
4.345833333,87.83333333
3.345833333,88.16666667
3.595833333,88.125
5.016666667,92.75
3.8375,97.45833333
2.7875,95.08333333
3.15,85.33333333
2.425,81.625
1.933333333,91.29166667
2.895833333,85.375
9.475,64.29166667
12.33333333,38.33333333
5.295833333,50.29166667
6.083333333,47.125
2.558333333,54.66666667
3.720833333,65.875
2.516666667,53.25
2.041666667,60.875
1.866666667,74.45833333
2.858333333,66.79166667
2.725,88.75
2.575,93.29166667
2.845833333,92.625
2.008333333,85.625
2.416666667,87.70833333
3.954166667,94.54166667
3.033333333,75.75
2.720833333,62.5
2.825,91.70833333
2.4875,79.66666667
2.6875,70.25
3.0125,64.58333333
3.833333333,45.5
1.970833333,42.625
3.4125,49.91666667
2.45,69.75
2.383333333,93.29166667
2.095833333,82.25
2.720833333,87.66666667
2.666666667,94
3.075,95.04166667
3.783333333,86.70833333
3.404166667,64.5
2.8625,95.58333333
1.808333333,89.08333333
2.691666667,82.70833333
3.091666667,86.41666667
3.854166667,90.70833333
6.341666667,62.25
2.975,47.66666667
2.383333333,54.95833333
2.004166667,64.91666667
2.370833333,57.875
3.108333333,59.20833333
2.933333333,48.125
2.516666667,54.79166667
6.366666667,88.16666667
3.5375,73.875
2.416666667,74.625
2.458333333,82.20833333
4.3125,97.875
8.508333333,99.91666667
8.033333333,91.875
6.733333333,96.375
6.408333333,96.29166667
2.666666667,90.70833333
3.166666667,92.91666667
3.658333333,96.75
4.625,76.54166667
2.904166667,68
2.4,71.54166667
2.716666667,90.45833333
2.245833333,91.75
3.6875,92.54166667
3.8375,74.625
2.5375,71.20833333
3.15,64.375
2.641666667,58.95833333
3.75,72.875
5.545833333,89.91666667
2.625,83.41666667
2.170833333,80.25
4.6375,93.08333333
4.595833333,93.33333333
4.420833333,90.54166667
5.975,95.29166667
4.2125,86.95833333
7.3875,72.54166667
3.679166667,70.33333333
3.233333333,89.04166667
5.745833333,88.33333333
3.3125,82.875
2.391666667,89.04166667
2.825,85.58333333
4.658333333,79.875
6.679166667,65.5
3.945833333,61.54166667
5.629166667,75.54166667
4.558333333,76.41666667
3.779166667,84.5
6.1,83
5.35,95.91666667
4.316666667,67.91666667
2.8375,62.875
2.204166667,62.29166667
4.5875,79.125
9.2625,70.79166667
5.133333333,56.54166667
1.545833333,53.125
2.383333333,66.25
5.5625,89.16666667
3.983333333,93.875
5.266666667,82.33333333
9.154166667,98.5
5.729166667,99.45833333
4.920833333,93.25
6.620833333,99.45833333
5.529166667,90.70833333
7.9375,84.625
2.008333333,65.20833333
2.329166667,82.20833333
2.7875,88.41666667
5.020833333,87.75
4.266666667,76.375
3.270833333,96.75
2.75,87.29166667
4.808333333,87.45833333
8.108333333,93
4.3125,89.66666667
3.083333333,87.16666667
4.091666667,90.375
9.766666667,88.33333333
7.045833333,80.33333333
4.0125,80.95833333
5.375,88.83333333
6.358333333,80.25
6.125,80.58333333
2.829166667,75.875
3.170833333,73.41666667
3.316666667,76.91666667
4.304166667,84.875
3.216666667,96.79166667
5.966666667,90.41666667
8.2,83.875
7.354166667,91.33333333
5.3125,84.25
4.220833333,86.45833333
4.154166667,85.70833333
4.820833333,90.45833333
5.770833333,86.70833333
4.625,89.25
3.45,83.16666667
1.675,71.45833333
4.195833333,83.125
5.9375,87.95833333
2.120833333,87
3.333333333,85.375
7.204166667,86.91666667
5.05,78.08333333
5.075,83.33333333
2.916666667,79.66666667
6.745833333,82.83333333
7.1375,85.54166667
6.470833333,81.375
5.6125,88.58333333
6.066666667,81.25
6.275,70.91666667
4.4625,67.5
4.0125,65.79166667
3.529166667,70.29166667
6.104166667,78.83333333
4.883333333,71.04166667
3.883333333,64.41666667
4.033333333,65.25
6.241666667,77
4.6875,77
5.791666667,82.875
6.3,78.79166667
8.920833333,85.91666667
6.416666667,72.16666667
5.541666667,72.79166667
4.8625,72.625
7.033333333,79.875
7.633333333,76.125
7.8375,75.375
8.1,76.41666667
8.108333333,78.91666667
7.225,87.08333333
4.829166667,80.54166667
6.4625,80.70833333
5.358333333,78.91666667
5.483333333,74.79166667
4.145833333,67.20833333
6.408333333,77.5
8.283333333,83.29166667
6.804166667,68.29166667
8.233333333,86
7.995833333,71.33333333
6.616666667,71.54166667
7.283333333,77.25
8.620833333,73.16666667
7.391666667,55.79166667
4.1375,45.375
4.616666667,51.83333333
7.3,72.66666667
7.045833333,77.33333333
7.654166667,78.75
5.445833333,65.875
4.133333333,55.08333333
7.433333333,63.5
8.575,74.66666667
5.604166667,63.5
5.566666667,56.95833333
9.079166667,79.95833333
6.816666667,81.91666667
7.0375,73.20833333
5.695833333,69.95833333
5.891666667,74.75
5.466666667,66.83333333
5.608333333,64.83333333
6.833333333,73.33333333
6.679166667,79.125
7.333333333,80.5
6.729166667,81.70833333
8.2125,82.20833333
7.1875,71.58333333
7.445833333,71.04166667
7.529166667,74.66666667
6.029166667,67.25
5.5625,62.25
7.004166667,74.70833333
5.8375,71.875
3.420833333,54.5
4.641666667,47.58333333
6.704166667,60.04166667
7.9875,75.70833333
6.525,73.33333333
5.95,69.375
8.441666667,79.75
4.858333333,70.79166667
4.475,73.04166667
5.320833333,74.83333333
5.1,64.75
4.158333333,55.91666667
6.85,58.95833333
8.170833333,69.875
5.8625,66.83333333
5.866666667,72
6.25,73.45833333
6.795833333,74.125
7.391666667,80.5
5.979166667,74.75
4.283333333,58.83333333
6.408333333,64.66666667
5.904166667,65.66666667
5.975,63.45833333
7.020833333,71
6.191666667,77.08333333
5.529166667,72.91666667
4.983333333,67.66666667
6.0125,68.66666667
4.604166667,59.54166667
4.591666667,51.83333333
5.704166667,56.29166667
4.920833333,51.79166667
5.258333333,50.20833333
5.1125,44.25
6.833333333,54.79166667
6.1875,69.16666667
5.654166667,65.75
6.2625,67.08333333
7.375,74
6.9125,74.375
5.920833333,70.70833333
7.079166667,78
6.191666667,78.20833333
6.158333333,71.5
6.5625,70.91666667
6.9875,76
6.666666667,75.79166667
3.579166667,68.95833333
4.958333333,64.66666667
3.85,59.58333333
6.429166667,68.66666667
8.079166667,79.83333333
5.766666667,77.95833333
3.095833333,62.625
4.225,50.91666667
4.483333333,64.79166667
4.804166667,70
5.25,68.79166667
4.458333333,67.70833333
6.641666667,73.70833333
6.966666667,78.29166667
4.783333333,69.20833333
5.404166667,73.375
4.470833333,67.79166667
4.429166667,67.58333333
4.795833333,71.875
4.0125,66.66666667
4.933333333,72
4.9625,76.95833333
5.375,77.125
6.270833333,79.375
6.0625,76.54166667
4.5875,68.29166667
4.220833333,62.04166667
4.6375,64.54166667
4.875,72.91666667
5.125,72.25
4.3625,72.58333333
3.079166667,65.75
4.570833333,77.16666667
3.35,65.91666667
3.0375,49.83333333
2.8375,24.95833333
2.745833333,24.75
5.575,51
6.35,80.70833333
4.929166667,84.41666667
3.966666667,80.33333333
4.254166667,80.5
4.566666667,81.5
3.066666667,79.41666667
4.058333333,81.08333333
5.5375,86.33333333
3.666666667,86.83333333
3.754166667,79.29166667
2.845833333,79.625
3.320833333,75.16666667
5.108333333,83.58333333
3.795833333,36.45833333
4.629166667,51.91666667
4.5125,85.08333333
6.541666667,86.08333333
5.954166667,70.625
7.758333333,84.875
3.7875,82.33333333
4.108333333,83.54166667
3.8125,77.04166667
3.783333333,65.125
3.858333333,79.20833333
2,77.70833333
2.754166667,81.45833333
3.295833333,86.625
3.379166667,94.66666667
2.829166667,89.16666667
2.6,82.875
2.2375,71.125
2.970833333,71.45833333
2.816666667,58.08333333
2.583333333,58.5
5.470833333,86.54166667
6.870833333,84.5
3.691666667,83.79166667
3.729166667,80.375
1.720833333,69.29166667
2.7,56.41666667
2.720833333,62.16666667
2.991666667,65.95833333
3.358333333,66.79166667
4.745833333,93.54166667
7.783333333,92.91666667
3.029166667,84.25
3.929166667,88.08333333
6.666666667,92.41666667
4.729166667,90.45833333
3.216666667,79.45833333
3.216666667,85.875
2.808333333,84.79166667
1.820833333,91
2.3125,87.75
3.133333333,92.625
7.116666667,95.5
8.366666667,96.5
8.975,97.70833333
7.525,98.375
8.208333333,96.625
1.8125,84.20833333
3.270833333,93.95833333
2.483333333,99.41666667
2.691666667,95.66666667
2.870833333,89.08333333
3.091666667,91.16666667
4.054166667,88.66666667
2.8375,86.91666667
3.958333333,86.70833333
4.1125,93
2.675,84.91666667
1.9125,91.33333333
5.145833333,98.75
5.3875,97.375
5.2,97.20833333
5.333333333,86.54166667
2.441666667,71.29166667
5.6625,81.875
7.508333333,97.66666667
7.016666667,92.79166667
7.879166667,99.58333333
3.120833333,86.83333333
5.329166667,92.45833333
5.254166667,97.25
2.708333333,88.41666667
2.708333333,90.66666667
2.75,93
3.508333333,92.66666667
2.470833333,78.70833333
3.391666667,81.83333333
2.758333333,74.75
2.629166667,85.625
2.741666667,88.45833333
3.2,97.08333333
2.7,97.54166667
2.575,93.95833333
2.616666667,97.5
3.979166667,99.16666667
4.8,92
3.291666667,93.45833333
2.379166667,74.58333333
3.283333333,70.5
2.979166667,66.95833333
2.183333333,73.04166667
3.283333333,87.16666667
3.475,83.16666667
2.958333333,81.58333333
3.054166667,80.95833333
3.025,77.5
2.875,76.29166667
2.9625,73.70833333
2.658333333,87.41666667
2.2,98.125
1.808333333,94.875
5.616666667,92.66666667
3.954166667,88.58333333
3.929166667,91.41666667
3.316666667,90.58333333
2.325,88.5
2.308333333,88.33333333
2.441666667,88.58333333
1.9125,95.29166667
2.9875,93.25
2.520833333,93.91666667
4.904166667,94.54166667
3.254166667,90
3.954166667,93.20833333
3.754166667,92
3.65,78.5
2.808333333,85.41666667
2.9625,75.58333333
2.545833333,79.66666667
2.370833333,90.16666667
2.645833333,82.08333333
2.925,70.04166667
1.958333333,77.79166667
3.270833333,91.29166667
4.908333333,93.45833333
5.741666667,95
4.975,86.875
3.708333333,85.83333333
3.275,84.79166667
5.954166667,82.625
4.170833333,78.16666667
3.9125,90.58333333
4.820833333,80.16666667
2.425,85.33333333
3.183333333,91.79166667
2.583333333,85.29166667
3.345833333,87.83333333
4.85,92.29166667
3.566666667,89.54166667
6.804166667,85.5
5.491666667,86.5
2.233333333,88.79166667
6.291666667,89.08333333
4.204166667,85.625
2.741666667,81.41666667
2.3,83.08333333
2.0125,84.54166667
1.8125,83
2.879166667,87.875
3.633333333,89.70833333
4.154166667,86.625
3.85,83.79166667
3.358333333,88.45833333
3.033333333,84.91666667
4.1375,92.79166667
4.566666667,81.875
6.1875,70.41666667
3.720833333,72.45833333
4.0375,84.66666667
5.070833333,89.625
3.629166667,86.70833333
3.670833333,91.75
2.3375,86.79166667
3.129166667,84.83333333
4.029166667,83.125
3.875,89.79166667
3.575,89.25
3.4375,84.83333333
2.708333333,78.91666667
5.108333333,94.08333333
4.0875,89.625
4.1,90.75
6.7875,90.83333333
10.1125,72.75
6.7,66.91666667
5.316666667,73.58333333
5.954166667,81.66666667
4.679166667,78.25
6.183333333,83.91666667
6.875,76.04166667
8.075,80.70833333
6.629166667,66.875
6.625,61.70833333
3.508333333,62.5
3.770833333,70.95833333
4.608333333,69.875
3.375,65.5
3.820833333,58.04166667
4.104166667,61.33333333
5.379166667,75.16666667
5.829166667,83.08333333
5.0875,76.54166667
5.179166667,81.54166667
3.616666667,71.58333333
5.4125,62.45833333
6.258333333,58.375
3.7375,48.125
3.908333333,46.875
3.820833333,44.79166667
5.5625,65.375
6.708333333,77.04166667
3.979166667,73.04166667
3.983333333,76.125
5.358333333,79.375
6.7375,84.54166667
6.408333333,82.25
4.004166667,67.5
5.195833333,68.66666667
6.258333333,77.45833333
8.195833333,81.20833333
8.329166667,81.16666667
7.341666667,82.20833333
7.116666667,74.54166667
7.220833333,75.79166667
5.7375,63.5
5.3125,57.95833333
9.5,73.08333333
8.104166667,62.91666667
5.9125,69.5
6.325,73.54166667
7.8125,79.375
7.9125,81.20833333
6.4625,82.41666667
6.175,80.41666667
7.158333333,76.5
6.4125,68.33333333
5.858333333,60.25
5.370833333,58.125
6.366666667,72.33333333
6.85,72.41666667
7.345833333,77.20833333
6.5375,78.16666667
6.641666667,73.625
5.404166667,65.08333333
6.35,58.45833333
8.425,77.125
7.216666667,78.08333333
5.329166667,71.04166667
7.670833333,71.875
6.054166667,63.5
4.8875,57.45833333
7.466666667,75.58333333
7.575,72.16666667
8.029166667,78.33333333
9.3375,76.41666667
7.395833333,68.625
6.4625,68.25
5.920833333,62.70833333
6.2625,61.91666667
7.691666667,85.20833333
5.575,80.875
6.158333333,81.66666667
4.7875,72.20833333
4.833333333,63.70833333
5.266666667,55.58333333
5.541666667,49.75
6.620833333,59.70833333
4.95,53.66666667
6.916666667,51.04166667
5.725,54.375
7.6625,58.58333333
9.608333333,77.95833333
7.345833333,71.91666667
6.145833333,66.625
5.416666667,61.91666667
4.85,55.25
6.070833333,61.79166667
6.841666667,69.83333333
6.916666667,68.41666667
6.345833333,60.625
6.2375,68.33333333
7.15,75.16666667
6.783333333,75.20833333
5.654166667,73.375
6.016666667,66.20833333
5.791666667,65.5
6.766666667,66.125
7.654166667,65.58333333
5.9125,76.875
5.55,65.20833333
6.095833333,60.75
7.25,66.41666667
7.195833333,67.45833333
6.633333333,68.125
7.25,74.54166667
6.875,72.45833333
5.533333333,70.25
7.7125,74.95833333
7.670833333,77.125
5.691666667,70.66666667
6.345833333,73.375
5.929166667,73.41666667
5.979166667,72.25
6.733333333,78.33333333
6.295833333,80.75
5.529166667,77.58333333
6.275,78.25
5.504166667,75.41666667
5.65,70.45833333
6.083333333,71.5
5.241666667,64.20833333
5.820833333,72.79166667
5.65,78.91666667
5.404166667,75.91666667
6.629166667,76.66666667
3.229166667,56.16666667
5.05,58.66666667
6.220833333,67.16666667
5.220833333,71.20833333
5.345833333,75.16666667
5.533333333,78.54166667
6.583333333,77.33333333
5.333333333,76.25
4.983333333,75.91666667
5.5,75.54166667
5.195833333,77.91666667
4.716666667,75.54166667
4.458333333,68.875
6.083333333,71.25
6.05,73.75
5.125,81.04166667
5.704166667,73.95833333
6.308333333,76.58333333
6.504166667,76.83333333
3.116666667,59.20833333
3.8375,60.58333333
3.345833333,62.83333333
5.191666667,60.58333333
6.85,78.29166667
4.9625,78.79166667
5.216666667,80
6.545833333,80
7.0375,82.20833333
5.479166667,80.29166667
5.633333333,78.54166667
8.0375,79.91666667
5.204166667,64.08333333
3.220833333,61.375
6.483333333,84.875
6.3875,86.41666667
4.466666667,79.08333333
3.35,75.70833333
6.945833333,81.08333333
6.741666667,75.95833333
5.7375,67.54166667
4.016666667,54.83333333
3.054166667,49.58333333
4.229166667,80.95833333
4.570833333,83
4.6125,73.625
4.341666667,74.20833333
8.020833333,49.95833333
4.079166667,28.04166667
2.825,24
3.683333333,27.29166667
3.579166667,48.58333333
4.316666667,70.29166667
3.6625,74.625
3.916666667,75.75
3.454166667,76.875
4.85,76.29166667
3.8625,69.25
2.641666667,46.79166667
3.275,35
2.733333333,33.45833333
2.983333333,36.5
1.991666667,47.16666667
1.625,55.375
2.6875,64.125
2.129166667,67.75
1.483333333,64.25
3.154166667,77.70833333
4.420833333,84.91666667
2.7125,76
2.104166667,57.125
8.925,86.45833333
6.020833333,85.75
3.5,85.20833333
2.583333333,77.41666667
2.541666667,63.75
2.370833333,53.16666667
4.25,78.08333333
5.7,62.95833333
5.8375,59.625
3.191666667,42.29166667
2.516666667,31.83333333
2.570833333,49.16666667
2.629166667,74.91666667
3.075,69.375
3.304166667,81.625
1.891666667,76.79166667
1.883333333,66.58333333
3.208333333,77.25
4.883333333,87.16666667
4.625,78.70833333
5.008333333,86.66666667
2.629166667,82.16666667
3.329166667,89.45833333
3.308333333,96.41666667
4.2875,98.41666667
6.095833333,75.25
4.8125,49.125
2.633333333,64.29166667
1.545833333,74.5
1.820833333,68.375
1.983333333,64.54166667
2.7125,71.16666667
2.220833333,64.79166667
1.895833333,60.04166667
2.258333333,74.41666667
2.35,72.08333333
4.554166667,90.625
6.720833333,70.41666667
3.9,58.70833333
2.395833333,46.66666667
4.929166667,82.41666667
6.141666667,82.54166667
2.770833333,65.95833333
2.945833333,55.79166667
3.095833333,57.95833333
3.054166667,60.75
2.4625,70.70833333
2.254166667,78.04166667
2.920833333,76.875
3.175,67.83333333
3.029166667,62.75
1.845833333,64.625
3.7125,83.29166667
6.275,76.25
4.175,58.125
2.745833333,89.54166667
2.1125,74.08333333
2.504166667,67.58333333
3.2625,70.58333333
3.320833333,61.375
3.141666667,57.33333333
2.2125,59.125
3.191666667,71.08333333
3.354166667,57.79166667
2.575,61.16666667
1.5875,76.70833333
1.825,61.5
2.533333333,58.95833333
1.766666667,60.33333333
2.270833333,65.29166667
3.116666667,62.08333333
2.166666667,61.83333333
2.695833333,87.25
3.15,95.29166667
3.754166667,88.95833333
2.65,90.29166667
3.720833333,97.45833333
5.2875,78.66666667
3.270833333,66.16666667
3.325,53.375
3.445833333,48.08333333
3.4625,46.625
2.641666667,42.75
2.3875,40.58333333
2.708333333,45.33333333
2.2,42.33333333
2.6875,48.79166667
2.595833333,46.16666667
2.733333333,58.375
3.325,57.75
1.975,51.5
2.329166667,63.95833333
3.108333333,91.04166667
2.725,92.16666667
4.1625,94.58333333
4.266666667,86.83333333
4.029166667,78.04166667
3.033333333,74.08333333
4.508333333,98.83333333
3.7375,87.45833333
2.983333333,83.08333333
3.258333333,85.66666667
3.458333333,97.16666667
6.283333333,96.20833333
8.1875,99.58333333
6.475,99.75
3.229166667,90.95833333
2.525,87.45833333
2.495833333,84.70833333
2.4375,90.16666667
3.025,90.04166667
4.216666667,94.58333333
3.175,77.125
3.958333333,83.125
2.608333333,91.54166667
4.8375,79.16666667
3.395833333,73.04166667
2.866666667,76.54166667
2.533333333,81.125
2.341666667,79.875
2.3375,76.83333333
3.708333333,83.375
7.45,92.91666667
5.133333333,87.125
7.408333333,94
7.233333333,90.20833333
4.591666667,95.75
3.3125,93.66666667
1.658333333,94.83333333
4.7875,89.91666667
4.05,87.45833333
3.920833333,84.91666667
1.641666667,77.29166667
1.9875,75.66666667
4.795833333,83.41666667
4.975,68.875
4.658333333,57.5
3.070833333,66.95833333
3.908333333,87.16666667
3.083333333,76.54166667
3.791666667,70.83333333
5.470833333,79.16666667
3.4625,68.33333333
2.225,62.375
2.691666667,71.20833333
3.766666667,83.08333333
3.683333333,82.20833333
2.716666667,80.25
2.683333333,72.66666667
4.8,91.91666667
5.7375,92.58333333
3.3375,87
4.5625,83.83333333
5.475,95.20833333
4.3625,84.45833333
5.816666667,91.125
4.716666667,92.125
3.258333333,83.45833333
3.558333333,84.83333333
4.2,92.625
4.808333333,84
3.808333333,80.375
1.620833333,73.08333333
3.116666667,76.75
3.1625,78.125
2.5375,76
3.983333333,83.5
5.891666667,83.79166667
4.145833333,81.75
3.845833333,78.16666667
5.154166667,81.95833333
4.229166667,73.70833333
6.041666667,83.875
5.266666667,80.375
6.6125,82.41666667
4.0875,74.875
4.566666667,80.95833333
8.345833333,77.375
5.283333333,75.25
5.491666667,85
5.45,90.16666667
5.6625,83.25
5.275,85.91666667
4.875,70.91666667
3.541666667,60.625
3.716666667,47.66666667
2.741666667,45.875
4.833333333,62.54166667
7.275,80.45833333
6.333333333,82.70833333
7.7,80.20833333
6.9375,75.20833333
6.1625,79.95833333
5.554166667,88.16666667
6.3625,81.29166667
6.841666667,73.04166667
6.216666667,59.45833333
3.1375,56.79166667
2.704166667,44.04166667
2.504166667,37.54166667
4.283333333,45.75
6.479166667,70.04166667
6.766666667,85.125
7.2,78.625
7.929166667,81.29166667
5.825,78.5
5.779166667,76.83333333
4.5875,75.41666667
6.5375,78.16666667
6.1375,76
5.841666667,67.66666667
6.308333333,67.70833333
7.491666667,71.25
6.229166667,57.79166667
4.891666667,54.5
6.870833333,76.375
4.775,70.95833333
4.875,65.70833333
7.570833333,75.875
5.275,71.25
4.716666667,64.54166667
6.533333333,64.08333333
6.6875,68.04166667
5.825,67.5
3.379166667,51.875
4.733333333,48.25
7.7125,68.04166667
8.254166667,76.91666667
8.0375,75.625
6.383333333,66.91666667
5.5375,58.5
8.545833333,79.125
9.583333333,74.66666667
5.429166667,58.91666667
4.533333333,52.04166667
6.108333333,60.54166667
6.608333333,63.91666667
7.695833333,72.375
7.85,75.91666667
7.433333333,70.91666667
7.866666667,76.91666667
8.291666667,81.41666667
6.220833333,72
6.020833333,77
6.508333333,69.20833333
4.975,56.41666667
5.270833333,49.75
7.641666667,66.91666667
7.4625,75
7.816666667,71.83333333
6.391666667,65.58333333
5.2875,57.125
4.825,53.66666667
6.095833333,54.83333333
6.654166667,66.08333333
7.025,71.41666667
6.6,72.16666667
6.408333333,74.58333333
6.275,71.95833333
5.5875,65.875
6.4875,64.375
7.329166667,70.33333333
7.433333333,73.91666667
6.9375,70.04166667
6.116666667,72
5.204166667,69.75
6.4,74.33333333
5.925,78.08333333
5.645833333,74.375
4.995833333,72.83333333
4.6125,58.33333333
3.516666667,44.58333333
6.345833333,49.58333333
6.091666667,50.20833333
6.070833333,56.58333333
4.945833333,47.41666667
5.341666667,53
5.791666667,62.33333333
5.241666667,51.54166667
7.2125,66.25
5.8875,74.16666667
4.191666667,72.04166667
3.545833333,73.45833333
4.8,66.75
6.870833333,71.20833333
6.933333333,74.04166667
7.733333333,75
5.6375,68.08333333
5.5625,71.29166667
5.458333333,73.08333333
5.066666667,74.20833333
5.170833333,72.54166667
4.7,66.95833333
5.104166667,67.70833333
5.283333333,68.375
6.579166667,72.45833333
6.254166667,75.45833333
6.25,78.79166667
5.033333333,74.79166667
6.891666667,77.25
4.920833333,70.29166667
5.308333333,73.875
5.483333333,77.58333333
3.870833333,70.875
4.270833333,64.125
4.554166667,65.91666667
5.570833333,69
6.5,67.08333333
5.8,70.83333333
3.7625,61.16666667
6.808333333,74.91666667
4.125,69.79166667
4.945833333,76.25
4.554166667,73.95833333
5.033333333,74.625
4.5625,73.41666667
5.3,77.70833333
3.625,69.58333333
2.7,58.875
3.458333333,47.625
3.458333333,57.08333333
4.541666667,70.25
4.829166667,68.29166667
5.0625,75.45833333
3.741666667,69.70833333
6.091666667,75.375
5.575,81.25
4.316666667,80.41666667
4.425,76.25
5.375,79.91666667
3.908333333,74.66666667
3.820833333,79.70833333
4.420833333,81.66666667
4.05,79.08333333
4.466666667,82.54166667
4.9125,81.45833333
3.4375,83.91666667
3.908333333,81.41666667
4.166666667,82.5
4.291666667,51.70833333
1.883333333,33.625
1.4125,29.41666667
2.483333333,29.75
2.095833333,35.625
2.425,45.45833333
3.8375,66.29166667
4.316666667,66.16666667
4.733333333,77.5
4.25,78.33333333
2.875,73.5
4.820833333,44.20833333
3.916666667,41.25
6.8,87.70833333
4.3,78.33333333
2.783333333,82.25
3.1,80.04166667
2.125,79.29166667
3.5375,82.95833333
4.741666667,86.54166667
3.958333333,76.04166667
3.0125,77.70833333
2.670833333,80.04166667
5.495833333,83.54166667
6.470833333,84.79166667
5.004166667,77.95833333
3.441666667,78.5
2.608333333,74.625
2.779166667,68.16666667
3.854166667,70.16666667
4.104166667,93.41666667
3.333333333,90.08333333
4.020833333,80.41666667
2.383333333,77.91666667
2.595833333,74.91666667
2.608333333,70.54166667
2.783333333,82.04166667
2.716666667,84.875
2.3625,74.25
1.95,74.91666667
2.1875,85.41666667
3.916666667,87.83333333
2.179166667,80.75
4.479166667,96.83333333
3.608333333,89.125
3.579166667,85.54166667
2.75,62.91666667
3.025,53.58333333
2.879166667,59.54166667
5.204166667,91.54166667
2.516666667,96.33333333
1.383333333,86.95833333
5.733333333,95.33333333
3.816666667,71.58333333
3.295833333,63.45833333
3.091666667,57.83333333
1.975,57.91666667
1.25,64.875
3.5,87.54166667
2.9125,98.25
4.0375,96.875
3.254166667,93.75
5.604166667,98.20833333
7.75,96.79166667
3.241666667,94.16666667
3.5,99.75
2.6875,95.66666667
2.683333333,97.04166667
2.670833333,94.95833333
1.6,97.33333333
5.1375,99.33333333
8.791666667,99.70833333
2.1875,97.20833333
1.679166667,91.54166667
3.229166667,94.20833333
6.408333333,99.16666667
5.754166667,95.08333333
3.308333333,96.70833333
3.545833333,98.66666667
4.304166667,100
2.108333333,96.91666667
3.608333333,98.875
3.583333333,97.04166667
2.683333333,95.875
6.1375,99.29166667
6.645833333,85.70833333
4.604166667,84.83333333
2.470833333,79.875
2.183333333,83.125
2.720833333,92.375
8.591666667,77.20833333
5.433333333,69.16666667
2.670833333,68.83333333
2.108333333,66.91666667
1.870833333,73.29166667
2.054166667,86.16666667
3.3125,93.25
2.875,91.625
2.708333333,89.25
1.6875,92.41666667
1.545833333,91.16666667
1.633333333,92.33333333
1.920833333,95.54166667
2.525,94.54166667
3.129166667,92.375
2.420833333,90.20833333
2.05,92.58333333
2,93.91666667
1.5875,97.25
2.095833333,96.33333333
2.720833333,95.29166667
2.35,91.91666667
2.941666667,91.125
3.395833333,92.54166667
2.933333333,90.375
2.8375,85.95833333
3.3125,76.625
2.716666667,83
2.495833333,90.79166667
2.675,90.375
2.1625,91.70833333
2.6875,92.83333333
3.35,76.66666667
1.975,78.45833333
2.358333333,86.70833333
2.216666667,88.41666667
4.15,94.04166667
4.666666667,95.54166667
12.34166667,96.20833333
4.616666667,95.875
8.445833333,99.45833333
4.0375,92.79166667
3.15,89.29166667
2.85,89.20833333
2.520833333,86
2.0125,78.29166667
2.254166667,86.08333333
2.2875,84.04166667
1.741666667,90.08333333
2.816666667,96.5
1.8125,91.95833333
2.016666667,93
2.8125,90.875
2.141666667,89.16666667
4.745833333,82.875
3.8125,78.5
3.1125,76.54166667
3.025,89
4.254166667,90.375
7.070833333,94.45833333
2.804166667,88.58333333
2.270833333,83.16666667
3.083333333,89.79166667
2.895833333,86.58333333
2.391666667,76.91666667
2.366666667,69.45833333
3.108333333,74.58333333
2.658333333,82.58333333
2.920833333,89.75
2.370833333,88.75
3.2375,91
3.3,91.16666667
3.466666667,88.375
2.033333333,84.91666667
2.908333333,82.83333333
4.466666667,81.5
2.8875,93.66666667
4.166666667,87.58333333
3.675,87.79166667
2.870833333,85.375
3.2,87.04166667
3.266666667,89.75
4.5625,92
4.241666667,86.79166667
4.541666667,90.29166667
3.283333333,86.04166667
1.791666667,74.95833333
4.15,88.70833333
3.720833333,83.83333333
3.333333333,82.04166667
5.529166667,85.25
6.733333333,80.875
5.654166667,79.83333333
5.466666667,71.91666667
3.679166667,77.04166667
5.666666667,81.08333333
5.1125,90.20833333
4.941666667,81.16666667
6.920833333,85.54166667
3.266666667,84.83333333
2.35,78.20833333
2.966666667,75.45833333
4.920833333,80.25
3.120833333,77.70833333
6.579166667,84.83333333
6.720833333,69.125
5.9125,66.20833333
3.0875,63.375
3.275,69.79166667
3.220833333,75.25
4.045833333,79.79166667
5.208333333,83.125
6.916666667,85.41666667
5.091666667,86.25
6.5875,84.66666667
8.266666667,79.16666667
7.075,88.91666667
5.483333333,76.79166667
4,71.25
6.0375,81.91666667
5.308333333,79.70833333
2.529166667,62.95833333
4.495833333,69.375
4.995833333,74.91666667
6.491666667,77.95833333
6.870833333,81.79166667
8.083333333,82.875
6.604166667,80.75
4.170833333,78.91666667
4.2875,78.625
6.4,80.70833333
5.983333333,79.58333333
8.754166667,81.79166667
8.383333333,74.79166667
5.516666667,79.95833333
2.704166667,89.95833333
6.3,81.83333333
6.725,83.54166667
5.216666667,81.04166667
6.120833333,81
5.983333333,79.5
6.4375,80.25
5,81.91666667
6.070833333,82.16666667
6.4375,86.375
6.654166667,82.33333333
6.645833333,78.125
6.416666667,79.66666667
6.291666667,80.875
5.75,75.66666667
5.629166667,76.25
5.1875,72.125
5.5125,73.75
5.325,80.54166667
6.1125,80.91666667
8.345833333,85
6.1,79.16666667
5.6375,75.79166667
5.320833333,74.16666667
3.091666667,66.04166667
2.679166667,49.16666667
6.370833333,73.41666667
3.4625,88.5
4.570833333,75.29166667
5.354166667,65.95833333
7.329166667,69.41666667
7.383333333,75.95833333
7.891666667,77.125
6.475,71.33333333
6.6625,71.75
7.729166667,75.66666667
6.770833333,70.25
6.1125,67.08333333
7.191666667,69.70833333
6.891666667,72.75
7.5375,74.58333333
7.5875,75.125
5.566666667,58.125
6.1625,63.125
6.016666667,76.875
6.466666667,76.75
5.55,65.58333333
4.870833333,49.20833333
5.683333333,45.625
5.783333333,70.25
6.104166667,67.75
7.045833333,73.45833333
7.779166667,75.79166667
7.179166667,72.08333333
7.3875,76.91666667
7.6875,74.54166667
6.5625,71.70833333
5.708333333,74.04166667
5.966666667,74.83333333
6.308333333,73.20833333
5.783333333,71
7.958333333,80.79166667
6.091666667,69
6,67.75
5.679166667,69.79166667
5.925,68.29166667
3.195833333,73.41666667
5.516666667,64.66666667
7.383333333,69.54166667
8.5875,73.29166667
7.329166667,75.125
5.316666667,68.45833333
6.329166667,75.04166667
7.158333333,76.41666667
4.7125,60.91666667
4.354166667,48
4.8125,52.125
6.091666667,60.66666667
7.654166667,62.75
7.304166667,72
6.633333333,74.41666667
6.9,73.54166667
5.1875,75.79166667
4.116666667,69.91666667
4.791666667,75
6.033333333,73.875
6.683333333,75.29166667
6.508333333,74.875
7.795833333,82.41666667
6.041666667,73.16666667
4.929166667,70.25
5.283333333,74.70833333
4.854166667,71.625
3.404166667,51.08333333
2.7625,39.58333333
5.258333333,51.5
6.15,70.125
6.283333333,75.16666667
5.804166667,72.20833333
6.604166667,77.66666667
5.591666667,73.125
5.204166667,72.54166667
5.220833333,73.375
5.345833333,70.08333333
4.708333333,61.91666667
4.520833333,54.125
5.8125,68.20833333
5.3125,73.95833333
5.783333333,76.04166667
5.070833333,73.95833333
6.766666667,75.66666667
7.041666667,79.375
6.9875,74.54166667
7.533333333,75.54166667
3.729166667,58.45833333
2.9625,41.29166667
2.308333333,30.79166667
2.508333333,23.875
2.583333333,26.25
3.5625,34.58333333
5.425,43.625
5.891666667,74.58333333
5.133333333,71.79166667
7.341666667,86.91666667
6.304166667,76.25
5.15,79.58333333
4.2125,74.58333333
3.7375,66.08333333
2.3625,47.5
2.5875,27.16666667
3.941666667,33.33333333
7.845833333,74.41666667
4.533333333,63.54166667
2.041666667,49.16666667
4.620833333,61.41666667
5.3,71.5
4.3375,71.95833333
4.733333333,74
3.833333333,81.33333333
2.0375,86.75
3.525,82.33333333
5.033333333,75.5
5.758333333,79.20833333
3.570833333,68.16666667
3.754166667,76.70833333
3.841666667,80.5
2.633333333,80.16666667
2.245833333,63.91666667
3.429166667,67.5
4.233333333,82.54166667
2.945833333,76.29166667
1.895833333,59.33333333
2.841666667,53.625
3.645833333,64
3.05,58.20833333
3.645833333,75.54166667
5.129166667,86.125
5.575,86.04166667
3.904166667,84.04166667
3.9375,73.91666667
3.304166667,67.41666667
2.7625,69.66666667
2.383333333,69.58333333
2.1875,66.04166667
3.4,82.45833333
1.7375,70.58333333
2.0625,71.25
3.683333333,82.70833333
5.491666667,74.66666667
3.658333333,58.91666667
3.516666667,77.79166667
3.958333333,87.54166667
4.804166667,92
4.3625,79.66666667
5.508333333,63.91666667
2.075,69.75
3.079166667,70.375
1.816666667,74
3.9875,95.125
4.754166667,95.29166667
3.4875,85
2.483333333,76.875
3.441666667,79.79166667
2.7625,75.58333333
3.308333333,78.83333333
10.15,85.58333333
8.383333333,63.70833333
3.795833333,89.25
3.65,90.95833333
3.0125,84.875
3.608333333,84.75
3.095833333,85.25
2.475,77.45833333
3.433333333,88.45833333
6.029166667,92.66666667
2.741666667,79.54166667
2.8,71.41666667
3.316666667,68.08333333
2.920833333,59.79166667
2.808333333,57.66666667
2.345833333,67.29166667
2.341666667,59.08333333
2.470833333,74.25
5.883333333,97.29166667
2.304166667,85.75
2.729166667,90.83333333
3.9125,93.70833333
1.366666667,94.70833333
2.191666667,96
2.8,95.04166667
6.416666667,90.08333333
4.654166667,91.375
3.145833333,88.16666667
9.2625,92.45833333
5.891666667,81.20833333
5.175,74.95833333
1.9125,68.41666667
2.095833333,77.04166667
3.983333333,94.25
3.320833333,94.66666667
5.283333333,94.125
6.283333333,99.95833333
10.55833333,98.45833333
6.1,87.83333333
5.191666667,94.70833333
4.0625,93.20833333
3.595833333,72.20833333
1.8875,68.5
3.679166667,91.66666667
2.5125,79.79166667
2.195833333,91.08333333
3.1625,85.04166667
2.358333333,82.16666667
3.0375,86.375
2.908333333,94.25
6.216666667,94.29166667
5.933333333,97.08333333
6.204166667,98.91666667
2.1,94
1.6625,93.625
3.641666667,99.66666667
2.5,91.58333333
2.5375,92.875
3.516666667,93.16666667
6.5625,93.875
4.425,94.375
1.816666667,92.08333333
4.145833333,99.41666667
4.8,99
2.991666667,90.54166667
6.433333333,99.29166667
1.545833333,78.625
3.958333333,91.95833333
6.558333333,99.75
5.420833333,96.83333333
2.970833333,95.45833333
2.616666667,94.625
2.154166667,92.66666667
1.6875,88.375
1.866666667,91.45833333
5.270833333,98.54166667
4.004166667,92.79166667
7.320833333,86.5
6.391666667,79.66666667
2.566666667,98.5
2.970833333,88.66666667
2.791666667,89.5
2.683333333,89.625
2.925,90.20833333
3.1625,86.91666667
3.125,74.54166667
2.7125,80.33333333
2.116666667,91.625
2.145833333,92.375
2.333333333,95.75
3.291666667,92.58333333
5.095833333,91.58333333
3.641666667,86.5
2.658333333,88.58333333
8.883333333,94.5
5.341666667,90.95833333
4.4625,94.83333333
2.5,84.04166667
3.316666667,87.5
4.058333333,86.16666667
2.004166667,68.33333333
1.808333333,76.95833333
1.316666667,83.20833333
3.245833333,91.54166667
2.6125,89.125
3.35,92.75
3.641666667,81.91666667
3.1125,93.29166667
2.104166667,96.20833333
3.716666667,96.79166667
9.5875,98.20833333
6.954166667,88.75
5.395833333,93.54166667
2.925,89.45833333
3.7125,95.70833333
5.233333333,93.91666667
8.370833333,95.79166667
6.254166667,95.91666667
6.0875,98.08333333
4.2375,89.75
3.620833333,86.54166667
3.325,87.91666667
2.383333333,85.29166667
3.195833333,92.16666667
3.3,94.75
4.9875,95.08333333
5.395833333,95.16666667
4.533333333,88.20833333
3.7625,86.04166667
4.129166667,90.875
3.808333333,88.83333333
4.720833333,87.54166667
6.1625,90.45833333
6.745833333,83.08333333
3.475,82.70833333
4.520833333,88.75
4.479166667,90.5
4.241666667,90.70833333
2.529166667,87.95833333
3.2125,88.125
4.6875,89.08333333
3.729166667,79.75
2.5375,70.625
5.245833333,91.29166667
3.65,95.54166667
3.325,95.95833333
3.833333333,97.33333333
3.045833333,91.58333333
4.941666667,93.25
4.7875,85.66666667
6.4125,86.625
5.9,81.29166667
3.5125,76.29166667
2.504166667,65.125
2.454166667,60.25
2.791666667,68.5
3.533333333,75.58333333
4.079166667,89.83333333
6.85,94.5
4.95,87.70833333
6.929166667,86.125
6.375,77.91666667
4.820833333,84
6.679166667,92.25
5.970833333,85.45833333
6.654166667,91.75
6.6625,75.5
3.129166667,75.54166667
3.291666667,83.33333333
2.554166667,88.625
4.3125,90.08333333
4.1875,88.45833333
3.058333333,93.95833333
3.4375,89.83333333
4.025,89.95833333
4.933333333,88.20833333
4.191666667,85.91666667
3.704166667,83.58333333
4.7625,85.08333333
6.15,86.41666667
5.079166667,84.875
5.879166667,84.91666667
5.366666667,82.33333333
4.304166667,71.45833333
5.4375,74.70833333
9.708333333,82.25
9.170833333,80.66666667
4.820833333,85.41666667
4.820833333,82.875
5.525,86.58333333
6.054166667,85.5
6.541666667,87.04166667
6.379166667,82.33333333
4.466666667,73.375
3.970833333,66.75
5.354166667,76.91666667
4.541666667,71.54166667
4.125,63.08333333
5.708333333,66.04166667
3.883333333,65.04166667
2.7375,56
4.0375,61.125
5.270833333,68.08333333
6.783333333,75.66666667
6.25,74.20833333
6.879166667,80.66666667
7.166666667,81.58333333
7.291666667,74.33333333
4.733333333,66.83333333
7.4125,73.29166667
8.129166667,79.79166667
8.9625,76.5
8.008333333,74.54166667
3.891666667,75.83333333
5.333333333,78.5
3.795833333,63.95833333
3.720833333,61.125
5.15,59.70833333
5.741666667,60.04166667
8.058333333,76.91666667
7.670833333,69.66666667
6.058333333,67
5.245833333,59.5
5.2875,61.83333333
5.004166667,58.29166667
5.483333333,59.25
7.720833333,77.125
6.295833333,69.66666667
7.6375,71.33333333
7.554166667,74.75
6.816666667,67.375
7.1625,69.58333333
7.6625,78.125
8.175,78.75
8.066666667,78.5
7.245833333,79.45833333
7.375,77.41666667
6.9125,67.79166667
5.504166667,66.75
7.179166667,75.29166667
5.0625,60.58333333
5.725,57
7.095833333,61.58333333
7.804166667,73.16666667
8.516666667,77.75
7.116666667,78.70833333
6.004166667,71.79166667
6.054166667,67.58333333
6.691666667,72.33333333
5.658333333,63.875
5.45,60.66666667
6.3625,61.41666667
6.408333333,62.125
3.479166667,49.95833333
5.691666667,42.91666667
6.241666667,46.45833333
6.295833333,44.875
6.7875,56.29166667
5.925,65.79166667
5.791666667,65.5
6.083333333,61.75
6.370833333,69.375
7.395833333,74.83333333
6.229166667,71.45833333
7.3625,75
6.679166667,72.375
6.683333333,73.08333333
6.154166667,71.45833333
6.175,69.54166667
4.945833333,66.75
4.7625,59
5.029166667,51.75
5.7125,56.125
6.05,67.375
5.0125,60.45833333
5.683333333,60
5.75,64.20833333
5.566666667,69.375
5.491666667,72
6.175,70.66666667
6.333333333,76.08333333
5.7125,69
5.479166667,70.375
5.770833333,70.25
5.570833333,76.04166667
5.6875,76.33333333
4.416666667,71.625
5.791666667,78.125
6.583333333,74.75
6.804166667,82.16666667
6.308333333,80
6.0625,75.66666667
8.216666667,83.70833333
7.1375,78.08333333
4.529166667,70.79166667
3.6375,59.625
3.358333333,47.79166667
5.379166667,73.66666667
4.65,67.375
5.958333333,70.91666667
6.554166667,78.125
8.075,78.125
3.904166667,72
2.9625,70.66666667
4.141666667,71.16666667
2.641666667,63.91666667
2.445833333,49.83333333
2.6875,40
4.825,44
6.6875,60.29166667
9.125,79.79166667
7.325,77.66666667
5.020833333,68.54166667
3.908333333,63.375
2.8125,40.08333333
3.358333333,29.20833333
3.875,36.20833333
5.970833333,66.625
5.825,70.83333333
6.9625,79.20833333
5.45,76.25
6.1,84.08333333
2.925,80.41666667
4.225,80.04166667
5.016666667,72.04166667
3.7625,60
2.475,39.04166667
2.2,29.70833333
3.6,43.41666667
4.295833333,72.41666667
3.9125,78.45833333
3.858333333,79.625
4.354166667,81.75
6.795833333,94.66666667
8.470833333,90.20833333
8.733333333,96.25
3.695833333,84.625
4.645833333,82.25
4.3125,68.41666667
3.254166667,64.70833333
2.495833333,81.91666667
2.966666667,82.75
5.125,81.91666667
7.2875,86
5.466666667,84.33333333
4.245833333,82.54166667
3.920833333,91.66666667
3.05,95.45833333
4.345833333,90.70833333
6.85,92.33333333
4.708333333,87.29166667
3.183333333,88.91666667
2.570833333,85.25
2.3625,80
2.333333333,83.04166667
2.95,90.66666667
2.454166667,91.83333333
1.891666667,86.58333333
1.716666667,86.91666667
2.091666667,84.625
2.308333333,89.29166667
3.3125,85.375
2.3,88
1.475,90.79166667
1.65,89.66666667
4.570833333,95.25
5.1125,85
2.95,75.58333333
5.058333333,71.66666667
7.420833333,94.45833333
2.5625,96.20833333
3.641666667,91.79166667
3.020833333,89.41666667
3.495833333,88.54166667
1.675,78.83333333
2.783333333,85.95833333
6.341666667,97.375
5.120833333,88.33333333
5.508333333,92.91666667
3.516666667,79.54166667
2.55,93.625
4.475,83.75
5.65,74.20833333
3.4625,86.08333333
2,91.375
2.470833333,94.20833333
3.691666667,87.75
3.825,92.125
6.2125,99.70833333
3.520833333,97.58333333
5.816666667,100
2.5625,93.625
1.970833333,93.29166667
2.258333333,95.5
5.041666667,99.08333333
9.104166667,99.91666667
7.691666667,88.33333333
3.283333333,78.79166667
3.179166667,81.20833333
3.029166667,88.08333333
2.970833333,89.125
2.975,93.54166667
2.5875,84.91666667
6.975,97.875
4.066666667,90.83333333
3.470833333,89.70833333
2.754166667,83.29166667
2.329166667,83.91666667
3.441666667,90.83333333
3.245833333,93.91666667
3.908333333,95.75
2.954166667,84.33333333
4.879166667,93.79166667
3.395833333,97.16666667
9.095833333,98.25
4.954166667,99.95833333
3.520833333,86.33333333
2.595833333,85.375
7.558333333,98.66666667
12.6375,100
5.616666667,99.29166667
9.204166667,99.83333333
4.791666667,96.125
2.441666667,96.70833333
3.045833333,93.5
2.4875,92.08333333
2.9,94.08333333
2.720833333,92.58333333
2.320833333,95.875
7.866666667,99.29166667
3.991666667,98.5
8.420833333,96.875
6.316666667,96.58333333
7.104166667,97.125
2.8875,96.125
3.158333333,94.29166667
2.3625,93.16666667
2.620833333,91.20833333
2.5,85.625
3.091666667,85.54166667
3.425,91
2.920833333,88.95833333
2.641666667,90.95833333
3.9375,90.25
6.333333333,99.375
7.116666667,97
3.6875,95.91666667
6.566666667,97.20833333
6.883333333,97.70833333
7.204166667,100
4.716666667,99.875
6.545833333,99.95833333
3.304166667,97.83333333
3.895833333,94.5
2.341666667,91.5
2.195833333,91.91666667
2.329166667,87.375
3.675,92
5.470833333,94.125
8.783333333,98.29166667
5.208333333,97.95833333
6.766666667,96.91666667
10.81666667,98.70833333
5.320833333,95.75
5.179166667,90.54166667
3.5625,88.83333333
3.008333333,86.95833333
1.725,85.83333333
3.1125,87.625
3.15,88.375
3.495833333,88.375
2.7125,87.29166667
2.720833333,89.625
1.804166667,89.66666667
5.879166667,94.79166667
6.5125,90.16666667
3.495833333,90.66666667
1.908333333,90.25
3.366666667,92.25
2.404166667,93.625
2.466666667,95.95833333
2.6875,92.16666667
3.058333333,90.41666667
2.254166667,84.79166667
2.1375,84.875
2.929166667,90.58333333
3.383333333,92.29166667
1.4625,76.54166667
2.0375,86.41666667
1.583333333,87.20833333
5.425,95.91666667
6.0875,96.58333333
5.391666667,92.83333333
3.679166667,87.20833333
4.45,98.54166667
3.375,92.33333333
3.966666667,90.5
5.479166667,89.33333333
5.425,87.25
4.2875,88
7.8375,85.70833333
7.85,82.45833333
2.804166667,82.625
2.975,88.79166667
3.779166667,83.75
3.329166667,84.45833333
2.616666667,73.45833333
7.558333333,84.125
6.6125,94.25
5.3,89.58333333
2.666666667,83.54166667
2.770833333,89.70833333
6.083333333,86.20833333
7.133333333,97.625
6.5625,91.16666667
4.833333333,83.45833333
2.645833333,81.5
4.520833333,93.125
2.520833333,95.45833333
2.391666667,92.83333333
3.345833333,84.29166667
4.175,85.83333333
3.745833333,83.20833333
4.2,90.125
6.6375,90.45833333
5.945833333,93.91666667
5.495833333,90.75
5.8,96.29166667
5.770833333,84
6.620833333,78.70833333
4.154166667,77.54166667
3.366666667,82.16666667
4.941666667,80.08333333
4.283333333,82.5
3.079166667,78.5
5.2375,84.04166667
8.075,90.20833333
5.883333333,86.29166667
3.516666667,82.04166667
3.941666667,85
5.304166667,84.08333333
6.495833333,87.08333333
4.825,89.20833333
7.658333333,82.33333333
6.395833333,81.04166667
5.429166667,83.66666667
6.808333333,87.04166667
8.225,94
5.683333333,79
4.570833333,78.16666667
3.083333333,74.25
3.058333333,70.70833333
2.6625,62.95833333
2.9875,74.79166667
4.291666667,77.75
6.470833333,76.08333333
6.733333333,83
4.4125,84.125
4.454166667,81.45833333
5.733333333,83.375
7.8,86.66666667
8.4,84.45833333
5.925,82.33333333
6.541666667,83.29166667
5.345833333,77.75
5.891666667,81.45833333
7.891666667,79.95833333
4.566666667,72.66666667
6.441666667,76.33333333
5.7375,77.25
3.595833333,85.04166667
6.958333333,82.20833333
7.7875,80.04166667
7.629166667,81
5.504166667,80.70833333
5.15,74
5.333333333,71.45833333
5.9625,77.625
5.820833333,74.625
4.945833333,69.04166667
4.125,55.33333333
5.754166667,59.70833333
6.920833333,71.33333333
5.158333333,66.29166667
5.3125,59.25
5.520833333,67.29166667
6.35,85.25
6.358333333,75.20833333
6.7,78.20833333
6.925,81.75
6.870833333,71.625
7.3625,77.04166667
7.683333333,79.33333333
8.170833333,82.91666667
6.641666667,75.79166667
5.1625,69.58333333
5.304166667,64.45833333
5.491666667,68.83333333
6.1625,58.91666667
5.9875,51.08333333
6.470833333,49
7.075,58.79166667
7.55,71.79166667
7.916666667,66.58333333
6.2,64.625
6.6625,64.95833333
6.708333333,67.16666667
6.133333333,57.875
5.654166667,49.58333333
7.708333333,55.95833333
7.8625,72.16666667
7.125,73.83333333
7.941666667,79.625
6.891666667,75.54166667
4.166666667,56.83333333
5.675,54.875
6.875,69.41666667
5.066666667,72.33333333
4.354166667,61.41666667
4.658333333,53
7.220833333,67.95833333
6.625,64.79166667
5.016666667,60
5.583333333,50.41666667
5.141666667,42.91666667
4.7375,33.375
3.295833333,39.95833333
5.420833333,47.41666667
6.2625,53.125
6.7,67.54166667
6.275,75.08333333
6.345833333,68.58333333
6.4875,76.79166667
6.079166667,75.29166667
5.608333333,68.95833333
7.095833333,74.58333333
7.95,79.58333333
8.516666667,81.79166667
6.591666667,76.58333333
4.7375,69.125
4.766666667,64.25
5.104166667,68.25
5.3625,72.375
5.416666667,74.54166667
5.433333333,73.20833333
4.525,71.91666667
5.6875,74.375
7.020833333,75.66666667
4.691666667,59.29166667
3.070833333,46.375
3.783333333,47.875
4.329166667,50.20833333
6.8375,67.83333333
6.375,71.95833333
2.675,49.375
3.329166667,25.04166667
2.695833333,24.5
5.8,38.20833333
5.966666667,66.41666667
4.95,73.58333333
6.204166667,76.08333333
5.6125,79.70833333
4.170833333,81.08333333
3.229166667,66.91666667
2.991666667,51
4.2375,55.125
6.316666667,68.79166667
6.6875,83.29166667
7.0125,79.91666667
4.866666667,75.95833333
4.191666667,74.08333333
5.708333333,75.70833333
7.595833333,83.25
5.529166667,72.41666667
6.929166667,84.91666667
5.679166667,74.625
2.95,71.54166667
4.395833333,63.04166667
3.883333333,58
3.7,55.41666667
3.395833333,44.625
2.9875,41.5
3.354166667,43.41666667
5.116666667,75.20833333
5.3625,75.58333333
6.520833333,60.16666667
6.0625,51.375
3.679166667,69
3.266666667,61
3.3,44.70833333
3.066666667,38.375
4.070833333,47.83333333
6.104166667,51.875
4.525,36.70833333
4.683333333,58.375
5.125,68.16666667
5.358333333,48.54166667
4.104166667,62.16666667
4.095833333,43.41666667
2.8,29.75
2.316666667,28.45833333
2.579166667,42.625
3.395833333,56.95833333
6.070833333,89.41666667
4.908333333,81.79166667
3.895833333,76.20833333
3.9125,75.58333333
3.875,58.83333333
3.158333333,43.45833333
2.5625,42.20833333
1.979166667,43.66666667
2.3375,46.29166667
2.191666667,63.33333333
2.879166667,82.45833333
7.054166667,88.33333333
2.2,81.83333333
2.829166667,82.70833333
3.229166667,81.91666667
4.679166667,86.79166667
4.2375,80.91666667
3.6625,80.29166667
2.641666667,79.95833333
2.029166667,66.41666667
5.383333333,88.375
4.408333333,87.91666667
3.608333333,92.125
2.266666667,87.125
2.5875,85.875
3.545833333,89.79166667
2.516666667,78.75
5.379166667,76.33333333
4.291666667,99.625
3.808333333,78.79166667
1.729166667,70.83333333
1.454166667,72.5
2.370833333,75.41666667
2.070833333,88.33333333
2.020833333,87.91666667
2.4,90.70833333
3.041666667,85.91666667
3.658333333,79.16666667
6.366666667,98.375
4.116666667,83.79166667
3.1875,87.45833333
3.420833333,85.33333333
2.816666667,85.33333333
1.5375,85.95833333
1.645833333,88.625
5.020833333,81.29166667
8.066666667,62.625
1.975,50.08333333
3.275,61.95833333
3.479166667,51
3.341666667,56.625
3.545833333,64.20833333
3.195833333,62.125
3.35,54.66666667
3.325,59.375
3.125,72.95833333
3.066666667,71.625
2.245833333,70.75
11.2,61.08333333
3.758333333,51.83333333
2.5125,50.41666667
3.5125,74.29166667
4.775,87.33333333
3.783333333,66.16666667
2.279166667,50.83333333
1.845833333,66.29166667
2,73.875
1.983333333,64.29166667
1.845833333,76.95833333
2.316666667,85.5
2.583333333,83.54166667
2.495833333,83.83333333
2.120833333,90.08333333
2.508333333,90.95833333
1.995833333,76.95833333
2.208333333,70.83333333
3.229166667,79.875
4.258333333,87.04166667
3.1,91.79166667
2.75,80.41666667
2.383333333,86.625
3.879166667,91.66666667
3.6875,88.41666667
3.166666667,89.41666667
2.0625,88.20833333
3.275,89.70833333
3.7,84.58333333
2.675,79.79166667
2.008333333,79.125
1.491666667,88.45833333
2.095833333,86.70833333
4.241666667,91.54166667
3.608333333,78.16666667
4.15,81.83333333
2.6375,81
3.704166667,83.91666667
1.704166667,78.20833333
4.875,88.25
3.625,78.25
2.445833333,75
3.5,76.875
3.391666667,81.625
3.029166667,82.45833333
2.483333333,79.58333333
2.658333333,82.66666667
2.75,68.91666667
3.0625,81.875
2.404166667,75
2.366666667,73.25
2.920833333,67.16666667
3.5875,58.75
2.183333333,59.83333333
2.05,61.625
2.6375,66.91666667
4.683333333,71.16666667
5.345833333,70.95833333
4.029166667,75.83333333
2.179166667,59.33333333
3.666666667,64.5
4.466666667,66.54166667
2.858333333,57.91666667
2.479166667,69.5
8.129166667,74.70833333
5.8125,67.29166667
2.933333333,64.95833333
2.408333333,67.79166667
6.470833333,76.04166667
4.941666667,65.33333333
4.7875,81.91666667
3.691666667,74.04166667
5.45,77.58333333
5.0125,58.79166667
4.2125,82.83333333
8.4375,87.95833333
5.4375,79.375
3.754166667,80.29166667
2.5125,69
3.3,65.70833333
2.558333333,54.83333333
3.4125,61.25
2.5875,80.33333333
2.704166667,81.08333333
1.570833333,88.20833333
1.9875,75.5
4.770833333,78.41666667
4.995833333,84.79166667
3.795833333,82.91666667
5.741666667,80.625
5.295833333,80.20833333
2.879166667,80.95833333
1.7375,70.41666667
2.970833333,62.66666667
4.7125,83.875
5.395833333,89.375
6.779166667,84
3.704166667,73.5
4.4,77.16666667
4.204166667,74.70833333
4.958333333,75.70833333
3.654166667,76.41666667
3,76.45833333
2.670833333,68.04166667
2.329166667,63.70833333
3.370833333,75.54166667
4.654166667,81.58333333
5.279166667,81.41666667
3.408333333,77.875
3.320833333,73.33333333
2.7125,75.70833333
5.075,87.83333333
5.3,83.33333333
4.625,79.08333333
2.283333333,72.08333333
3.958333333,80.33333333
5.391666667,79.79166667
5.554166667,72.66666667
4.195833333,73.79166667
2.866666667,74
5.891666667,77.5
4.916666667,78.95833333
2.7875,70.70833333
3.133333333,72
4.758333333,78.79166667
4.004166667,78.70833333
2.820833333,73.08333333
2.545833333,70.625
2.604166667,73.66666667
3.220833333,75.125
4.0875,73.70833333
5.445833333,74.04166667
4.4,72.66666667
4.691666667,75.54166667
5.291666667,77.41666667
5.275,76.875
5.325,76.5
4.25,73.95833333
4.458333333,77.45833333
3.05,66.41666667
4.570833333,75.95833333
5.3625,76.91666667
4.716666667,73.25
5.033333333,81.16666667
6.166666667,75.66666667
6.254166667,77.75
5.666666667,62.5
4.170833333,60.83333333
5.108333333,74.45833333
5.05,71.375
4.625,72.45833333
4.583333333,72.20833333
5.4375,76.25
6.133333333,76.20833333
7.9,76.5
7.1,77.75
5.391666667,73.33333333
6.283333333,75.66666667
5.595833333,72.91666667
4.654166667,74.33333333
4.279166667,77.41666667
4.816666667,77.54166667
3.966666667,69.25
3.695833333,61.33333333
5.520833333,64.08333333
8.933333333,72.875
7.2625,71.66666667
4.195833333,62.70833333
3.2,55.75
4.679166667,57.04166667
7.175,70.25
7.083333333,74.95833333
7.275,76.08333333
6.604166667,71.45833333
5.8875,70.20833333
7.170833333,71.20833333
5.9125,60.79166667
4.570833333,66.04166667
4.675,61.5
6.304166667,67.75
6.779166667,70.29166667
7.383333333,74.70833333
6.679166667,70.58333333
4.675,71.79166667
4.275,70.83333333
5.029166667,66.75
5.933333333,68.45833333
5.1125,65.83333333
3.770833333,58.5
4.633333333,51.54166667
6.2,67.25
6.333333333,72.29166667
6.308333333,66.75
7.191666667,69.25
7.345833333,72
5.266666667,61.375
4.720833333,55.75
6.158333333,65.04166667
5.225,65.375
6.233333333,68.45833333
5.345833333,64.91666667
3.475,56.16666667
4.766666667,53
5.654166667,50.83333333
6.329166667,57.375
5.979166667,52.75
5.916666667,56.91666667
4.891666667,61.375
4.25,56.625
4.9875,56.08333333
5.966666667,63.33333333
5.808333333,60.91666667
5.3125,59.08333333
4.929166667,59.875
4.804166667,57.75
5.183333333,52.70833333
5.7875,52.33333333
5.333333333,58.58333333
5.220833333,67.95833333
5.358333333,61.04166667
5.754166667,60.58333333
5.554166667,61.16666667
5.729166667,66.58333333
6.808333333,71.41666667
5.558333333,66.58333333
5.745833333,67.41666667
5.566666667,62.79166667
5.4375,64.125
5.945833333,67.66666667
6.3625,69.125
4.9,60.20833333
5.266666667,56.08333333
5.283333333,62.125
4.341666667,58.125
4.695833333,66.04166667
4.333333333,60.5
3.983333333,53.45833333
4.9,51.79166667
5.870833333,66.20833333
5.3125,62.625
5.6375,65.41666667
5.945833333,70.83333333
5.425,70.70833333
4.708333333,62.70833333
3.804166667,57
4.120833333,47.04166667
4.8125,59.45833333
5.608333333,68.54166667
4.6375,72.20833333
3.920833333,71.04166667
4.816666667,73.54166667
4.745833333,66.95833333
4.291666667,70.04166667
5.041666667,67.83333333
5.55,69.75
4.833333333,69.25
4.2,70.79166667
3.975,72.58333333
4.791666667,71.625
4.729166667,71.33333333
4.529166667,65.83333333
4.070833333,65.45833333
4.1375,62.20833333
4.8125,69.125
3.825,63
4.129166667,62
5.341666667,67.58333333
4.683333333,67.33333333
5.116666667,68.125
6.245833333,70.16666667
6.254166667,73.91666667
5.225,73.08333333
4.366666667,67.41666667
6.095833333,74.54166667
4.308333333,72.41666667
5.170833333,75.375
5.108333333,73.08333333
3.825,62.70833333
3.025,38.54166667
3.483333333,43.20833333
3.6,58.33333333
4.4,67.58333333
2.616666667,58.58333333
2.595833333,56.29166667
2.529166667,53.25
3.854166667,60.29166667
4.854166667,74.29166667
3.8375,75.5
2.15,68.54166667
2.3625,63.625
2.829166667,71.79166667
2.795833333,77.04166667
4.116666667,79.625
3.8,71.375
6.0125,65.33333333
6.491666667,40.41666667
3.816666667,47.70833333
3.920833333,70.875
3.220833333,68.83333333
2.420833333,71.41666667
3.2,60.83333333
3.595833333,56.58333333
3.191666667,60.75
2.891666667,48.125
2.808333333,50.625
2.245833333,57.375
1.8875,60.79166667
2.341666667,45.125
2.529166667,49.54166667
2.679166667,67.875
3.8625,77.25
3.541666667,79.04166667
3.275,79.25
2.841666667,72.5
2.254166667,58.375
3.370833333,75.95833333
4.8,81.58333333
5.108333333,76.45833333
5.445833333,58.83333333
3.55,42.375
3.2125,48.79166667
2.758333333,55.33333333
4.104166667,45.5
3.329166667,71
4.129166667,64.04166667
3.5375,46.91666667
2.979166667,31.33333333
4.120833333,28.45833333
2.545833333,23.83333333
2.308333333,25.875
3.1625,28.58333333
3.004166667,24.58333333
2.254166667,29.79166667
2.804166667,29
2.766666667,28.75
2.066666667,36.29166667
2.1625,74.29166667
1.754166667,70.70833333
2.2375,53.25
2.870833333,54.25
5.008333333,88.83333333
5.3875,81.04166667
5.241666667,90.66666667
3.845833333,84.125
2.6375,70.125
2.241666667,73.20833333
2.779166667,89.08333333
4.504166667,86
9.529166667,82.33333333
5.3125,79.16666667
5.895833333,83.20833333
2.466666667,74.5
3.333333333,67.04166667
4.491666667,64.5
3.616666667,78.91666667
2.591666667,74.08333333
1.9125,75.16666667
2.566666667,75.16666667
2.183333333,89.33333333
3.720833333,85.66666667
3.295833333,82.16666667
4.133333333,76.625
3.583333333,68.83333333
5.054166667,86.625
2.9375,84.83333333
5.641666667,90.70833333
2.691666667,81.33333333
2.370833333,84.875
2.55,88.25
1.816666667,91.20833333
2.725,87.25
2.245833333,76.91666667
2.329166667,69.83333333
4.304166667,84.08333333
5.008333333,82.91666667
4.091666667,84.91666667
7.404166667,70.625
4.908333333,61.29166667
2.766666667,65.25
3.6125,89.125
6.045833333,74.70833333
3.054166667,51.25
2.2125,53.29166667
2.566666667,61.91666667
3.391666667,75.33333333
7.716666667,87.08333333
8.15,88.75
3.35,82.16666667
5.604166667,89.5
4.7375,89.08333333
2.295833333,85.08333333
4.4875,85.25
3.404166667,85.58333333
3.908333333,82.79166667
5.870833333,77.375
7.5125,85.5
10.13333333,88.08333333
5.741666667,87.91666667
2.070833333,76.20833333
1.7875,76.41666667
6.254166667,88.875
4.758333333,80.16666667
3.533333333,69.08333333
2.833333333,70.16666667
2.829166667,81.29166667
3.008333333,83.58333333
3,76.75
2.558333333,73.08333333
1.879166667,81.91666667
2.216666667,87.83333333
1.891666667,82.625
2.304166667,87
7.395833333,86.625
11.15416667,81.08333333
7.420833333,85.375
7.783333333,83.75
4.7625,73.625
3.220833333,78.54166667
2.816666667,70.58333333
4.141666667,85.20833333
5.458333333,80.5
4.525,79.91666667
2.2,70.75
5.8625,74.54166667
10.3625,88.04166667
8.783333333,84.79166667
5.316666667,81.66666667
6.104166667,80.08333333
4.970833333,80.125
4.766666667,71.66666667
3.695833333,75.79166667
5.554166667,83.04166667
5.979166667,74.5
3.366666667,67.25
2.625,69.75
2.358333333,77.91666667
6.770833333,85.625
8.983333333,85.79166667
6.7375,86.75
2.5875,77.95833333
1.879166667,74.70833333
4.375,88.66666667
3.833333333,88.79166667
2.704166667,80
5.245833333,86.33333333
7.508333333,85.625
4.0625,83.33333333
5.254166667,77.45833333
5.0375,86.20833333
3.1125,81.04166667
3.275,78.54166667
7.3375,82.5
5.7,69.83333333
3,71.41666667
2.6,66.91666667
2.2,73.95833333
2.1375,66.08333333
2.6875,71.45833333
3.004166667,76
4.554166667,83.45833333
2.879166667,76.29166667
3.1875,83.41666667
3.6625,79.125
2.295833333,77
4.695833333,87.04166667
2.945833333,79.95833333
6.333333333,83.625
4.054166667,79.95833333
3.775,79.16666667
3.241666667,80.5
2.583333333,78.29166667
1.825,73.375
4.020833333,87.79166667
2.383333333,83.91666667
3.2,81.58333333
3.333333333,83.41666667
3.508333333,81.79166667
2.0125,81.375
3.908333333,85.66666667
7.483333333,76.83333333
5.5375,75.91666667
5.925,82.91666667
4.5375,79.95833333
3.029166667,80.83333333
5.233333333,82.91666667
3.541666667,79.54166667
4.595833333,80.625
2.820833333,79.45833333
2.120833333,75.04166667
3.608333333,77.79166667
7.4875,81.83333333
4.483333333,80.54166667
3.479166667,74.45833333
2.495833333,69.25
3.229166667,79.5
4.083333333,76.70833333
3.4875,75.25
4.666666667,81.25
3.8375,77.875
4.7625,79.91666667
5.408333333,73.95833333
3.316666667,74.66666667
3.704166667,72.66666667
3.4625,72.33333333
4.270833333,76.91666667
5.75,74
4.754166667,77.04166667
3.9125,78.45833333
3.816666667,79.20833333
4.5375,81.70833333
3.258333333,76.04166667
4.075,78.20833333
5.033333333,77.04166667
5.079166667,79.125
4.529166667,77.20833333
6.645833333,79.91666667
7.054166667,78.04166667
4.9125,73.58333333
5.345833333,80.75
4.579166667,80.20833333
4.658333333,76.33333333
8.783333333,79.58333333
5.9,75.375
4.25,79.625
4.4875,80.66666667
6.704166667,75.79166667
6.9125,78.66666667
4.7,81.375
4.641666667,77.41666667
5.416666667,78.08333333
5.154166667,76.875
3.4125,76.125
3.7625,73.29166667
4.570833333,77.16666667
3.920833333,73.375
3.483333333,68.70833333
5.029166667,69.16666667
7.875,72.625
6.158333333,63.66666667
5.625,53.41666667
2.395833333,48.83333333
2.2625,44.16666667
2.654166667,45.20833333
3.958333333,50.45833333
5.658333333,65.08333333
6.491666667,74.91666667
6.629166667,75
5.329166667,70.16666667
4.579166667,66.45833333
4.7,72.41666667
5.045833333,67.54166667
5.820833333,70.75
4.783333333,68.04166667
4.270833333,61.91666667
3.791666667,56.83333333
5.3875,64.66666667
6.579166667,70
6.775,72.25
5.5375,72.41666667
4.191666667,76.875
5,73.29166667
5.825,74.25
6.4375,75.08333333
6.679166667,77.58333333
6.641666667,72.54166667
5.308333333,69.70833333
5.879166667,70.25
6.633333333,72.70833333
7.275,73.79166667
7.054166667,76.79166667
5.1875,70.5
4.683333333,72.20833333
5.375,72.91666667
5.441666667,72.04166667
5.833333333,70.70833333
6.2875,75.75
6.341666667,73.20833333
6.858333333,71.20833333
4.479166667,65.33333333
6.283333333,70.41666667
5.833333333,69.58333333
5.3625,68.625
4.820833333,65.20833333
4.8125,58.83333333
5.65,61.08333333
4.454166667,47.70833333
5.6375,46.45833333
5,61.33333333
3.0875,54.45833333
5.483333333,56.54166667
7.829166667,74.95833333
6.929166667,72.95833333
5.454166667,67.08333333
6.341666667,75.75
5.3,70.91666667
4.375,63.91666667
5.679166667,68.95833333
4.866666667,64.79166667
5.745833333,67.29166667
7,70.41666667
6.854166667,73.83333333
5.35,70.95833333
4.716666667,71.45833333
4.666666667,63.91666667
4.395833333,61.79166667
3.341666667,57.41666667
3.070833333,46.625
3.591666667,46.20833333
5.058333333,55.45833333
6.445833333,71.04166667
5.616666667,70.33333333
4.979166667,71.5
5.6875,70.375
5.4625,68.66666667
4.5375,63.29166667
5.016666667,66.54166667
4.0875,61.91666667
3.620833333,51.91666667
3.783333333,44.66666667
4.758333333,46.91666667
5.495833333,67.29166667
5.55,71.375
4.3,70.33333333
4.233333333,65.29166667
4.604166667,63
5.295833333,68.125
5.4125,67.54166667
4.8625,65.70833333
5.475,69.83333333
4.75,72.54166667
7.3,79.95833333
5.529166667,73.75
6.404166667,73.91666667
5.4875,73.375
3.129166667,62.66666667
2.070833333,46.70833333
2.575,29.125
4.366666667,49.45833333
5.954166667,75.54166667
4.7625,76.91666667
3.783333333,68.16666667
5,79.25
3.770833333,68.375
3.704166667,61.95833333
2.854166667,56.91666667
4.0125,60.29166667
3.825,61.58333333
3.304166667,40.91666667
1.995833333,44.66666667
5.766666667,68.45833333
6.304166667,77.29166667
8.641666667,66.625
4.9125,71
4.45,69
3.7875,65.83333333
2.804166667,62.91666667
5.4,77
4.379166667,64.41666667
3.408333333,48.54166667
1.758333333,32.33333333
2.2625,35.54166667
3.8625,61.25
5.45,54.41666667
3.383333333,26.83333333
2.366666667,27.83333333
1.9125,30.75
2.841666667,56.33333333
2.729166667,68.83333333
2.158333333,68.20833333
3.425,79.25
6.3125,76.29166667
4.675,82.25
4.141666667,84.04166667
4.495833333,66.29166667
4.641666667,54.29166667
3.6625,37.625
3.808333333,44.29166667
3.604166667,28.58333333
3.104166667,28.54166667
3.054166667,59.875
8.716666667,34.33333333
2.879166667,31.20833333
3.679166667,46.79166667
3.058333333,26.29166667
2.775,24.58333333
2.2875,27.41666667
2.595833333,26.875
2.145833333,32.625
2.041666667,45.41666667
2.0125,51.875
1.966666667,62.875
1.833333333,67.95833333
1.995833333,72.875
2.483333333,74.66666667
2.4625,66.70833333
2.0875,50.20833333
1.7375,55.83333333
2.1125,74.625
3.245833333,82.45833333
3.079166667,81.45833333
2.858333333,71.79166667
3.091666667,64.91666667
2.716666667,63.29166667
5.741666667,81.16666667
4.829166667,63.41666667
2.445833333,76.5
2.345833333,76.45833333
2.316666667,65.66666667
2.345833333,59.20833333
7.045833333,67.66666667
6.383333333,74.70833333
4.15,81.41666667
3.091666667,82.625
3.545833333,80.58333333
9.483333333,84.95833333
9.204166667,83.83333333
4.866666667,88.29166667
2.675,83.875
3.841666667,88
3.016666667,91.70833333
7.4625,82.25
7.941666667,88.04166667
2.641666667,89.70833333
2.304166667,86.33333333
1.7875,81.33333333
3.420833333,88.95833333
2.4875,93.04166667
2.3,85
6.279166667,81.58333333
4.091666667,81.41666667
3.225,75.375
4.241666667,68.75
5.4,87.20833333
1.825,83.25
2.8,83.45833333
4.9,84.29166667
6.766666667,85.25
2.695833333,83.45833333
3.245833333,85
5.958333333,85.125
4.4,80.375
3.716666667,83.33333333
2.4,78.83333333
3.033333333,86.04166667
4.216666667,85.875
3.408333333,75.83333333