,Year,Month,Day,MaxTemp (F),MinTemp (F),DHI (w/m2),DNI (w/m2),Wind Speed (m/s),Relative Humidity (%),Pressure (mbar)
0,2015,1,1,84.0,66.0,61,159,2.1,85.12,1018
1,2015,1,2,84.0,69.0,54,215,4.6,85.98,1020
2,2015,1,3,83.0,74.0,79,122,6.7,84.27,1020
3,2015,1,4,85.0,71.0,49,240,5.1,84.11,1020
4,2015,1,5,85.0,67.0,32,309,3.2,86.44,1020
5,2015,1,6,84.0,66.0,30,316,2.7,83.61,1020
6,2015,1,7,82.0,63.0,37,280,3.1,78.52,1018
7,2015,1,8,75.0,55.0,62,205,7.6,72.62,1020
8,2015,1,9,80.0,58.0,64,185,2.7,73.56,1020
9,2015,1,10,80.0,59.0,51,214,5.5,85.86,1020
10,2015,1,11,83.0,62.0,77,130,4.7,88.7,1020
11,2015,1,12,80.0,72.0,73,38,3.6,95.02,1016
12,2015,1,13,82.0,66.0,43,205,2.4,94.58,1010
13,2015,1,14,79.0,64.0,73,136,3.8,91.01,1010
14,2015,1,15,80.0,63.0,61,164,3.1,89.42,1010
15,2015,1,16,77.0,60.0,62,162,4.6,85.74,1010
16,2015,1,17,78.0,56.0,32,328,4.5,76.62,1013
17,2015,1,18,80.0,58.0,44,286,2.8,72.63,1014
18,2015,1,19,76.0,50.0,42,293,4.0,73.54,1014
19,2015,1,20,75.0,60.0,68,41,3.0,75.22,1010
20,2015,1,21,85.0,64.0,52,233,1.8,84.46,1010
21,2015,1,22,81.0,63.0,34,319,4.1,82.58,1015
22,2015,1,23,80.0,69.0,68,198,5.5,79.41,1010
23,2015,1,24,78.0,55.0,57,28,6.9,87.01,1010
24,2015,1,25,69.0,47.0,38,307,4.2,71.76,1010
25,2015,1,26,77.0,51.0,57,213,7.1,74.78,1010
26,2015,1,27,72.0,48.0,32,356,5.6,72.53,1010
27,2015,1,28,68.0,51.0,34,361,6.1,66.47,1017
28,2015,1,29,74.0,52.0,58,236,4.8,74.11,1020
29,2015,1,30,77.0,54.0,35,344,2.4,70.22,1020
30,2015,1,31,76.0,55.0,58,245,5.9,75.19,1020
31,2015,2,1,77.0,59.0,58,256,4.7,73.51,1016
32,2015,2,2,84.0,64.0,50,240,4.1,88.92,1010
33,2015,2,3,79.0,55.0,45,300,4.8,74.56,1018
34,2015,2,4,79.0,60.0,54,249,4.3,77.29,1014
35,2015,2,5,73.0,63.0,34,273,5.8,96.39,1010
36,2015,2,6,78.0,57.0,44,287,7.1,79.23,1015
37,2015,2,7,75.0,57.0,75,214,6.4,68.05,1020
38,2015,2,8,78.0,55.0,34,353,3.4,71.25,1015
39,2015,2,9,80.0,61.0,44,127,3.6,87.99,1006
40,2015,2,10,78.0,52.0,37,358,7.3,80.68,1002
41,2015,2,11,74.0,46.0,36,370,3.7,73.68,1010
42,2015,2,12,77.0,51.0,37,358,3.2,70.18,1010
43,2015,2,13,77.0,48.0,44,338,5.1,72.15,1015
44,2015,2,14,67.0,41.0,41,347,5.0,66.14,1020
45,2015,2,15,76.0,42.0,35,374,3.8,70.68,1020
46,2015,2,16,77.0,52.0,46,329,3.9,74.36,1015
47,2015,2,17,85.0,58.0,61,284,3.8,86.78,1010
48,2015,2,18,71.0,50.0,74,62,6.4,79.01,1012
49,2015,2,19,62.0,41.0,31,405,8.5,60.47,1020
50,2015,2,20,68.0,40.0,54,262,6.9,69.7,1020
51,2015,2,21,76.0,61.0,79,188,5.1,74.8,1020
52,2015,2,22,82.0,65.0,51,270,2.9,87.81,1020
53,2015,2,23,85.0,65.0,50,306,1.5,90.3,1016
54,2015,2,24,86.0,62.0,50,303,2.4,86.32,1010
55,2015,2,25,86.0,59.0,41,347,3.8,91.18,1010
56,2015,2,26,87.0,73.0,110,126,5.8,90.68,1010
57,2015,2,27,81.0,66.0,67,257,4.2,91.47,1013
58,2015,2,28,82.0,64.0,84,90,4.6,90.56,1020
59,2015,3,1,83.0,70.0,78,241,5.9,84.79,1020
60,2015,3,2,81.0,65.0,36,371,4.4,77.23,1020
61,2015,3,3,81.0,63.0,61,316,5.4,79.21,1019
62,2015,3,4,82.0,69.0,62,290,5.8,80.28,1014
63,2015,3,5,84.0,64.0,43,355,5.0,81.49,1013
64,2015,3,6,85.0,62.0,47,338,2.1,80.93,1017
65,2015,3,7,80.0,64.0,85,80,5.1,87.71,1020
66,2015,3,8,78.0,66.0,81,75,6.9,84.93,1020
67,2015,3,9,84.0,67.0,40,348,5.8,80.23,1014
68,2015,3,10,82.0,71.0,62,264,6.8,80.69,1015
69,2015,3,11,83.0,67.0,83,232,6.0,83.84,1017
70,2015,3,12,85.0,69.0,56,293,6.2,80.27,1019
71,2015,3,13,83.0,69.0,78,290,6.9,78.06,1017
72,2015,3,14,82.0,65.0,43,362,4.9,76.03,1015
73,2015,3,15,84.0,62.0,82,196,1.9,77.19,1013
74,2015,3,16,84.0,62.0,52,331,2.1,79.51,1012
75,2015,3,17,86.0,60.0,75,262,3.4,73.09,1010
76,2015,3,18,86.0,57.0,69,218,3.6,72.32,1010
77,2015,3,19,83.0,61.0,97,106,2.9,76.03,1010
78,2015,3,20,88.0,56.0,52,330,2.4,69.09,1011
79,2015,3,21,88.0,61.0,56,333,2.0,70.64,1010
80,2015,3,22,89.0,64.0,72,307,2.9,75.05,1010
81,2015,3,23,91.0,65.0,113,176,3.7,75.84,1010
82,2015,3,24,88.0,66.0,67,272,2.0,75.51,1010
83,2015,3,25,90.0,65.0,63,299,1.8,69.32,1010
84,2015,3,26,88.0,67.0,90,184,5.4,79.33,1010
85,2015,3,27,91.0,68.0,101,232,6.1,83.7,1010
86,2015,3,28,75.0,62.0,88,206,6.1,62.33,1017
87,2015,3,29,80.0,55.0,62,342,5.6,60.86,1020
88,2015,3,30,81.0,52.0,84,294,2.8,60.44,1020
89,2015,3,31,82.0,55.0,52,369,2.5,63.26,1016
90,2015,4,1,84.0,59.0,54,363,2.1,67.43,1015
91,2015,4,2,83.0,61.0,61,342,3.0,70.36,1020
92,2015,4,3,84.0,64.0,50,381,4.8,70.78,1015
93,2015,4,4,86.0,63.0,51,371,1.8,68.54,1011
94,2015,4,5,85.0,63.0,47,382,3.4,73.36,1010
95,2015,4,6,86.0,67.0,73,307,4.9,78.19,1015
96,2015,4,7,86.0,73.0,73,291,5.4,77.71,1016
97,2015,4,8,85.0,70.0,103,181,5.2,77.58,1012
98,2015,4,9,86.0,71.0,55,345,5.2,78.64,1011
99,2015,4,10,87.0,74.0,64,329,4.9,80.33,1010
100,2015,4,11,88.0,73.0,77,246,3.9,80.18,1010
101,2015,4,12,88.0,69.0,124,198,4.6,81.65,1010
102,2015,4,13,86.0,72.0,62,302,4.9,80.13,1015
103,2015,4,14,88.0,74.0,50,375,4.1,77.27,1013
104,2015,4,15,88.0,71.0,51,360,4.1,77.59,1010
105,2015,4,16,89.0,70.0,51,367,3.7,78.54,1010
106,2015,4,17,92.0,70.0,91,244,3.8,75.42,1010
107,2015,4,18,92.0,70.0,79,308,2.9,77.76,1010
108,2015,4,19,90.0,72.0,80,289,3.7,79.13,1010
109,2015,4,20,93.0,74.0,106,229,3.7,79.84,1010
110,2015,4,21,82.0,72.0,114,60,2.2,85.12,1010
111,2015,4,22,86.0,74.0,134,41,1.5,80.42,1010
112,2015,4,23,93.0,72.0,112,127,2.4,81.89,1010
113,2015,4,24,93.0,70.0,91,239,2.9,79.05,1010
114,2015,4,25,94.0,75.0,95,256,3.8,78.16,1010
115,2015,4,26,97.0,71.0,78,316,5.5,75.56,1004
116,2015,4,27,95.0,74.0,108,209,2.3,78.98,1003
117,2015,4,28,90.0,74.0,129,50,3.7,86.34,1001
118,2015,4,29,77.0,70.0,58,15,4.8,94.89,1000
119,2015,4,30,82.0,69.0,100,21,5.8,79.01,1003
120,2015,5,1,85.0,65.0,53,385,4.4,63.06,1010
121,2015,5,2,83.0,64.0,128,156,5.1,68.1,1010
122,2015,5,3,83.0,64.0,56,388,6.9,66.56,1010
123,2015,5,4,80.0,69.0,144,121,6.3,67.74,1014
124,2015,5,5,80.0,68.0,105,49,4.8,87.28,1010
125,2015,5,6,87.0,65.0,98,240,3.5,79.11,1010
126,2015,5,7,90.0,65.0,55,326,2.0,71.14,1010
127,2015,5,8,89.0,66.0,87,315,2.0,70.59,1010
128,2015,5,9,89.0,64.0,79,319,2.3,71.46,1010
129,2015,5,10,89.0,72.0,79,326,4.3,80.46,1011
130,2015,5,11,88.0,74.0,66,354,5.1,80.3,1013
131,2015,5,12,88.0,73.0,69,331,5.2,81.41,1014
132,2015,5,13,89.0,75.0,61,357,4.8,78.76,1011
133,2015,5,14,89.0,73.0,57,380,5.4,77.89,1014
134,2015,5,15,88.0,72.0,84,318,5.6,76.09,1015
135,2015,5,16,88.0,70.0,52,384,4.7,75.86,1015
136,2015,5,17,88.0,76.0,82,284,5.3,80.07,1020
137,2015,5,18,88.0,70.0,54,386,4.6,78.13,1017
138,2015,5,19,89.0,70.0,62,380,3.5,74.64,1010
139,2015,5,20,91.0,66.0,61,376,1.6,71.18,1010
140,2015,5,21,96.0,72.0,108,192,2.7,74.3,1010
141,2015,5,22,93.0,73.0,85,190,1.6,73.17,1012
142,2015,5,23,91.0,70.0,63,344,3.9,78.76,1019
143,2015,5,24,90.0,74.0,56,385,5.8,76.65,1018
144,2015,5,25,91.0,79.0,63,363,6.2,78.9,1016
145,2015,5,26,90.0,77.0,60,374,6.2,76.56,1017
146,2015,5,27,89.0,76.0,90,305,6.1,73.21,1010
147,2015,5,28,88.0,71.0,115,248,5.8,69.13,1010
148,2015,5,29,89.0,64.0,51,399,4.1,71.6,1010
149,2015,5,30,89.0,74.0,65,351,3.3,77.23,1010
150,2015,5,31,87.0,70.0,107,253,2.9,74.99,1010
151,2015,6,1,88.0,71.0,112,236,2.9,73.98,1010
152,2015,6,2,84.0,71.0,126,12,2.4,76.57,1010
153,2015,6,3,86.0,72.0,132,180,3.8,82.06,1010
154,2015,6,4,89.0,69.0,131,170,3.3,83.03,1010
155,2015,6,5,88.0,73.0,132,45,2.4,82.4,1010
156,2015,6,6,88.0,70.0,125,118,3.0,84.22,1010
157,2015,6,7,86.0,69.0,129,133,3.0,79.27,1010
158,2015,6,8,89.0,71.0,90,203,3.0,78.61,1010
159,2015,6,9,89.0,71.0,92,193,2.7,79.92,1010
160,2015,6,10,89.0,72.0,138,199,3.2,82.3,1010
161,2015,6,11,88.0,71.0,154,133,4.2,83.17,1010
162,2015,6,12,90.0,80.0,119,193,4.7,85.83,1010
163,2015,6,13,90.0,79.0,115,215,5.6,84.45,1010
164,2015,6,14,89.0,79.0,145,155,5.0,83.8,1010
165,2015,6,15,89.0,76.0,139,125,4.0,83.6,1010
166,2015,6,16,90.0,75.0,52,396,3.4,80.67,1010
167,2015,6,17,91.0,74.0,62,382,3.4,78.42,1010
168,2015,6,18,92.0,77.0,51,398,3.6,77.92,1010
169,2015,6,19,93.0,75.0,51,394,2.7,76.81,1010
170,2015,6,20,93.0,74.0,86,311,2.5,75.51,1010
171,2015,6,21,93.0,73.0,66,353,2.7,75.93,1010
172,2015,6,22,93.0,74.0,82,313,3.2,77.89,1011
173,2015,6,23,92.0,78.0,62,369,3.7,77.61,1014
174,2015,6,24,93.0,79.0,59,380,3.6,74.03,1014
175,2015,6,25,93.0,75.0,123,203,2.2,77.13,1010
176,2015,6,26,93.0,75.0,142,138,2.1,76.56,1010
177,2015,6,27,92.0,74.0,135,138,2.7,80.3,1010
178,2015,6,28,94.0,73.0,95,146,2.5,77.81,1010
179,2015,6,29,94.0,71.0,67,238,1.8,76.59,1010
180,2015,6,30,93.0,72.0,113,251,2.6,74.56,1014
181,2015,7,1,93.0,74.0,96,292,3.2,74.14,1014
182,2015,7,2,92.0,79.0,91,296,3.5,75.54,1010
183,2015,7,3,92.0,73.0,79,324,3.2,77.81,1010
184,2015,7,4,91.0,73.0,77,332,3.3,78.91,1010
185,2015,7,5,91.0,82.0,101,285,3.4,77.23,1015
186,2015,7,6,92.0,75.0,97,283,3.0,76.53,1014
187,2015,7,7,91.0,75.0,115,222,3.5,78.48,1013
188,2015,7,8,91.0,73.0,79,287,3.8,76.25,1014
189,2015,7,9,92.0,75.0,70,353,4.7,78.05,1011
190,2015,7,10,91.0,76.0,59,378,3.7,76.31,1010
191,2015,7,11,92.0,71.0,63,367,3.2,71.98,1011
192,2015,7,12,93.0,70.0,56,377,1.9,69.5,1010
193,2015,7,13,95.0,72.0,95,237,2.7,74.32,1010
194,2015,7,14,93.0,73.0,86,157,3.2,74.92,1010
195,2015,7,15,89.0,73.0,120,134,2.9,77.66,1010
196,2015,7,16,86.0,75.0,124,50,1.8,76.64,1010
197,2015,7,17,91.0,73.0,145,163,2.0,72.98,1010
198,2015,7,18,88.0,74.0,132,201,2.8,77.23,1010
199,2015,7,19,92.0,74.0,94,289,3.1,74.31,1010
200,2015,7,20,93.0,75.0,114,262,3.0,71.66,1010
201,2015,7,21,92.0,76.0,78,291,3.0,72.67,1010
202,2015,7,22,92.0,74.0,98,214,1.7,72.65,1010
203,2015,7,23,93.0,75.0,120,217,1.7,73.45,1010
204,2015,7,24,94.0,77.0,125,190,2.9,77.24,1010
205,2015,7,25,91.0,73.0,120,27,4.4,79.26,1010
206,2015,7,26,87.0,75.0,114,101,4.9,82.87,1010
207,2015,7,27,93.0,75.0,71,340,4.0,76.85,1010
208,2015,7,28,96.0,75.0,112,274,2.7,74.96,1010
209,2015,7,29,95.0,78.0,139,113,2.1,76.27,1010
210,2015,7,30,95.0,77.0,147,143,2.0,72.85,1010
211,2015,7,31,93.0,71.0,115,81,3.0,78.3,1010
212,2015,8,1,92.0,74.0,145,131,3.8,77.79,1010
213,2015,8,2,92.0,76.0,148,85,3.2,75.93,1010
214,2015,8,3,91.0,73.0,141,174,2.7,76.2,1010
215,2015,8,4,92.0,73.0,71,330,2.7,75.43,1010
216,2015,8,5,92.0,76.0,106,270,2.8,79.28,1010
217,2015,8,6,93.0,75.0,68,347,2.8,76.22,1010
218,2015,8,7,93.0,73.0,65,331,2.0,73.77,1010
219,2015,8,8,94.0,75.0,71,232,2.3,73.95,1010
220,2015,8,9,94.0,73.0,92,261,1.9,71.88,1010
221,2015,8,10,92.0,76.0,118,235,2.6,75.24,1010
222,2015,8,11,93.0,74.0,109,239,1.4,72.18,1010
223,2015,8,12,94.0,74.0,76,319,1.7,72.34,1010
224,2015,8,13,92.0,74.0,115,193,1.8,76.53,1010
225,2015,8,14,92.0,74.0,81,227,2.1,78.71,1010
226,2015,8,15,87.0,76.0,150,62,2.2,82.4,1010
227,2015,8,16,91.0,75.0,51,356,3.8,77.93,1010
228,2015,8,17,90.0,78.0,66,294,3.5,79.4,1010
229,2015,8,18,91.0,77.0,120,167,3.7,81.76,1010
230,2015,8,19,92.0,79.0,70,300,3.6,78.45,1010
231,2015,8,20,92.0,77.0,115,231,2.3,75.12,1010
232,2015,8,21,91.0,76.0,133,179,1.5,75.68,1010
233,2015,8,22,93.0,75.0,82,254,0.8,72.5,1010
234,2015,8,23,94.0,76.0,75,288,2.2,76.68,1010
235,2015,8,24,93.0,76.0,107,227,2.3,76.67,1010
236,2015,8,25,92.0,76.0,111,202,1.9,75.31,1010
237,2015,8,26,88.0,74.0,115,45,2.2,83.33,1010
238,2015,8,27,90.0,73.0,112,105,2.5,83.74,1010
239,2015,8,28,91.0,76.0,78,297,2.7,80.68,1010
240,2015,8,29,91.0,77.0,77,270,5.1,84.83,1010
241,2015,8,30,83.0,73.0,93,14,7.2,85.92,1010
242,2015,8,31,91.0,75.0,71,304,3.2,81.04,1010
243,2015,9,1,91.0,75.0,57,320,1.9,78.49,1010
244,2015,9,2,91.0,77.0,105,234,1.9,80.26,1010
245,2015,9,3,92.0,75.0,87,195,2.0,81.29,1010
246,2015,9,4,90.0,71.0,75,143,2.0,80.99,1010
247,2015,9,5,89.0,70.0,98,113,1.4,81.38,1010
248,2015,9,6,91.0,73.0,91,168,0.8,80.92,1010
249,2015,9,7,90.0,74.0,107,121,2.8,83.15,1010
250,2015,9,8,92.0,76.0,72,257,3.0,81.46,1010
251,2015,9,9,90.0,76.0,113,105,2.5,80.63,1010
252,2015,9,10,92.0,76.0,117,149,2.0,79.24,1010
253,2015,9,11,92.0,78.0,70,207,2.0,80.29,1010
254,2015,9,12,93.0,77.0,116,174,3.3,81.43,1010
255,2015,9,13,93.0,75.0,126,143,2.6,79.73,1010
256,2015,9,14,93.0,76.0,93,133,3.2,84.35,1010
257,2015,9,15,89.0,75.0,114,68,5.4,86.54,1010
258,2015,9,16,85.0,74.0,97,39,5.1,90.63,1010
259,2015,9,17,87.0,73.0,78,72,2.0,90.13,1010
260,2015,9,18,90.0,72.0,99,133,2.4,87.3,1000
261,2015,9,19,94.0,77.0,45,348,4.0,85.42,1005
262,2015,9,20,95.0,74.0,45,352,2.1,81.86,1010
263,2015,9,21,91.0,74.0,68,124,1.4,79.7,1010
264,2015,9,22,91.0,74.0,81,180,1.9,85.55,1010
265,2015,9,23,88.0,74.0,106,136,1.8,86.48,1010
266,2015,9,24,86.0,73.0,125,80,2.5,83.25,1010
267,2015,9,25,90.0,75.0,61,171,2.1,82.5,1010
268,2015,9,26,90.0,74.0,104,174,2.6,83.8,1010
269,2015,9,27,87.0,75.0,109,24,2.0,83.38,1010
270,2015,9,28,89.0,75.0,111,165,2.2,79.8,1010
271,2015,9,29,90.0,75.0,107,73,2.2,87.22,1008
272,2015,9,30,93.0,75.0,60,272,3.7,84.7,1000
273,2015,10,1,92.0,77.0,43,342,5.6,83.33,1000
274,2015,10,2,92.0,74.0,104,164,5.6,84.48,999
275,2015,10,3,90.0,71.0,40,369,6.5,75.78,1000
276,2015,10,4,90.0,68.0,55,297,5.4,72.62,1000
277,2015,10,5,87.0,71.0,84,215,5.6,77.93,1003
278,2015,10,6,87.0,73.0,93,175,4.0,79.43,1010
279,2015,10,7,87.0,74.0,42,164,2.1,81.25,1010
280,2015,10,8,90.0,73.0,63,267,1.6,75.98,1010
281,2015,10,9,89.0,72.0,83,141,1.7,76.79,1010
282,2015,10,10,91.0,73.0,47,318,2.9,78.46,1010
283,2015,10,11,87.0,72.0,111,140,2.1,77.86,1010
284,2015,10,12,90.0,71.0,48,276,1.7,73.35,1010
285,2015,10,13,88.0,70.0,73,193,1.8,76.39,1010
286,2015,10,14,91.0,72.0,83,179,1.1,79.94,1010
287,2015,10,15,87.0,74.0,94,118,3.5,83.86,1010
288,2015,10,16,82.0,75.0,75,18,5.1,87.86,1010
289,2015,10,17,86.0,74.0,100,162,4.6,84.32,1010
290,2015,10,18,86.0,70.0,107,89,5.9,78.71,1010
291,2015,10,19,85.0,73.0,89,119,9.1,80.7,1011
292,2015,10,20,87.0,77.0,89,108,8.0,78.23,1010
293,2015,10,21,86.0,71.0,42,298,6.5,78.89,1010
294,2015,10,22,85.0,73.0,52,269,5.9,81.09,1010
295,2015,10,23,85.0,68.0,52,126,5.7,79.58,1010
296,2015,10,24,84.0,69.0,65,207,5.7,80.12,1010
297,2015,10,25,86.0,70.0,79,196,5.3,78.68,1010
298,2015,10,26,84.0,70.0,56,277,5.4,77.7,1010
299,2015,10,27,86.0,76.0,74,215,5.5,79.24,1010
300,2015,10,28,82.0,73.0,74,12,4.3,86.71,1010
301,2015,10,29,88.0,73.0,59,209,2.3,86.26,1010
302,2015,10,30,89.0,72.0,75,164,2.2,83.79,1010
303,2015,10,31,87.0,72.0,54,207,3.4,85.25,1010
304,2015,11,1,87.0,74.0,40,304,3.5,84.63,1010
305,2015,11,2,88.0,76.0,38,312,3.6,82.2,1010
306,2015,11,3,87.0,72.0,32,328,3.6,84.68,1010
307,2015,11,4,87.0,75.0,42,256,5.3,87.44,1010
308,2015,11,5,86.0,77.0,35,309,6.3,80.92,1011
309,2015,11,6,86.0,73.0,33,319,4.7,83.6,1010
310,2015,11,7,87.0,76.0,43,284,4.3,87.55,1010
311,2015,11,8,87.0,75.0,33,317,3.8,83.46,1010
312,2015,11,9,88.0,73.0,34,312,2.5,82.61,1010
313,2015,11,10,89.0,71.0,32,315,2.1,81.12,1010
314,2015,11,11,89.0,70.0,38,275,1.1,77.79,1010
315,2015,11,12,88.0,69.0,35,282,1.5,81.33,1010
316,2015,11,13,88.0,71.0,35,282,1.7,83.32,1010
317,2015,11,14,83.0,72.0,69,80,5.2,88.67,1012
318,2015,11,15,79.0,71.0,67,9,7.4,85.65,1015
319,2015,11,16,80.0,71.0,88,29,5.6,87.24,1011
320,2015,11,17,84.0,70.0,44,253,6.2,84.57,1010
321,2015,11,18,85.0,76.0,45,269,6.3,86.25,1010
322,2015,11,19,84.0,75.0,87,108,3.6,88.43,1010
323,2015,11,20,85.0,72.0,75,157,2.5,90.83,1010
324,2015,11,21,82.0,71.0,51,21,3.0,89.96,1010
325,2015,11,22,85.0,70.0,60,156,4.6,91.54,1009
326,2015,11,23,78.0,63.0,39,291,7.3,83.25,1012
327,2015,11,24,78.0,59.0,73,132,7.5,69.24,1015
328,2015,11,25,78.0,67.0,71,128,8.0,75.36,1020
329,2015,11,26,81.0,69.0,45,233,8.3,78.81,1020
330,2015,11,27,82.0,65.0,41,280,6.8,80.38,1016
331,2015,11,28,82.0,62.0,39,281,5.9,77.29,1011
332,2015,11,29,81.0,65.0,43,240,5.8,80.71,1010
333,2015,11,30,82.0,70.0,43,185,4.4,89.83,1010
334,2015,12,1,83.0,67.0,45,179,3.5,87.07,1010
335,2015,12,2,83.0,71.0,76,64,3.0,91.7,1010
336,2015,12,3,83.0,71.0,76,61,1.5,95.11,1010
337,2015,12,4,75.0,71.0,53,8,1.7,96.6,1013
338,2015,12,5,76.0,71.0,25,144,5.0,94.46,1018
339,2015,12,6,82.0,73.0,75,66,6.6,90.77,1015
340,2015,12,7,76.0,67.0,60,10,5.4,94.34,1010
341,2015,12,8,72.0,65.0,63,13,4.4,94.27,1010
342,2015,12,9,82.0,66.0,48,165,1.4,87.46,1010
343,2015,12,10,81.0,66.0,79,79,1.9,90.14,1010
344,2015,12,11,82.0,63.0,41,260,2.8,87.14,1010
345,2015,12,12,82.0,65.0,30,306,5.8,85.62,1013
346,2015,12,13,82.0,73.0,38,239,5.8,86.71,1010
347,2015,12,14,83.0,69.0,51,235,4.2,89.46,1010
348,2015,12,15,84.0,66.0,31,297,3.0,89.35,1010
349,2015,12,16,83.0,66.0,27,312,3.1,86.13,1010
350,2015,12,17,83.0,69.0,52,214,4.4,88.48,1010
351,2015,12,18,85.0,68.0,75,125,4.4,89.84,1011
352,2015,12,19,77.0,63.0,61,144,9.0,78.39,1020
353,2015,12,20,77.0,68.0,62,72,8.0,83.4,1020
354,2015,12,21,81.0,72.0,38,267,6.4,89.55,1018
355,2015,12,22,82.0,73.0,73,96,4.4,91.85,1010
356,2015,12,23,83.0,76.0,72,103,5.0,93.5,1010
357,2015,12,24,84.0,74.0,42,246,4.9,88.31,1016
358,2015,12,25,82.0,74.0,62,160,5.8,91.18,1020
359,2015,12,26,82.0,72.0,45,219,5.9,88.12,1018
360,2015,12,27,82.0,75.0,70,159,6.1,85.35,1010
361,2015,12,28,83.0,74.0,56,205,5.3,86.86,1010
362,2015,12,29,84.0,75.0,47,241,5.3,86.1,1015
363,2015,12,30,84.0,72.0,34,257,4.5,88.4,1020
364,2015,12,31,83.0,71.0,49,234,4.2,86.97,1017
365,2016,1,1,83.0,68.0,58,221,3.1,81.52,1011
366,2016,1,2,84.0,66.0,45,236,1.7,86.09,1010
367,2016,1,3,79.0,65.0,65,51,1.9,90.69,1010
368,2016,1,4,69.0,60.0,68,147,5.7,79.59,1010
369,2016,1,5,71.0,58.0,56,14,7.2,79.68,1013
370,2016,1,6,74.0,63.0,68,42,6.3,86.84,1010
371,2016,1,7,76.0,59.0,36,288,2.7,86.65,1010
372,2016,1,8,80.0,58.0,66,66,3.1,88.13,1010
373,2016,1,9,84.0,59.0,48,245,2.3,92.28,1010
374,2016,1,10,83.0,67.0,60,142,5.2,92.98,1010
375,2016,1,11,72.0,59.0,59,161,5.4,80.82,1012
376,2016,1,12,64.0,58.0,63,23,4.9,89.37,1015
377,2016,1,13,69.0,58.0,84,46,5.2,76.48,1015
378,2016,1,14,70.0,60.0,33,0,3.5,84.33,1011
379,2016,1,15,74.0,61.0,51,9,5.5,95.94,1008
380,2016,1,16,77.0,58.0,38,268,2.9,79.38,1010
381,2016,1,17,79.0,59.0,84,89,8.7,86.09,1005
382,2016,1,18,66.0,54.0,64,232,6.2,75.64,1016
383,2016,1,19,63.0,51.0,72,153,7.2,71.3,1020
384,2016,1,20,72.0,51.0,54,258,4.0,79.66,1020
385,2016,1,21,74.0,50.0,64,226,3.3,77.42,1016
386,2016,1,22,71.0,59.0,38,1,6.6,94.15,1007
387,2016,1,23,68.0,49.0,40,319,9.7,74.3,1010
388,2016,1,24,60.0,42.0,31,372,5.5,75.94,1018
389,2016,1,25,72.0,43.0,77,206,2.7,78.19,1020
390,2016,1,26,79.0,61.0,61,234,3.9,81.54,1015
391,2016,1,27,81.0,67.0,76,25,3.4,96.09,1010
392,2016,1,28,74.0,66.0,42,4,4.4,98.91,1008
393,2016,1,29,67.0,51.0,71,115,4.9,78.63,1012
394,2016,1,30,73.0,49.0,60,251,2.3,71.37,1017
395,2016,1,31,77.0,53.0,91,130,1.9,79.54,1013
396,2016,2,1,79.0,66.0,72,49,2.5,95.92,1010
397,2016,2,2,80.0,64.0,50,278,3.6,92.62,1010
398,2016,2,3,81.0,68.0,54,268,5.3,88.44,1010
399,2016,2,4,80.0,71.0,73,208,4.8,85.49,1010
400,2016,2,5,72.0,59.0,80,76,7.3,82.29,1017
401,2016,2,6,79.0,57.0,46,245,4.1,85.97,1012
402,2016,2,7,65.0,50.0,59,271,8.1,81.97,1010
403,2016,2,8,68.0,43.0,44,344,5.0,73.04,1013
404,2016,2,9,68.0,57.0,95,106,7.1,75.89,1010
405,2016,2,10,65.0,52.0,75,215,4.8,75.37,1018
406,2016,2,11,69.0,45.0,50,306,4.2,70.32,1020
407,2016,2,12,74.0,49.0,35,365,2.2,74.88,1020
408,2016,2,13,75.0,49.0,43,335,3.7,80.79,1020
409,2016,2,14,74.0,56.0,68,264,6.0,76.09,1020
410,2016,2,15,75.0,65.0,84,69,5.8,84.18,1010
411,2016,2,16,80.0,63.0,82,153,2.7,92.73,1010
412,2016,2,17,76.0,56.0,42,339,3.6,69.77,1014
413,2016,2,18,78.0,52.0,58,178,5.5,73.04,1020
414,2016,2,19,76.0,58.0,75,207,6.7,70.97,1020
415,2016,2,20,77.0,61.0,108,66,5.1,72.18,1020
416,2016,2,21,78.0,57.0,91,222,3.4,72.25,1013
417,2016,2,22,80.0,62.0,57,321,4.0,78.35,1010
418,2016,2,23,79.0,71.0,77,71,5.2,87.69,1010
419,2016,2,24,86.0,68.0,87,174,6.1,92.74,1010
420,2016,2,25,70.0,56.0,44,358,6.9,75.23,1015
421,2016,2,26,72.0,53.0,40,376,5.8,67.87,1020
422,2016,2,27,69.0,47.0,40,377,5.0,65.73,1020
423,2016,2,28,74.0,56.0,96,146,5.4,70.29,1020
424,2016,3,1,79.0,57.0,91,242,1.8,76.39,1013
425,2016,3,2,83.0,60.0,60,313,1.2,75.44,1012
426,2016,3,3,80.0,64.0,109,111,2.8,85.13,1010
427,2016,3,4,85.0,63.0,70,248,3.2,86.36,1010
428,2016,3,5,78.0,61.0,112,121,2.4,82.74,1010
429,2016,3,6,80.0,63.0,42,374,5.4,75.6,1013
430,2016,3,7,77.0,56.0,104,130,6.5,69.12,1020
431,2016,3,8,79.0,68.0,74,231,7.1,68.44,1020
432,2016,3,9,80.0,70.0,102,201,7.8,70.41,1020
433,2016,3,10,81.0,72.0,94,227,7.7,75.62,1020
434,2016,3,11,82.0,70.0,81,279,5.6,78.98,1020
435,2016,3,12,81.0,71.0,100,224,5.5,81.25,1014
436,2016,3,13,83.0,66.0,87,98,4.3,85.68,1010
437,2016,3,14,86.0,66.0,82,170,4.3,83.94,1010
438,2016,3,15,88.0,64.0,48,334,2.3,82.35,1010
439,2016,3,16,87.0,64.0,52,354,2.7,79.59,1010
440,2016,3,17,85.0,64.0,87,228,2.0,75.93,1010
441,2016,3,18,88.0,64.0,64,305,2.5,75.04,1010
442,2016,3,19,87.0,70.0,118,155,4.4,81.41,1010
443,2016,3,20,85.0,70.0,110,66,5.4,88.04,1010
444,2016,3,21,71.0,53.0,125,135,7.7,68.88,1015
445,2016,3,22,75.0,54.0,101,224,6.8,69.95,1020
446,2016,3,23,80.0,62.0,99,254,5.0,69.19,1020
447,2016,3,24,82.0,73.0,102,102,5.2,91.23,1010
448,2016,3,25,87.0,74.0,119,112,3.0,93.19,1010
449,2016,3,26,87.0,71.0,76,291,3.9,91.71,1012
450,2016,3,27,85.0,70.0,118,173,4.2,88.65,1012
451,2016,3,28,90.0,70.0,105,111,2.0,83.17,1010
452,2016,3,29,87.0,67.0,92,109,2.0,84.25,1010
453,2016,3,30,81.0,66.0,118,153,4.0,87.84,1010
454,2016,3,31,86.0,74.0,99,234,4.9,82.2,1010
455,2016,4,1,89.0,75.0,106,239,5.0,86.19,1010
456,2016,4,2,90.0,76.0,88,260,6.0,83.19,1010
457,2016,4,3,80.0,69.0,111,100,5.2,76.17,1010
458,2016,4,4,82.0,65.0,96,102,2.9,76.0,1011
459,2016,4,5,86.0,63.0,67,296,3.5,67.3,1010
460,2016,4,6,80.0,60.0,125,62,5.9,72.94,1013
461,2016,4,7,85.0,65.0,51,370,3.6,70.07,1010
462,2016,4,8,83.0,61.0,53,384,3.5,67.94,1010
463,2016,4,9,83.0,62.0,51,389,4.7,66.08,1010
464,2016,4,10,80.0,63.0,93,263,6.6,64.28,1018
465,2016,4,11,82.0,66.0,104,226,5.6,68.66,1018
466,2016,4,12,84.0,63.0,96,262,2.8,67.55,1013
467,2016,4,13,84.0,64.0,77,314,3.0,72.32,1010
468,2016,4,14,86.0,64.0,104,226,2.8,75.35,1010
469,2016,4,15,90.0,68.0,100,230,2.9,82.22,1010
470,2016,4,16,85.0,65.0,149,110,5.0,87.34,1010
471,2016,4,17,81.0,69.0,123,188,7.7,73.08,1014
472,2016,4,18,84.0,58.0,94,253,6.4,65.28,1017
473,2016,4,19,82.0,64.0,100,255,5.3,66.14,1013
474,2016,4,20,83.0,62.0,101,242,5.2,67.05,1010
475,2016,4,21,83.0,69.0,84,291,6.2,71.41,1010
476,2016,4,22,84.0,72.0,145,123,4.9,75.84,1010
477,2016,4,23,89.0,68.0,58,367,4.1,78.4,1010
478,2016,4,24,86.0,64.0,87,273,4.9,77.95,1010
479,2016,4,25,85.0,69.0,75,320,4.8,73.96,1010
480,2016,4,26,85.0,66.0,74,302,4.0,72.7,1010
481,2016,4,27,85.0,65.0,115,238,3.7,70.96,1010
482,2016,4,28,87.0,66.0,79,309,2.7,73.58,1010
483,2016,4,29,88.0,68.0,64,357,3.0,74.83,1010
484,2016,4,30,83.0,76.0,105,264,5.1,72.57,1010
485,2016,5,1,88.0,75.0,62,370,5.4,76.99,1010
486,2016,5,2,88.0,77.0,100,277,5.2,81.43,1010
487,2016,5,3,90.0,72.0,133,141,4.8,83.75,1010
488,2016,5,4,83.0,69.0,76,42,5.0,90.61,1005
489,2016,5,5,83.0,66.0,55,400,6.0,70.93,1005
490,2016,5,6,82.0,66.0,70,363,4.7,64.27,1010
491,2016,5,7,82.0,58.0,51,423,4.1,56.54,1010
492,2016,5,8,82.0,59.0,56,405,3.6,56.1,1010
493,2016,5,9,83.0,64.0,77,357,5.0,64.14,1012
494,2016,5,10,86.0,74.0,81,343,4.9,65.46,1012
495,2016,5,11,86.0,71.0,142,157,4.0,74.02,1014
496,2016,5,12,84.0,67.0,138,171,3.3,69.88,1011
497,2016,5,13,86.0,66.0,113,217,2.2,70.3,1010
498,2016,5,14,92.0,73.0,84,302,2.1,70.24,1010
499,2016,5,15,91.0,73.0,81,316,3.0,70.23,1010
500,2016,5,16,88.0,72.0,147,175,3.8,78.22,1010
501,2016,5,17,90.0,79.0,122,160,5.4,86.27,1010
502,2016,5,18,88.0,72.0,115,83,3.7,92.97,1010
503,2016,5,19,88.0,72.0,150,105,2.5,87.83,1010
504,2016,5,20,91.0,73.0,94,192,2.2,81.31,1010
505,2016,5,21,94.0,73.0,98,259,2.8,82.51,1010
506,2016,5,22,92.0,72.0,74,343,3.8,79.88,1010
507,2016,5,23,87.0,73.0,132,89,2.1,70.74,1010
508,2016,5,24,88.0,71.0,105,196,2.4,76.89,1010
509,2016,5,25,87.0,73.0,65,368,5.8,76.8,1016
510,2016,5,26,86.0,64.0,54,363,5.1,69.42,1010
511,2016,5,27,88.0,70.0,145,203,4.0,78.41,1010
512,2016,5,28,87.0,71.0,127,163,1.9,80.32,1010
513,2016,5,29,89.0,70.0,125,224,2.1,73.56,1010
514,2016,5,30,88.0,71.0,134,176,1.4,72.81,1010
515,2016,5,31,85.0,70.0,84,133,2.2,79.07,1010
516,2016,6,1,89.0,71.0,128,220,3.0,78.57,1010
517,2016,6,2,89.0,73.0,111,173,3.3,78.46,1010
518,2016,6,3,90.0,74.0,75,285,3.5,80.81,1010
519,2016,6,4,90.0,76.0,92,304,4.1,82.27,1010
520,2016,6,5,91.0,80.0,130,83,5.1,85.01,1010
521,2016,6,6,92.0,76.0,152,58,6.8,86.86,1010
522,2016,6,7,91.0,80.0,140,115,7.3,86.97,1010
523,2016,6,8,89.0,75.0,133,80,5.8,92.82,1010
524,2016,6,9,89.0,75.0,149,80,2.9,89.51,1010
525,2016,6,10,93.0,74.0,86,121,1.9,89.68,1010
526,2016,6,11,93.0,74.0,85,241,1.1,86.14,1010
527,2016,6,12,93.0,74.0,99,261,2.7,82.69,1010
528,2016,6,13,93.0,75.0,110,277,1.8,79.5,1010
529,2016,6,14,93.0,77.0,79,339,2.7,79.84,1010
530,2016,6,15,89.0,74.0,112,238,3.3,77.79,1010
531,2016,6,16,93.0,75.0,84,272,4.8,80.19,1010
532,2016,6,17,93.0,76.0,118,162,4.1,84.0,1010
533,2016,6,18,97.0,75.0,96,233,2.1,79.64,1010
534,2016,6,19,91.0,73.0,126,164,4.2,86.08,1010
535,2016,6,20,88.0,75.0,79,317,6.6,79.7,1010
536,2016,6,21,83.0,72.0,76,72,5.1,87.14,1010
537,2016,6,22,90.0,72.0,55,380,2.4,81.95,1010
538,2016,6,23,91.0,74.0,81,297,2.5,80.09,1010
539,2016,6,24,91.0,76.0,99,290,3.2,79.06,1010
540,2016,6,25,91.0,81.0,67,356,3.6,79.02,1010
541,2016,6,26,91.0,75.0,112,211,2.6,78.88,1010
542,2016,6,27,90.0,74.0,100,265,2.2,75.1,1010
543,2016,6,28,90.0,73.0,129,239,1.6,75.65,1010
544,2016,6,29,90.0,75.0,80,327,2.2,77.1,1010
545,2016,6,30,90.0,75.0,105,203,2.6,80.26,1010
546,2016,7,1,89.0,75.0,118,187,2.3,81.84,1010
547,2016,7,2,90.0,76.0,137,121,2.7,81.96,1010
548,2016,7,3,,,140,114,3.1,81.15,1013
549,2016,7,4,92.0,80.0,88,293,3.2,83.12,1016
550,2016,7,5,92.0,78.0,72,342,2.8,78.33,1015
551,2016,7,6,92.0,78.0,60,371,3.4,76.56,1013
552,2016,7,7,93.0,77.0,60,376,2.8,76.03,1010
553,2016,7,8,92.0,75.0,134,196,2.2,75.06,1010
554,2016,7,9,92.0,83.0,62,351,2.2,74.44,1010
555,2016,7,10,91.0,76.0,70,357,3.5,74.59,1010
556,2016,7,11,92.0,76.0,93,315,3.6,76.14,1010
557,2016,7,12,93.0,77.0,95,258,2.9,79.84,1010
558,2016,7,13,91.0,77.0,130,150,2.8,79.66,1011
559,2016,7,14,92.0,76.0,91,316,3.7,76.79,1010
560,2016,7,15,92.0,72.0,128,207,3.8,76.29,1010
561,2016,7,16,91.0,73.0,83,308,4.2,79.85,1010
562,2016,7,17,91.0,76.0,103,269,5.2,80.94,1013
563,2016,7,18,91.0,74.0,83,286,6.2,80.96,1013
564,2016,7,19,90.0,77.0,94,278,5.4,79.87,1010
565,2016,7,20,91.0,78.0,87,297,4.9,83.45,1010
566,2016,7,21,87.0,76.0,133,68,3.2,86.0,1010
567,2016,7,22,89.0,72.0,72,123,1.8,83.41,1010
568,2016,7,23,89.0,70.0,92,198,1.6,78.75,1010
569,2016,7,24,85.0,74.0,127,100,1.8,82.24,1010
570,2016,7,25,90.0,74.0,66,354,2.7,79.0,1010
571,2016,7,26,91.0,77.0,93,284,3.9,78.82,1010
572,2016,7,27,91.0,77.0,70,339,4.5,80.24,1010
573,2016,7,28,92.0,78.0,94,229,3.7,78.84,1010
574,2016,7,29,92.0,76.0,111,238,1.0,76.21,1010
575,2016,7,30,93.0,77.0,101,269,1.8,76.15,1010
576,2016,7,31,92.0,77.0,96,253,3.2,79.32,1010
577,2016,8,1,92.0,74.0,107,240,4.9,79.83,1010
578,2016,8,2,91.0,72.0,111,127,4.3,88.83,1010
579,2016,8,3,91.0,75.0,136,184,3.5,86.7,1010
580,2016,8,4,91.0,75.0,85,302,3.2,77.54,1010
581,2016,8,5,92.0,79.0,82,310,3.4,77.21,1010
582,2016,8,6,94.0,74.0,135,114,3.5,81.23,1010
583,2016,8,7,91.0,76.0,83,172,3.3,83.07,1010
584,2016,8,8,87.0,75.0,74,6,2.2,86.13,1010
585,2016,8,9,89.0,75.0,132,57,2.1,83.8,1010
586,2016,8,10,92.0,74.0,95,264,1.7,78.8,1010
587,2016,8,11,89.0,78.0,140,139,2.6,85.42,1010
588,2016,8,12,90.0,75.0,69,318,3.7,82.12,1010
589,2016,8,13,91.0,75.0,83,316,4.8,80.3,1010
590,2016,8,14,91.0,75.0,128,191,5.0,84.78,1010
591,2016,8,15,91.0,79.0,98,279,5.0,81.34,1010
592,2016,8,16,90.0,77.0,109,236,4.7,82.82,1010
593,2016,8,17,88.0,75.0,125,171,3.2,85.64,1011
594,2016,8,18,90.0,78.0,76,302,3.0,83.53,1010
595,2016,8,19,91.0,76.0,123,142,1.5,77.97,1010
596,2016,8,20,93.0,74.0,51,362,1.6,76.77,1010
597,2016,8,21,94.0,79.0,76,294,1.1,75.03,1010
598,2016,8,22,94.0,77.0,53,353,1.3,72.73,1010
599,2016,8,23,94.0,77.0,65,328,4.1,79.21,1011
600,2016,8,24,90.0,78.0,115,75,4.8,84.88,1010
601,2016,8,25,92.0,76.0,132,149,4.6,87.14,1010
602,2016,8,26,91.0,75.0,85,278,3.7,87.23,1010
603,2016,8,27,90.0,77.0,133,122,5.3,88.05,1010
604,2016,8,28,89.0,78.0,98,249,6.9,85.73,1010
605,2016,8,29,87.0,75.0,122,103,5.5,89.94,1010
606,2016,8,30,86.0,74.0,90,8,5.6,89.94,1010
607,2016,8,31,85.0,72.0,128,44,5.2,90.28,1010
608,2016,9,1,88.0,74.0,135,159,5.3,91.87,1010
609,2016,9,2,91.0,79.0,122,162,4.5,86.83,1010
610,2016,9,3,,,62,314,2.2,84.48,1010
611,2016,9,4,91.0,75.0,52,348,2.2,81.85,1010
612,2016,9,5,88.0,77.0,100,137,1.8,84.27,1010
613,2016,9,6,90.0,73.0,87,144,2.6,88.76,1010
614,2016,9,7,90.0,72.0,89,204,3.5,84.32,1011
615,2016,9,8,89.0,78.0,118,150,4.5,87.33,1010
616,2016,9,9,89.0,78.0,85,238,5.3,84.22,1010
617,2016,9,10,89.0,75.0,114,216,4.4,82.03,1010
618,2016,9,11,89.0,76.0,125,182,3.8,86.97,1010
619,2016,9,12,89.0,77.0,103,173,2.5,83.71,1010
620,2016,9,13,90.0,77.0,112,202,4.2,88.19,1010
621,2016,9,14,89.0,76.0,108,226,2.1,81.85,1010
622,2016,9,15,90.0,72.0,97,233,1.5,77.68,1010
623,2016,9,16,90.0,74.0,67,309,1.1,77.23,1010
624,2016,9,17,90.0,74.0,89,231,1.4,76.77,1010
625,2016,9,18,92.0,76.0,58,302,2.0,77.97,1010
626,2016,9,19,94.0,75.0,77,231,1.1,72.38,1010
627,2016,9,20,92.0,75.0,97,63,1.7,78.85,1010
628,2016,9,21,91.0,74.0,69,294,1.4,78.18,1010
629,2016,9,22,89.0,73.0,86,72,1.3,80.88,1010
630,2016,9,23,91.0,71.0,93,171,1.1,76.08,1010
631,2016,9,24,89.0,73.0,77,169,1.6,80.13,1010
632,2016,9,25,87.0,71.0,82,218,2.5,85.64,1010
633,2016,9,26,86.0,73.0,100,102,1.9,83.43,1010
634,2016,9,27,85.0,70.0,61,46,2.3,84.04,1010
635,2016,9,28,86.0,68.0,58,279,2.2,79.34,1010
636,2016,9,29,93.0,71.0,92,178,1.5,73.97,1010
637,2016,9,30,92.0,74.0,88,161,2.2,82.04,1010
638,2016,10,1,89.0,71.0,88,205,4.0,85.58,1010
639,2016,10,2,91.0,76.0,93,214,3.9,85.32,1010
640,2016,10,3,91.0,75.0,56,311,3.4,86.71,1008
641,2016,10,4,91.0,75.0,61,274,3.1,88.51,1001
642,2016,10,5,91.0,76.0,85,189,5.1,88.97,1001
643,2016,10,6,87.0,76.0,99,31,10.4,94.71,996
644,2016,10,7,91.0,79.0,110,131,7.1,89.9,1000
645,2016,10,8,93.0,77.0,83,215,3.3,87.36,1006
646,2016,10,9,91.0,74.0,72,246,6.1,83.1,1010
647,2016,10,10,87.0,72.0,101,141,7.0,73.1,1010
648,2016,10,11,88.0,76.0,84,182,7.0,74.17,1010
649,2016,10,12,88.0,74.0,98,108,5.6,84.54,1010
650,2016,10,13,90.0,74.0,98,138,6.7,83.54,1010
651,2016,10,14,88.0,71.0,92,150,6.1,81.48,1010
652,2016,10,15,90.0,71.0,65,112,5.6,85.49,1010
653,2016,10,16,87.0,76.0,94,141,4.9,90.09,1010
654,2016,10,17,87.0,71.0,49,303,6.5,83.26,1010
655,2016,10,18,87.0,69.0,64,209,5.8,82.26,1010
656,2016,10,19,87.0,68.0,39,342,6.1,76.53,1010
657,2016,10,20,85.0,68.0,72,118,4.3,82.8,1010
658,2016,10,21,87.0,66.0,35,350,4.1,75.55,1005
659,2016,10,22,82.0,64.0,37,352,5.0,71.23,1010
660,2016,10,23,84.0,63.0,39,343,6.0,72.21,1014
661,2016,10,24,83.0,66.0,87,195,5.1,70.98,1014
662,2016,10,25,83.0,64.0,85,189,5.7,72.27,1011
663,2016,10,26,86.0,73.0,86,151,7.2,77.01,1011
664,2016,10,27,82.0,70.0,59,4,7.5,84.17,1010
665,2016,10,28,81.0,72.0,92,24,7.2,84.28,1010
666,2016,10,29,81.0,75.0,94,29,7.1,91.63,1010
667,2016,10,30,82.0,74.0,93,45,6.4,92.25,1010
668,2016,10,31,84.0,73.0,77,46,6.8,87.33,1010
669,2016,11,1,83.0,66.0,68,242,6.7,75.95,1010
670,2016,11,2,86.0,73.0,67,230,6.2,77.24,1012
671,2016,11,3,81.0,67.0,79,115,4.2,80.55,1011
672,2016,11,4,83.0,64.0,71,169,3.5,79.67,1010
673,2016,11,5,82.0,62.0,66,174,5.1,82.54,1010
674,2016,11,6,81.0,64.0,85,160,6.2,78.61,1010
675,2016,11,7,82.0,65.0,80,133,6.9,77.61,1011
676,2016,11,8,83.0,63.0,62,145,5.0,70.61,1011
677,2016,11,9,82.0,63.0,59,230,2.3,68.11,1010
678,2016,11,10,84.0,62.0,44,207,2.0,75.54,1010
679,2016,11,11,83.0,60.0,49,285,2.0,71.49,1010
680,2016,11,12,83.0,57.0,37,308,1.8,73.31,1010
681,2016,11,13,81.0,60.0,39,299,2.7,74.3,1010
682,2016,11,14,80.0,61.0,90,60,1.1,74.01,1010
683,2016,11,15,81.0,67.0,69,47,2.5,82.19,1010
684,2016,11,16,80.0,62.0,40,305,5.8,78.51,1010
685,2016,11,17,81.0,60.0,56,246,5.6,72.71,1010
686,2016,11,18,81.0,62.0,58,236,5.0,72.49,1012
687,2016,11,19,83.0,61.0,54,215,4.1,76.76,1012
688,2016,11,20,79.0,60.0,36,318,5.1,81.15,1010
689,2016,11,21,78.0,54.0,32,336,3.6,67.42,1010
690,2016,11,22,80.0,52.0,50,271,3.9,75.11,1014
691,2016,11,23,82.0,59.0,31,325,3.8,78.42,1015
692,2016,11,24,84.0,67.0,33,310,4.5,81.82,1018
693,2016,11,25,83.0,65.0,57,229,3.9,76.93,1018
694,2016,11,26,83.0,66.0,54,220,3.7,79.1,1011
695,2016,11,27,81.0,62.0,53,226,5.4,79.29,1010
696,2016,11,28,81.0,66.0,54,193,6.0,84.15,1010
697,2016,11,29,83.0,67.0,72,180,5.5,84.75,1010
698,2016,11,30,84.0,75.0,48,247,5.2,87.36,1010
699,2016,12,1,86.0,72.0,81,100,2.7,95.14,1010
700,2016,12,2,84.0,74.0,70,114,4.4,92.61,1010
701,2016,12,3,82.0,69.0,44,263,5.9,81.69,1010
702,2016,12,4,83.0,69.0,54,230,5.2,85.73,1010
703,2016,12,5,85.0,76.0,71,152,5.5,88.04,1010
704,2016,12,6,87.0,77.0,46,249,5.0,89.85,1010
705,2016,12,7,86.0,73.0,47,234,1.5,93.28,1010
706,2016,12,8,84.0,69.0,53,75,3.3,90.67,1010
707,2016,12,9,79.0,63.0,66,121,7.5,90.34,1018
708,2016,12,10,73.0,63.0,44,1,7.0,90.45,1020
709,2016,12,11,80.0,70.0,69,59,6.6,89.47,1018
710,2016,12,12,84.0,68.0,67,162,2.4,89.62,1011
711,2016,12,13,86.0,64.0,52,233,1.8,89.09,1010
712,2016,12,14,87.0,66.0,35,289,2.2,88.27,1010
713,2016,12,15,82.0,61.0,53,209,4.0,89.01,1011
714,2016,12,16,82.0,62.0,44,266,5.3,78.93,1017
715,2016,12,17,83.0,74.0,53,192,5.3,86.9,1016
716,2016,12,18,85.0,75.0,44,253,5.0,90.67,1018
717,2016,12,19,85.0,71.0,48,229,4.6,90.29,1020
718,2016,12,20,84.0,66.0,63,168,4.0,85.51,1020
719,2016,12,21,79.0,68.0,48,230,4.5,93.03,1017
720,2016,12,22,83.0,65.0,36,209,3.5,87.82,1015
721,2016,12,23,81.0,69.0,66,144,5.5,84.34,1020
722,2016,12,24,84.0,68.0,40,271,5.2,82.94,1020
723,2016,12,25,84.0,67.0,35,288,6.5,81.79,1020
724,2016,12,26,83.0,72.0,53,220,6.8,82.99,1020
725,2016,12,27,83.0,68.0,38,282,4.3,81.89,1020
726,2016,12,28,83.0,63.0,44,275,2.6,80.35,1016
727,2016,12,29,85.0,60.0,29,317,2.1,78.67,1011
728,2016,12,30,70.0,54.0,37,298,7.2,74.04,1018
729,2016,12,31,79.0,49.0,34,303,4.8,77.45,1020
730,2017,1,1,84.0,64.0,51,234,3.9,85.5,1020
731,2017,1,2,84.0,75.0,48,161,4.5,91.13,1016
732,2017,1,3,86.0,70.0,63,168,3.4,93.53,1010
733,2017,1,4,82.0,69.0,69,40,3.7,93.91,1010
734,2017,1,5,82.0,60.0,34,313,2.4,77.42,1010
735,2017,1,6,82.0,56.0,63,185,2.6,86.71,1010
736,2017,1,7,87.0,54.0,50,142,7.2,94.64,1012
737,2017,1,8,68.0,48.0,39,307,9.9,81.3,1022
738,2017,1,9,73.0,48.0,52,214,7.3,67.9,1024
739,2017,1,10,75.0,53.0,60,20,5.6,70.13,1020
740,2017,1,11,78.0,63.0,63,197,5.0,78.97,1020
741,2017,1,12,81.0,63.0,58,234,4.3,80.69,1020
742,2017,1,13,81.0,63.0,37,281,5.2,79.59,1020
743,2017,1,14,80.0,65.0,66,201,5.4,76.5,1020
744,2017,1,15,82.0,65.0,50,250,4.9,76.34,1020
745,2017,1,16,81.0,65.0,60,197,5.2,77.18,1020
746,2017,1,17,81.0,63.0,61,231,4.2,78.78,1020
747,2017,1,18,83.0,59.0,70,215,2.0,71.77,1015
748,2017,1,19,83.0,59.0,33,330,2.4,77.21,1010
749,2017,1,20,84.0,58.0,39,298,3.3,77.48,1010
750,2017,1,21,83.0,59.0,46,225,4.6,79.54,1010
751,2017,1,22,86.0,72.0,46,278,8.3,86.65,1004
752,2017,1,23,79.0,64.0,61,161,10.2,79.01,1000
753,2017,1,24,80.0,55.0,35,337,5.3,77.66,1008
754,2017,1,25,81.0,53.0,30,364,2.8,80.53,1010
755,2017,1,26,85.0,59.0,45,283,3.7,84.61,1010
756,2017,1,27,85.0,62.0,66,223,3.1,82.75,1010
757,2017,1,28,74.0,55.0,48,282,4.2,65.31,1012
758,2017,1,29,63.0,50.0,25,272,5.1,87.04,1015
759,2017,1,30,74.0,47.0,47,302,3.6,74.85,1020
760,2017,1,31,74.0,50.0,46,310,3.1,67.05,1020
761,2017,2,1,79.0,53.0,68,239,2.6,77.76,1020
762,2017,2,2,83.0,57.0,82,195,2.7,85.36,1019
763,2017,2,3,83.0,61.0,66,184,2.1,85.77,1017
764,2017,2,4,82.0,61.0,72,195,3.0,82.84,1018
765,2017,2,5,82.0,59.0,40,324,2.5,75.62,1017
766,2017,2,6,83.0,60.0,72,221,4.8,80.96,1015
767,2017,2,7,83.0,67.0,58,227,4.5,83.59,1010
768,2017,2,8,90.0,62.0,38,337,2.7,87.42,1010
769,2017,2,9,88.0,63.0,60,224,4.5,88.12,1012
770,2017,2,10,80.0,60.0,42,335,6.9,72.99,1020
771,2017,2,11,80.0,57.0,38,347,4.1,74.27,1020
772,2017,2,12,82.0,59.0,56,303,2.5,72.18,1018
773,2017,2,13,83.0,58.0,51,305,2.7,74.97,1010
774,2017,2,14,84.0,60.0,67,258,3.1,82.38,1010
775,2017,2,15,86.0,59.0,74,225,6.6,84.49,1010
776,2017,2,16,81.0,56.0,91,152,6.0,82.32,1010
777,2017,2,17,80.0,49.0,78,227,3.1,72.29,1010
778,2017,2,18,84.0,59.0,104,154,3.4,81.75,1010
779,2017,2,19,91.0,64.0,81,208,3.3,89.0,1010
780,2017,2,20,83.0,64.0,56,288,3.9,78.05,1010
781,2017,2,21,81.0,57.0,99,132,4.5,73.91,1010
782,2017,2,22,76.0,64.0,35,17,5.8,83.37,1002
783,2017,2,23,81.0,59.0,61,294,4.1,75.83,1000
784,2017,2,24,85.0,60.0,60,240,2.5,85.9,1002
785,2017,2,25,89.0,65.0,45,328,3.0,84.27,1010
786,2017,2,26,85.0,61.0,67,286,5.3,84.01,1012
787,2017,2,27,84.0,71.0,98,177,5.6,82.89,1020
788,2017,2,28,85.0,71.0,73,270,5.9,84.98,1020
789,2017,3,1,86.0,68.0,55,308,4.7,83.22,1015
790,2017,3,2,87.0,67.0,109,113,3.5,83.68,1010
791,2017,3,3,85.0,66.0,86,153,7.9,84.38,1018
792,2017,3,4,,,93,212,9.2,67.78,1020
793,2017,3,5,79.0,68.0,91,205,9.7,66.68,1020
794,2017,3,6,79.0,66.0,113,128,8.4,66.54,1020
795,2017,3,7,81.0,68.0,69,287,6.2,72.36,1020
796,2017,3,8,82.0,65.0,52,338,4.4,73.22,1020
797,2017,3,9,83.0,60.0,73,255,3.5,71.67,1020
798,2017,3,10,88.0,59.0,68,274,1.7,69.45,1013
799,2017,3,11,86.0,60.0,99,180,3.8,77.65,1010
800,2017,3,12,84.0,63.0,93,139,2.4,74.59,1010
801,2017,3,13,85.0,62.0,85,245,4.4,78.64,1010
802,2017,3,14,81.0,54.0,111,177,7.1,80.36,1010
803,2017,3,15,73.0,50.0,48,356,6.4,67.78,1018
804,2017,3,16,75.0,50.0,45,379,5.3,62.63,1020
805,2017,3,17,76.0,50.0,99,236,5.5,67.79,1020
806,2017,3,18,80.0,58.0,59,312,3.1,64.95,1020
807,2017,3,19,85.0,54.0,45,371,4.7,73.82,1017
808,2017,3,20,79.0,56.0,70,312,4.9,68.12,1017
809,2017,3,21,80.0,54.0,55,350,3.2,63.07,1016
810,2017,3,22,85.0,57.0,55,345,1.7,64.05,1012
811,2017,3,23,85.0,56.0,99,217,5.1,82.3,1018
812,2017,3,24,82.0,68.0,127,92,8.1,81.19,1020
813,2017,3,25,82.0,67.0,114,219,6.3,77.33,1017
814,2017,3,26,83.0,65.0,122,156,5.5,76.82,1010
815,2017,3,27,83.0,60.0,108,250,3.9,74.8,1010
816,2017,3,28,87.0,60.0,56,344,1.9,72.98,1010
817,2017,3,29,86.0,64.0,47,372,2.8,72.98,1010
818,2017,3,30,84.0,65.0,73,283,4.5,70.87,1010
819,2017,3,31,88.0,71.0,96,248,5.5,76.3,1010
820,2017,4,1,88.0,69.0,93,254,2.2,79.65,1010
821,2017,4,2,87.0,70.0,119,143,3.4,82.57,1010
822,2017,4,3,86.0,76.0,79,290,5.9,80.32,1010
823,2017,4,4,87.0,73.0,84,286,5.2,78.96,1010
824,2017,4,5,88.0,68.0,103,218,5.0,85.74,1010
825,2017,4,6,91.0,65.0,138,138,6.2,82.82,1010
826,2017,4,7,79.0,57.0,50,390,6.5,57.77,1010
827,2017,4,8,80.0,52.0,54,383,3.0,48.35,1010
828,2017,4,9,83.0,62.0,108,181,4.6,62.95,1012
829,2017,4,10,84.0,59.0,112,190,6.3,66.94,1018
830,2017,4,11,84.0,65.0,111,218,6.5,66.75,1018
831,2017,4,12,85.0,61.0,97,208,6.1,79.12,1011
832,2017,4,13,83.0,70.0,64,347,6.2,74.72,1013
833,2017,4,14,84.0,60.0,107,260,6.5,72.9,1015
834,2017,4,15,81.0,75.0,110,206,7.8,75.67,1019
835,2017,4,16,84.0,72.0,121,215,6.4,73.91,1019
836,2017,4,17,81.0,73.0,109,52,5.4,78.66,1012
837,2017,4,18,84.0,72.0,108,213,6.0,75.69,1013
838,2017,4,19,84.0,70.0,107,161,6.2,77.14,1015
839,2017,4,20,83.0,70.0,110,178,6.2,75.42,1011
840,2017,4,21,84.0,70.0,138,157,6.0,68.75,1010
841,2017,4,22,86.0,73.0,105,133,6.1,82.0,1010
842,2017,4,23,80.0,68.0,69,35,4.5,95.43,1001
843,2017,4,24,88.0,64.0,90,292,5.1,84.04,1000
844,2017,4,25,85.0,60.0,52,402,4.5,68.98,1008
845,2017,4,26,86.0,61.0,61,371,3.2,75.16,1010
846,2017,4,27,91.0,75.0,124,216,4.0,85.12,1010
847,2017,4,28,88.0,77.0,80,320,5.7,85.96,1010
848,2017,4,29,87.0,76.0,100,274,7.5,79.64,1011
849,2017,4,30,87.0,76.0,136,171,7.8,78.08,1010
850,2017,5,1,87.0,77.0,153,116,6.3,81.55,1010
851,2017,5,2,88.0,70.0,127,138,3.9,81.57,1010
852,2017,5,3,87.0,67.0,87,311,3.5,81.19,1010
853,2017,5,4,89.0,70.0,75,287,3.4,78.69,1010
854,2017,5,5,87.0,63.0,116,85,6.9,83.92,1002
855,2017,5,6,84.0,61.0,67,377,5.6,62.7,1010
856,2017,5,7,86.0,60.0,55,407,2.5,58.4,1010
857,2017,5,8,88.0,57.0,56,401,2.0,59.15,1010
858,2017,5,9,88.0,62.0,66,370,2.3,64.4,1010
859,2017,5,10,88.0,66.0,78,345,1.9,67.56,1010
860,2017,5,11,89.0,66.0,58,390,2.5,69.4,1010
861,2017,5,12,91.0,65.0,83,337,3.4,73.84,1010
862,2017,5,13,92.0,72.0,100,281,5.6,74.02,1010
863,2017,5,14,89.0,70.0,134,129,4.7,81.22,1010
864,2017,5,15,95.0,67.0,59,372,2.4,79.05,1010
865,2017,5,16,90.0,71.0,72,326,4.8,80.9,1010
866,2017,5,17,89.0,79.0,111,250,7.2,80.86,1010
867,2017,5,18,89.0,76.0,111,188,7.4,84.55,1010
868,2017,5,19,89.0,79.0,126,209,7.0,83.58,1010
869,2017,5,20,89.0,80.0,79,329,6.1,78.43,1010
870,2017,5,21,90.0,73.0,57,384,4.3,77.34,1010
871,2017,5,22,90.0,72.0,56,382,3.6,74.51,1010
872,2017,5,23,91.0,71.0,77,324,4.8,76.98,1010
873,2017,5,24,92.0,70.0,128,204,6.4,82.71,1010
874,2017,5,25,92.0,76.0,137,59,6.0,86.78,1010
875,2017,5,26,92.0,77.0,100,242,1.8,82.19,1010
876,2017,5,27,,,95,296,2.1,77.57,1010
877,2017,5,28,95.0,77.0,71,350,2.7,69.05,1010
878,2017,5,29,,,115,210,2.4,72.52,1010
879,2017,5,30,,,83,256,3.5,75.57,1010
880,2017,5,31,93.0,80.0,87,257,3.9,75.38,1010
881,2017,6,1,93.0,75.0,129,219,3.2,81.61,1010
882,2017,6,2,87.0,75.0,150,42,3.4,87.4,1010
883,2017,6,3,86.0,74.0,115,58,2.5,87.32,1010
884,2017,6,4,85.0,75.0,143,46,3.4,81.89,1010
885,2017,6,5,90.0,76.0,143,76,3.7,85.22,1010
886,2017,6,6,90.0,74.0,103,61,4.3,96.23,1010
887,2017,6,7,86.0,71.0,102,33,5.7,95.65,1008
888,2017,6,8,92.0,75.0,128,143,6.2,92.26,1004
889,2017,6,9,89.0,74.0,127,77,2.5,89.61,1010
890,2017,6,10,90.0,76.0,150,94,3.3,91.34,1010
891,2017,6,11,91.0,81.0,109,256,4.6,88.97,1011
892,2017,6,12,89.0,77.0,149,81,4.0,86.25,1010
893,2017,6,13,90.0,77.0,105,260,3.9,82.58,1010
894,2017,6,14,87.0,76.0,136,97,3.5,83.74,1010
895,2017,6,15,90.0,72.0,79,299,2.2,85.58,1010
896,2017,6,16,89.0,73.0,101,222,3.0,88.09,1010
897,2017,6,17,90.0,76.0,126,206,3.7,84.03,1010
898,2017,6,18,90.0,78.0,131,114,5.9,84.25,1010
899,2017,6,19,87.0,77.0,142,122,6.3,89.1,1010
900,2017,6,20,89.0,82.0,148,196,6.6,81.91,1010
901,2017,6,21,90.0,79.0,131,225,5.4,85.53,1010
902,2017,6,22,90.0,79.0,57,382,5.2,80.96,1010
903,2017,6,23,91.0,79.0,62,372,5.0,77.18,1010
904,2017,6,24,91.0,81.0,78,348,4.2,78.5,1010
905,2017,6,25,91.0,80.0,51,399,3.7,76.57,1010
906,2017,6,26,93.0,76.0,52,393,2.4,76.35,1010
907,2017,6,27,93.0,74.0,91,129,1.6,76.87,1010
908,2017,6,28,92.0,75.0,90,207,1.9,81.4,1010
909,2017,6,29,91.0,76.0,119,247,2.3,80.96,1010
910,2017,6,30,91.0,77.0,75,316,3.9,79.08,1010
911,2017,7,1,93.0,82.0,67,354,3.7,78.85,1011
912,2017,7,2,91.0,77.0,72,348,3.2,79.32,1014
913,2017,7,3,92.0,81.0,64,361,3.6,79.59,1010
914,2017,7,4,91.0,79.0,134,221,3.7,79.86,1010
915,2017,7,5,92.0,80.0,97,294,4.6,79.81,1010
916,2017,7,6,93.0,79.0,72,347,3.8,78.89,1011
917,2017,7,7,93.0,77.0,131,219,2.1,80.78,1010
918,2017,7,8,93.0,76.0,113,264,1.7,78.89,1010
919,2017,7,9,94.0,76.0,82,339,3.2,78.03,1010
920,2017,7,10,94.0,75.0,153,134,3.6,82.57,1010
921,2017,7,11,92.0,75.0,127,145,3.0,80.83,1010
922,2017,7,12,93.0,75.0,114,123,4.3,88.7,1010
923,2017,7,13,92.0,77.0,94,268,5.0,87.98,1010
924,2017,7,14,92.0,80.0,81,320,4.3,82.17,1010
925,2017,7,15,93.0,78.0,109,278,3.3,80.51,1010
926,2017,7,16,92.0,75.0,111,223,2.8,86.16,1010
927,2017,7,17,93.0,78.0,62,364,3.7,84.23,1010
928,2017,7,18,91.0,76.0,101,120,2.2,79.28,1010
929,2017,7,19,91.0,77.0,144,160,2.3,83.23,1010
930,2017,7,20,92.0,76.0,108,161,1.8,78.76,1010
931,2017,7,21,90.0,73.0,87,84,2.4,87.18,1010
932,2017,7,22,93.0,75.0,99,178,2.3,79.35,1010
933,2017,7,23,93.0,77.0,85,193,2.9,76.1,1010
934,2017,7,24,93.0,76.0,123,198,2.2,77.42,1010
935,2017,7,25,93.0,78.0,113,190,1.9,80.85,1012
936,2017,7,26,92.0,77.0,132,186,2.7,80.71,1010
937,2017,7,27,94.0,77.0,64,354,2.4,74.54,1010
938,2017,7,28,93.0,77.0,119,221,2.4,78.39,1010
939,2017,7,29,92.0,78.0,103,194,3.4,84.02,1010
940,2017,7,30,,,109,207,4.6,85.16,1010
941,2017,7,31,85.0,74.0,59,2,6.1,92.98,1010
942,2017,8,1,93.0,74.0,82,136,4.2,86.18,1010
943,2017,8,2,93.0,74.0,68,331,2.5,83.37,1010
944,2017,8,3,93.0,78.0,95,282,3.3,82.97,1013
945,2017,8,4,92.0,81.0,89,291,4.1,78.48,1010
946,2017,8,5,93.0,81.0,73,331,4.0,77.74,1010
947,2017,8,6,93.0,82.0,69,334,5.2,77.58,1010
948,2017,8,7,92.0,81.0,71,340,5.4,77.71,1010
949,2017,8,8,93.0,80.0,61,357,4.7,74.32,1010
950,2017,8,9,93.0,78.0,59,359,4.3,76.89,1010
951,2017,8,10,87.0,77.0,126,36,1.8,84.97,1010
952,2017,8,11,92.0,75.0,113,200,1.6,76.78,1010
953,2017,8,12,94.0,76.0,66,330,1.6,77.47,1010
954,2017,8,13,94.0,76.0,102,254,2.0,75.52,1010
955,2017,8,14,95.0,76.0,93,285,2.3,77.32,1010
956,2017,8,15,93.0,77.0,115,239,1.2,71.17,1010
957,2017,8,16,94.0,76.0,81,322,2.2,72.49,1010
958,2017,8,17,94.0,78.0,58,356,2.6,71.18,1010
959,2017,8,18,94.0,77.0,65,332,2.6,73.89,1010
960,2017,8,19,95.0,76.0,71,334,3.7,77.02,1010
961,2017,8,20,91.0,78.0,96,109,4.1,86.42,1010
962,2017,8,21,92.0,78.0,78,261,4.9,74.38,1010
963,2017,8,22,93.0,78.0,85,281,4.0,83.16,1010
964,2017,8,23,87.0,77.0,96,67,3.0,86.62,1010
965,2017,8,24,88.0,73.0,76,63,4.1,89.75,1010
966,2017,8,25,85.0,73.0,100,43,4.3,91.26,1010
967,2017,8,26,86.0,74.0,123,46,4.1,88.56,1010
968,2017,8,27,92.0,75.0,126,78,3.5,87.74,1010
969,2017,8,28,94.0,75.0,71,306,3.2,81.72,1010
970,2017,8,29,95.0,77.0,105,247,1.9,78.48,1010
971,2017,8,30,94.0,78.0,60,330,1.7,77.75,1010
972,2017,8,31,93.0,80.0,45,372,2.8,81.85,1010
973,2017,9,1,93.0,78.0,72,294,2.5,82.43,1010
974,2017,9,2,91.0,74.0,118,119,1.3,84.38,1010
975,2017,9,3,92.0,77.0,93,199,1.6,76.92,1010
976,2017,9,4,92.0,78.0,97,198,3.8,80.32,1010
977,2017,9,5,93.0,79.0,59,273,3.1,81.62,1010
978,2017,9,6,90.0,76.0,82,134,2.4,81.01,1010
979,2017,9,7,93.0,77.0,85,250,2.6,81.94,1010
980,2017,9,8,94.0,80.0,87,241,6.9,86.38,1006
981,2017,9,9,87.0,75.0,61,2,15.5,87.83,998
982,2017,9,10,80.0,77.0,32,0,23.6,88.18,988
983,2017,9,11,,,92,248,7.2,86.6,1000
984,2017,9,12,91.0,91.0,48,350,2.2,75.6,1008
985,2017,9,13,,,90,172,1.9,80.4,1010
986,2017,9,14,90.0,86.0,87,238,2.0,83.15,1010
987,2017,9,15,91.0,82.0,66,298,3.5,80.64,1010
988,2017,9,16,92.0,77.0,86,254,4.4,82.37,1010
989,2017,9,17,91.0,74.0,64,280,3.8,81.01,1010
990,2017,9,18,91.0,71.0,49,348,3.2,77.19,1010
991,2017,9,19,93.0,75.0,47,352,1.9,76.65,1010
992,2017,9,20,92.0,75.0,74,223,1.9,73.87,1010
993,2017,9,21,92.0,75.0,82,243,2.8,78.06,1010
994,2017,9,22,88.0,75.0,74,49,2.8,83.38,1009
995,2017,9,23,91.0,74.0,91,71,3.2,85.15,1003
996,2017,9,24,90.0,75.0,114,124,2.2,82.54,1006
997,2017,9,25,89.0,75.0,103,175,1.7,80.74,1010
998,2017,9,26,87.0,74.0,99,142,2.4,86.41,1010
999,2017,9,27,89.0,77.0,99,47,2.0,85.03,1010
1000,2017,9,28,90.0,74.0,100,176,2.6,84.56,1010
1001,2017,9,29,85.0,76.0,104,44,4.5,91.59,1010
1002,2017,9,30,90.0,75.0,104,189,1.7,83.68,1010
1003,2017,10,1,90.0,77.0,65,284,5.1,83.53,1010
1004,2017,10,2,88.0,77.0,92,89,7.1,85.25,1010
1005,2017,10,3,88.0,79.0,113,68,8.5,87.13,1010
1006,2017,10,4,86.0,74.0,86,82,9.1,86.9,1010
1007,2017,10,5,86.0,74.0,105,53,6.8,91.47,1009
1008,2017,10,6,88.0,78.0,107,90,4.5,90.85,1010
1009,2017,10,7,,,88,188,4.4,93.51,1010
1010,2017,10,8,,,57,296,3.3,88.58,1010
1011,2017,10,9,90.0,74.0,88,188,4.9,84.42,1010
1012,2017,10,10,89.0,78.0,61,279,6.1,82.65,1010
1013,2017,10,11,88.0,73.0,90,184,6.3,81.33,1010
1014,2017,10,12,84.0,74.0,87,62,5.8,87.94,1009
1015,2017,10,13,88.0,75.0,71,188,4.1,86.46,1010
1016,2017,10,14,87.0,74.0,96,161,4.2,85.43,1010
1017,2017,10,15,88.0,74.0,38,337,2.8,83.4,1010
1018,2017,10,16,88.0,72.0,38,334,1.9,81.68,1010
1019,2017,10,17,88.0,72.0,78,209,3.0,82.06,1010
1020,2017,10,18,84.0,73.0,99,45,3.0,85.61,1010
1021,2017,10,19,88.0,71.0,89,147,4.4,87.95,1010
1022,2017,10,20,87.0,73.0,93,174,6.8,85.63,1010
1023,2017,10,21,87.0,77.0,97,99,7.2,86.17,1010
1024,2017,10,22,87.0,77.0,105,108,6.3,82.53,1010
1025,2017,10,23,87.0,79.0,82,174,4.7,82.45,1010
1026,2017,10,24,87.0,71.0,83,50,4.0,88.44,1010
1027,2017,10,25,76.0,60.0,101,117,6.8,78.34,1010
1028,2017,10,26,76.0,57.0,37,353,5.4,69.56,1010
1029,2017,10,27,82.0,62.0,82,186,4.6,73.41,1010
1030,2017,10,28,79.0,74.0,68,6,4.5,93.33,1005
1031,2017,10,29,80.0,58.0,59,271,7.3,87.6,1003
1032,2017,10,30,68.0,54.0,33,365,5.1,64.96,1010
1033,2017,10,31,78.0,55.0,71,218,4.5,73.9,1012
1034,2017,11,1,82.0,62.0,47,311,3.3,73.69,1010
1035,2017,11,2,84.0,66.0,78,177,4.0,81.84,1010
1036,2017,11,3,84.0,65.0,64,225,4.5,84.89,1010
1037,2017,11,4,82.0,68.0,63,114,4.5,89.62,1010
1038,2017,11,5,85.0,67.0,44,261,3.1,88.48,1010
1039,2017,11,6,84.0,65.0,63,182,2.3,84.3,1010
1040,2017,11,7,84.0,66.0,74,188,3.2,82.93,1010
1041,2017,11,8,86.0,66.0,38,295,3.9,83.98,1010
1042,2017,11,9,86.0,68.0,43,281,3.7,84.9,1010
1043,2017,11,10,86.0,67.0,59,186,5.4,85.12,1010
1044,2017,11,11,84.0,73.0,62,222,7.3,84.57,1010
1045,2017,11,12,85.0,73.0,77,129,6.8,88.23,1010
1046,2017,11,13,84.0,72.0,85,118,5.9,90.64,1010
1047,2017,11,14,85.0,71.0,87,142,7.0,88.23,1010
1048,2017,11,15,78.0,69.0,77,43,6.1,89.43,1010
1049,2017,11,16,80.0,67.0,59,232,5.8,88.26,1010
1050,2017,11,17,81.0,62.0,63,216,5.8,82.24,1010
1051,2017,11,18,82.0,59.0,40,302,2.3,69.58,1010
1052,2017,11,19,82.0,60.0,29,338,2.3,74.39,1010
1053,2017,11,20,80.0,64.0,78,87,5.7,87.46,1010
1054,2017,11,21,83.0,64.0,46,232,3.0,79.95,1010
1055,2017,11,22,84.0,63.0,30,322,1.5,79.66,1010
1056,2017,11,23,84.0,65.0,45,146,4.1,84.43,1010
1057,2017,11,24,81.0,62.0,49,246,4.0,88.31,1008
1058,2017,11,25,77.0,60.0,32,319,3.1,81.66,1010
1059,2017,11,26,81.0,60.0,45,251,4.1,73.65,1010
1060,2017,11,27,79.0,63.0,74,116,4.6,78.66,1010
1061,2017,11,28,83.0,69.0,77,125,5.8,88.37,1010
1062,2017,11,29,83.0,67.0,51,185,4.8,90.39,1010
1063,2017,11,30,83.0,69.0,50,192,5.6,85.36,1010
1064,2017,12,1,83.0,64.0,32,312,5.1,84.29,1010
1065,2017,12,2,82.0,63.0,42,276,4.4,77.85,1011
1066,2017,12,3,81.0,64.0,36,268,3.9,76.3,1010
1067,2017,12,4,81.0,63.0,46,262,4.7,76.86,1014
1068,2017,12,5,82.0,65.0,32,303,4.5,79.5,1015
1069,2017,12,6,83.0,64.0,32,306,2.8,81.3,1011
1070,2017,12,7,85.0,66.0,39,270,2.5,86.21,1010
1071,2017,12,8,85.0,69.0,32,296,4.6,90.81,1009
1072,2017,12,9,78.0,57.0,51,3,6.9,94.15,1011
1073,2017,12,10,61.0,48.0,29,349,7.0,74.55,1020
1074,2017,12,11,66.0,46.0,29,343,4.2,65.16,1020
1075,2017,12,12,72.0,41.0,29,330,3.6,70.57,1010
1076,2017,12,13,66.0,44.0,28,352,4.3,69.7,1011
1077,2017,12,14,71.0,39.0,28,334,1.0,56.87,1010
1078,2017,12,15,79.0,48.0,30,320,1.0,70.6,1012
1079,2017,12,16,80.0,51.0,43,267,2.9,79.45,1020
1080,2017,12,17,82.0,59.0,48,248,2.9,88.19,1020
1081,2017,12,18,82.0,62.0,46,238,1.8,90.72,1020
1082,2017,12,19,83.0,59.0,31,312,2.3,88.25,1020
1083,2017,12,20,81.0,57.0,57,214,2.5,86.47,1013
1084,2017,12,21,83.0,59.0,38,287,1.5,85.0,1010
1085,2017,12,22,84.0,61.0,56,220,2.2,85.61,1016
1086,2017,12,23,81.0,61.0,52,241,3.0,77.4,1020
1087,2017,12,24,81.0,56.0,38,269,1.5,70.39,1016
1088,2017,12,25,83.0,56.0,34,301,2.7,78.9,1019
1089,2017,12,26,83.0,64.0,53,205,4.2,85.49,1020
1090,2017,12,27,82.0,61.0,40,158,3.6,84.76,1020
1091,2017,12,28,80.0,62.0,52,215,4.1,87.14,1019
1092,2017,12,29,77.0,61.0,34,293,4.3,88.86,1018
1093,2017,12,30,68.0,52.0,69,141,3.7,89.98,1016
1094,2017,12,31,74.0,49.0,33,314,3.9,79.87,1015
1095,2018,1,1,79.0,54.0,37,274,2.5,74.7,1019
1096,2018,1,2,70.0,54.0,50,8,7.7,89.0,1017
1097,2018,1,3,67.0,50.0,53,100,7.2,88.0,1014
1098,2018,1,4,59.0,41.0,34,332,6.7,72.3,1020
1099,2018,1,5,61.0,40.0,34,330,5.4,70.8,1025
1100,2018,1,6,69.0,48.0,40,227,6.7,79.2,1026
1101,2018,1,7,73.0,47.0,42,283,5.6,78.0,1024
1102,2018,1,8,77.0,56.0,74,92,3.8,83.1,1019
1103,2018,1,9,78.0,61.0,70,27,1.8,90.2,1016
1104,2018,1,10,77.0,62.0,76,22,1.8,86.8,1016
1105,2018,1,11,81.0,65.0,38,282,2.6,88.7,1015
1106,2018,1,12,83.0,70.0,53,127,4.1,93.8,1014
1107,2018,1,13,76.0,57.0,40,279,4.9,82.3,1019
1108,2018,1,14,72.0,50.0,43,285,7.1,81.1,1023
1109,2018,1,15,74.0,53.0,50,238,6.4,83.5,1023
1110,2018,1,16,76.0,57.0,48,251,6.2,73.8,1023
1111,2018,1,17,74.0,54.0,83,78,5.6,78.9,1022
1112,2018,1,18,62.0,43.0,40,326,7.0,76.8,1024
1113,2018,1,19,71.0,47.0,72,143,3.9,81.7,1023
1114,2018,1,20,75.0,54.0,70,57,2.9,79.2,1022
1115,2018,1,21,79.0,62.0,79,121,3.8,85.2,1020
1116,2018,1,22,80.0,67.0,43,275,3.5,86.6,1018
1117,2018,1,23,83.0,69.0,83,105,2.4,92.8,1017
1118,2018,1,24,80.0,67.0,51,153,3.3,91.6,1019
1119,2018,1,25,73.0,61.0,70,51,8.2,77.8,1023
1120,2018,1,26,77.0,69.0,77,155,9.7,72.6,1025
1121,2018,1,27,79.0,69.0,61,220,8.3,75.7,1023
1122,2018,1,28,80.0,71.0,83,116,6.6,82.9,1019
1123,2018,1,29,83.0,66.0,86,94,4.7,91.0,1015
1124,2018,1,30,70.0,54.0,49,306,8.2,74.3,1020
1125,2018,1,31,73.0,46.0,56,258,6.2,71.4,1022
1126,2018,2,1,79.0,55.0,63,240,3.3,71.0,1021
1127,2018,2,2,82.0,60.0,72,160,2.0,76.8,1021
1128,2018,2,3,74.0,59.0,54,16,5.9,82.6,1021
1129,2018,2,4,80.0,67.0,62,203,4.1,85.5,1018
1130,2018,2,5,85.0,65.0,55,201,3.9,87.9,1019
1131,2018,2,6,78.0,64.0,82,67,5.0,84.1,1022
1132,2018,2,7,82.0,68.0,58,236,4.7,84.5,1022
1133,2018,2,8,84.0,67.0,43,305,4.2,85.7,1022
1134,2018,2,9,82.0,67.0,51,293,5.6,85.1,1022
1135,2018,2,10,83.0,72.0,53,282,5.8,78.6,1021
1136,2018,2,11,84.0,73.0,63,221,6.2,84.1,1020
1137,2018,2,12,84.0,72.0,46,318,5.0,82.8,1024
1138,2018,2,13,84.0,68.0,53,290,5.3,81.3,1026
1139,2018,2,14,83.0,66.0,44,327,4.9,74.1,1026
1140,2018,2,15,82.0,60.0,39,351,3.2,68.2,1024
1141,2018,2,16,84.0,57.0,34,373,2.2,69.1,1022
1142,2018,2,17,83.0,60.0,41,351,2.7,71.8,1022
1143,2018,2,18,83.0,62.0,45,329,3.9,77.5,1022
1144,2018,2,19,82.0,70.0,75,132,6.8,78.3,1023
1145,2018,2,20,82.0,73.0,72,204,7.1,82.0,1024
1146,2018,2,21,84.0,73.0,65,266,7.1,78.6,1026
1147,2018,2,22,84.0,71.0,76,221,6.5,79.6,1026
1148,2018,2,23,83.0,70.0,55,298,6.2,78.1,1025
1149,2018,2,24,82.0,70.0,59,284,5.9,78.9,1021
1150,2018,2,25,84.0,69.0,38,343,4.2,78.5,1020
1151,2018,2,26,83.0,63.0,67,86,2.7,75.6,1021
1152,2018,2,27,85.0,64.0,59,222,3.0,76.8,1020
1153,2018,2,28,82.0,64.0,70,267,3.8,76.4,1018
1154,2018,3,1,85.0,61.0,51,326,3.4,73.9,1017
1155,2018,3,2,88.0,60.0,50,315,3.5,76.5,1017
1156,2018,3,3,80.0,58.0,47,366,5.9,61.7,1017
1157,2018,3,4,78.0,56.0,55,335,6.1,62.8,1017
1158,2018,3,5,77.0,55.0,71,286,3.3,62.7,1017
1159,2018,3,6,79.0,51.0,73,286,3.6,65.6,1016
1160,2018,3,7,84.0,62.0,76,153,5.7,74.4,1015
1161,2018,3,8,74.0,50.0,65,290,5.9,63.4,1017
1162,2018,3,9,73.0,52.0,62,276,4.7,61.4,1020
1163,2018,3,10,76.0,54.0,91,64,4.4,73.7,1017
1164,2018,3,11,87.0,68.0,81,234,3.3,85.5,1012
1165,2018,3,12,78.0,52.0,79,60,7.0,82.8,1011
1166,2018,3,13,75.0,50.0,50,360,4.4,61.3,1017
1167,2018,3,14,74.0,50.0,56,334,5.4,60.6,1018
1168,2018,3,15,77.0,45.0,43,396,3.3,55.1,1020
1169,2018,3,16,79.0,50.0,44,381,1.9,59.1,1019
1170,2018,3,17,83.0,55.0,68,306,2.6,69.7,1017
1171,2018,3,18,88.0,60.0,61,300,2.4,77.8,1014
1172,2018,3,19,90.0,63.0,94,231,3.3,82.6,1011
1173,2018,3,20,90.0,69.0,98,223,5.9,84.7,1010
1174,2018,3,21,82.0,56.0,87,246,7.1,71.4,1015
1175,2018,3,22,75.0,49.0,52,370,6.0,55.6,1021
1176,2018,3,23,79.0,47.0,50,381,4.8,55.0,1022
1177,2018,3,24,78.0,50.0,58,345,4.6,63.6,1021
1178,2018,3,25,83.0,57.0,55,348,2.8,68.3,1018
1179,2018,3,26,85.0,63.0,93,232,4.0,73.2,1020
1180,2018,3,27,78.0,66.0,68,310,8.2,70.5,1022
1181,2018,3,28,80.0,68.0,105,217,6.8,66.1,1020
1182,2018,3,29,82.0,71.0,101,179,6.2,70.1,1019
1183,2018,3,30,84.0,67.0,91,271,3.9,72.9,1019
1184,2018,3,31,85.0,63.0,104,205,3.1,74.4,1018
1185,2018,4,1,85.0,65.0,70,294,4.2,75.5,1017
1186,2018,4,2,85.0,64.0,46,385,3.7,73.6,1016
1187,2018,4,3,85.0,68.0,43,401,4.7,74.6,1016
1188,2018,4,4,86.0,65.0,79,220,3.2,73.9,1015
1189,2018,4,5,86.0,62.0,83,259,4.9,78.9,1016
1190,2018,4,6,86.0,65.0,60,350,3.9,75.9,1015
1191,2018,4,7,89.0,63.0,54,364,5.1,74.2,1012
1192,2018,4,8,91.0,68.0,83,179,3.1,76.9,1012
1193,2018,4,9,92.0,66.0,67,326,3.4,75.3,1015
1194,2018,4,10,94.0,70.0,66,317,2.4,76.2,1017
1195,2018,4,11,88.0,65.0,71,315,4.8,77.7,1017
1196,2018,4,12,85.0,61.0,92,284,5.7,68.6,1019
1197,2018,4,13,85.0,68.0,57,375,4.9,67.4,1018
1198,2018,4,14,89.0,63.0,57,373,4.7,71.1,1017
1199,2018,4,15,89.0,72.0,132,136,7.1,81.9,1016
1200,2018,4,16,83.0,60.0,57,383,5.9,67.7,1018
1201,2018,4,17,83.0,57.0,52,409,4.9,63.6,1019
1202,2018,4,18,83.0,57.0,57,391,3.7,67.0,1019
1203,2018,4,19,86.0,59.0,62,373,2.5,65.6,1018
1204,2018,4,20,91.0,62.0,59,372,2.3,71.4,1019
1205,2018,4,21,88.0,67.0,131,170,4.0,77.8,1018
1206,2018,4,22,89.0,71.0,113,136,5.1,81.3,1017
1207,2018,4,23,88.0,74.0,97,92,4.3,80.9,1016
1208,2018,4,24,94.0,72.0,79,295,4.2,78.3,1014
1209,2018,4,25,90.0,64.0,64,364,4.0,70.4,1014
1210,2018,4,26,85.0,62.0,90,249,2.8,70.8,1013
1211,2018,4,27,84.0,67.0,94,131,4.0,76.4,1012
1212,2018,4,28,88.0,67.0,54,391,3.5,69.5,1013
1213,2018,4,29,86.0,61.0,77,340,2.5,65.6,1017
1214,2018,4,30,85.0,69.0,90,303,5.8,64.6,1019
1215,2018,5,1,85.0,70.0,101,237,6.5,71.7,1020
1216,2018,5,2,86.0,72.0,107,185,7.4,77.0,1021
1217,2018,5,3,86.0,75.0,130,153,7.6,79.1,1019
1218,2018,5,4,86.0,72.0,78,334,7.2,74.6,1017
1219,2018,5,5,86.0,70.0,95,253,5.5,81.4,1013
1220,2018,5,6,90.0,71.0,88,258,3.7,77.1,1014
1221,2018,5,7,92.0,68.0,117,185,1.5,75.3,1014
1222,2018,5,8,89.0,73.0,92,182,5.1,71.8,1015
1223,2018,5,9,87.0,66.0,88,329,5.7,68.8,1017
1224,2018,5,10,86.0,64.0,92,287,4.7,68.8,1018
1225,2018,5,11,87.0,69.0,102,248,4.2,67.1,1018
1226,2018,5,12,81.0,74.0,96,11,3.9,78.7,1018
1227,2018,5,13,81.0,72.0,67,2,3.6,88.9,1016
1228,2018,5,14,86.0,71.0,91,139,4.4,87.3,1014
1229,2018,5,15,87.0,70.0,117,156,4.0,86.5,1014
1230,2018,5,16,88.0,70.0,110,183,4.1,83.5,1014
1231,2018,5,17,82.0,73.0,67,5,3.0,90.2,1015
1232,2018,5,18,88.0,72.0,131,161,3.4,86.6,1015
1233,2018,5,19,80.0,71.0,91,7,5.4,89.2,1016
1234,2018,5,20,81.0,72.0,85,7,5.7,88.9,1017
1235,2018,5,21,82.0,74.0,84,6,6.0,85.9,1017
1236,2018,5,22,84.0,77.0,131,26,5.7,83.5,1017
1237,2018,5,23,87.0,75.0,88,276,4.0,82.8,1017
1238,2018,5,24,87.0,76.0,133,71,2.8,84.6,1017
1239,2018,5,25,81.0,74.0,64,2,4.3,87.3,1015
1240,2018,5,26,79.0,72.0,64,2,6.3,88.6,1012
1241,2018,5,27,85.0,75.0,142,57,8.1,93.2,1010
1242,2018,5,28,82.0,75.0,142,34,6.9,91.8,1012
1243,2018,5,29,87.0,75.0,141,90,4.3,85.3,1014
1244,2018,5,30,89.0,77.0,119,135,3.8,87.0,1015
1245,2018,5,31,87.0,75.0,135,115,3.3,87.5,1016
1246,2018,6,1,88.0,72.0,127,207,2.3,74.8,1015
1247,2018,6,2,92.0,71.0,87,289,1.6,73.5,1015
1248,2018,6,3,93.0,73.0,69,350,2.6,76.1,1015
1249,2018,6,4,95.0,74.0,59,378,3.2,79.5,1015
1250,2018,6,5,94.0,75.0,75,328,4.1,78.8,1014
1251,2018,6,6,94.0,74.0,74,324,3.1,75.1,1013
1252,2018,6,7,91.0,73.0,103,98,2.8,81.8,1016
1253,2018,6,8,90.0,73.0,82,150,3.4,79.6,1019
1254,2018,6,9,87.0,72.0,71,68,2.4,82.3,1018
1255,2018,6,10,88.0,74.0,133,68,2.2,81.5,1017
1256,2018,6,11,87.0,72.0,100,123,2.6,82.0,1016
1257,2018,6,12,89.0,73.0,101,127,3.0,84.5,1017
1258,2018,6,13,89.0,75.0,126,60,2.7,82.2,1018
1259,2018,6,14,90.0,72.0,83,90,1.5,80.6,1017
1260,2018,6,15,90.0,72.0,113,143,1.7,82.3,1017
1261,2018,6,16,91.0,73.0,108,182,2.4,79.1,1017
1262,2018,6,17,91.0,75.0,131,117,2.6,75.9,1018
1263,2018,6,18,90.0,75.0,113,153,2.4,76.7,1017
1264,2018,6,19,89.0,73.0,118,194,2.5,75.6,1015
1265,2018,6,20,93.0,73.0,88,296,1.6,71.6,1013
1266,2018,6,21,95.0,78.0,86,281,2.7,75.9,1013
1267,2018,6,22,94.0,78.0,121,179,2.1,73.9,1015
1268,2018,6,23,92.0,75.0,96,181,1.4,77.2,1016
1269,2018,6,24,92.0,75.0,104,239,2.3,79.5,1016
1270,2018,6,25,91.0,75.0,107,253,3.0,78.2,1018
1271,2018,6,26,91.0,75.0,78,329,2.3,76.4,1018
1272,2018,6,27,90.0,73.0,113,238,1.5,71.2,1017
1273,2018,6,28,93.0,76.0,105,217,1.3,78.3,1017
1274,2018,6,29,92.0,75.0,96,175,1.9,79.2,1017
1275,2018,6,30,88.0,74.0,108,84,3.3,80.8,1017
1276,2018,7,1,,,107,250,2.2,76.8,1016
1277,2018,7,2,91.0,75.0,102,250,1.9,72.3,1015
1278,2018,7,3,89.0,76.0,126,187,2.7,75.4,1015
1279,2018,7,4,90.0,73.0,72,131,2.0,75.2,1017
1280,2018,7,5,90.0,73.0,77,142,3.0,77.8,1018
1281,2018,7,6,91.0,73.0,126,188,2.9,74.8,1019
1282,2018,7,7,91.0,74.0,126,178,1.5,72.2,1018
1283,2018,7,8,91.0,76.0,104,264,3.1,76.9,1019
1284,2018,7,9,92.0,76.0,121,218,2.4,73.4,1019
1285,2018,7,10,92.0,74.0,112,141,1.8,74.8,1017
1286,2018,7,11,91.0,73.0,121,148,1.8,78.1,1016
1287,2018,7,12,92.0,70.0,126,108,1.9,77.3,1018
1288,2018,7,13,93.0,73.0,75,259,1.8,75.3,1019
1289,2018,7,14,92.0,74.0,110,208,2.1,68.8,1018
1290,2018,7,15,92.0,73.0,112,250,1.6,65.2,1017
1291,2018,7,16,93.0,77.0,135,167,2.5,75.5,1018
1292,2018,7,17,92.0,76.0,125,196,2.4,75.7,1018
1293,2018,7,18,94.0,76.0,103,190,2.3,74.6,1017
1294,2018,7,19,96.0,75.0,65,337,2.5,71.4,1015
1295,2018,7,20,94.0,76.0,111,186,3.2,76.5,1016
1296,2018,7,21,95.0,78.0,81,324,3.5,71.2,1015
1297,2018,7,22,93.0,79.0,138,138,3.4,75.2,1013
1298,2018,7,23,95.0,75.0,95,146,4.7,83.4,1012
1299,2018,7,24,92.0,74.0,127,109,4.1,82.0,1014
1300,2018,7,25,94.0,80.0,84,303,2.7,75.2,1015
1301,2018,7,26,93.0,76.0,86,143,2.1,75.4,1016
1302,2018,7,27,90.0,76.0,122,88,2.3,83.2,1016
1303,2018,7,28,92.0,77.0,103,108,2.9,80.7,1016
1304,2018,7,29,88.0,75.0,104,91,3.1,83.6,1016
1305,2018,7,30,89.0,74.0,94,91,2.8,79.3,1017
1306,2018,7,31,91.0,76.0,109,241,3.7,79.1,1018
1307,2018,8,1,89.0,76.0,141,105,4.2,82.4,1017
1308,2018,8,2,90.0,75.0,85,311,4.3,78.3,1018
1309,2018,8,3,91.0,77.0,71,315,5.0,77.8,1018
1310,2018,8,4,90.0,76.0,78,300,4.3,77.4,1018
1311,2018,8,5,90.0,77.0,63,350,4.5,76.6,1019
1312,2018,8,6,92.0,75.0,72,313,4.8,76.6,1017
1313,2018,8,7,90.0,75.0,89,243,4.0,78.5,1017
1314,2018,8,8,92.0,76.0,97,272,2.5,77.3,1018
1315,2018,8,9,94.0,75.0,121,129,1.3,74.4,1018
1316,2018,8,10,96.0,71.0,84,198,2.0,77.8,1017
1317,2018,8,11,91.0,72.0,85,179,1.7,77.1,1017
1318,2018,8,12,90.0,72.0,76,255,1.9,76.1,1018
1319,2018,8,13,92.0,74.0,98,244,3.0,75.1,1018
1320,2018,8,14,91.0,76.0,122,175,3.2,75.4,1017
1321,2018,8,15,92.0,76.0,78,313,4.1,74.3,1017
1322,2018,8,16,92.0,78.0,65,335,4.5,75.9,1019
1323,2018,8,17,92.0,79.0,70,319,4.1,77.8,1020
1324,2018,8,18,,,81,309,3.3,79.0,1018
1325,2018,8,19,92.0,74.0,67,152,2.6,79.7,1017
1326,2018,8,20,92.0,76.0,72,311,3.3,78.8,1018
1327,2018,8,21,91.0,76.0,49,367,3.1,72.2,1018
1328,2018,8,22,91.0,76.0,97,151,1.6,74.3,1017
1329,2018,8,23,92.0,75.0,73,213,1.8,72.8,1015
1330,2018,8,24,91.0,76.0,85,162,2.7,78.2,1015
1331,2018,8,25,87.0,75.0,63,56,3.5,83.4,1017
1332,2018,8,26,91.0,74.0,65,328,4.5,79.0,1018
1333,2018,8,27,90.0,75.0,57,339,3.5,78.8,1017
1334,2018,8,28,88.0,75.0,121,109,4.2,79.4,1018
1335,2018,8,29,90.0,76.0,104,167,4.1,79.8,1018
1336,2018,8,30,89.0,75.0,116,96,4.2,81.1,1017
1337,2018,8,31,90.0,76.0,110,171,3.8,83.0,1016
1338,2018,9,1,90.0,76.0,71,234,4.6,82.3,1016
1339,2018,9,2,88.0,74.0,102,131,6.1,84.8,1016
1340,2018,9,3,78.0,74.0,43,10,7.3,89.1,1015
1341,2018,9,4,89.0,74.0,112,211,4.0,85.3,1016
1342,2018,9,5,90.0,76.0,65,313,4.2,82.0,1015
1343,2018,9,6,89.0,76.0,71,276,3.8,80.5,1014
1344,2018,9,7,86.0,73.0,90,155,3.2,83.3,1014
1345,2018,9,8,86.0,74.0,104,103,2.5,81.4,1013
1346,2018,9,9,91.0,75.0,90,238,2.5,80.6,1013
1347,2018,9,10,88.0,77.0,114,98,1.8,76.6,1015
1348,2018,9,11,91.0,76.0,122,98,1.5,77.6,1015
1349,2018,9,12,92.0,76.0,84,220,1.2,75.0,1014
1350,2018,9,13,93.0,77.0,75,247,1.7,76.9,1014
1351,2018,9,14,93.0,76.0,78,162,1.9,79.6,1013
1352,2018,9,15,91.0,74.0,70,200,2.0,76.6,1012
1353,2018,9,16,92.0,75.0,47,343,2.4,76.6,1012
1354,2018,9,17,92.0,76.0,53,334,3.8,78.1,1014
1355,2018,9,18,91.0,76.0,57,325,3.3,75.9,1013
1356,2018,9,19,92.0,76.0,76,199,2.3,76.5,1014
1357,2018,9,20,92.0,77.0,80,238,2.5,75.9,1015
1358,2018,9,21,91.0,76.0,88,170,3.3,79.3,1016
1359,2018,9,22,91.0,75.0,95,179,2.6,76.4,1014
1360,2018,9,23,91.0,77.0,47,346,2.2,75.7,1014
1361,2018,9,24,91.0,77.0,54,326,2.8,80.5,1015
1362,2018,9,25,92.0,79.0,61,303,2.8,77.7,1016
1363,2018,9,26,91.0,75.0,53,315,4.1,77.6,1016
1364,2018,9,27,91.0,79.0,65,293,4.4,79.1,1015
1365,2018,9,28,91.0,77.0,50,322,4.4,77.5,1017
1366,2018,9,29,90.0,77.0,54,267,5.9,80.4,1016
1367,2018,9,30,90.0,76.0,60,309,6.1,77.6,1016
1368,2018,10,1,90.0,77.0,55,300,5.5,79.1,1017
1369,2018,10,2,90.0,75.0,82,209,5.8,78.0,1016
1370,2018,10,3,90.0,73.0,87,199,5.7,74.4,1014
1371,2018,10,4,89.0,75.0,72,199,5.4,82.0,1014
1372,2018,10,5,89.0,77.0,53,317,5.2,78.3,1015
1373,2018,10,6,88.0,74.0,95,169,6.0,74.5,1015
1374,2018,10,7,87.0,78.0,116,95,6.7,75.4,1014
1375,2018,10,8,87.0,80.0,114,70,7.5,81.5,1012
1376,2018,10,9,90.0,81.0,117,93,5.7,86.1,1011
1377,2018,10,10,92.0,82.0,98,166,5.2,87.9,1011
1378,2018,10,11,91.0,79.0,90,97,3.0,87.2,1011
1379,2018,10,12,92.0,76.0,68,192,2.1,82.6,1010
1380,2018,10,13,93.0,73.0,49,288,2.0,80.6,1012
1381,2018,10,14,92.0,75.0,47,313,3.0,81.9,1015
1382,2018,10,15,91.0,78.0,59,270,5.6,79.3,1017
1383,2018,10,16,91.0,80.0,65,261,6.4,79.7,1017
1384,2018,10,17,90.0,75.0,48,312,5.5,78.5,1018
1385,2018,10,18,90.0,74.0,72,236,5.2,79.2,1019
1386,2018,10,19,89.0,73.0,43,331,4.8,77.2,1019
1387,2018,10,20,91.0,70.0,75,203,1.6,72.5,1016
1388,2018,10,21,92.0,74.0,57,280,4.4,76.6,1015
1389,2018,10,22,88.0,75.0,66,115,5.7,75.9,1017
1390,2018,10,23,88.0,71.0,83,148,3.6,73.6,1017
1391,2018,10,24,90.0,70.0,52,273,3.3,74.6,1015
1392,2018,10,25,88.0,69.0,59,246,2.3,73.1,1013
1393,2018,10,26,90.0,70.0,53,261,3.9,77.5,1011
1394,2018,10,27,90.0,71.0,62,225,4.2,79.4,1013
1395,2018,10,28,84.0,66.0,43,330,5.9,71.1,1018
1396,2018,10,29,85.0,60.0,42,334,4.6,69.3,1018
1397,2018,10,30,87.0,61.0,61,257,4.7,71.3,1018
1398,2018,10,31,86.0,64.0,80,169,5.2,70.1,1018
1399,2018,11,1,87.0,69.0,80,181,4.4,73.7,1015
1400,2018,11,2,89.0,70.0,78,174,4.2,85.6,1014
1401,2018,11,3,84.0,71.0,90,43,4.4,90.4,1017
1402,2018,11,4,88.0,74.0,69,180,4.5,84.8,1018
1403,2018,11,5,87.0,70.0,41,303,3.7,75.1,1017
1404,2018,11,6,88.0,69.0,62,220,2.8,79.1,1015
1405,2018,11,7,87.0,72.0,37,310,3.7,80.6,1015
1406,2018,11,8,89.0,72.0,41,300,3.4,80.9,1015
1407,2018,11,9,88.0,71.0,38,305,3.0,77.9,1015
1408,2018,11,10,91.0,69.0,45,266,2.0,77.5,1016
1409,2018,11,11,87.0,73.0,56,218,4.8,82.5,1017
1410,2018,11,12,87.0,74.0,42,287,4.6,79.8,1017
1411,2018,11,13,88.0,73.0,57,220,3.7,84.5,1016
1412,2018,11,14,88.0,71.0,36,306,3.5,83.3,1016
1413,2018,11,15,86.0,68.0,73,155,4.3,84.0,1014
1414,2018,11,16,76.0,60.0,53,178,5.9,77.7,1016
1415,2018,11,17,80.0,65.0,71,81,5.2,78.4,1018
1416,2018,11,18,84.0,67.0,58,204,3.7,71.9,1018
1417,2018,11,19,86.0,69.0,45,252,1.9,75.4,1017
1418,2018,11,20,88.0,67.0,54,203,1.6,78.5,1017
1419,2018,11,21,86.0,70.0,45,155,3.6,82.0,1018
1420,2018,11,22,82.0,67.0,79,34,3.9,81.8,1018
1421,2018,11,23,84.0,66.0,53,187,3.5,75.9,1015
1422,2018,11,24,,,72,106,4.0,80.2,1012
1423,2018,11,25,87.0,68.0,57,184,2.4,82.6,1013
1424,2018,11,26,88.0,65.0,54,195,2.8,81.6,1014
1425,2018,11,27,75.0,55.0,72,43,6.0,82.5,1014
1426,2018,11,28,66.0,47.0,32,346,6.4,57.0,1018
1427,2018,11,29,75.0,45.0,53,184,3.7,60.4,1020
1428,2018,11,30,79.0,60.0,74,42,3.1,76.0,1019
1429,2018,12,1,84.0,74.0,74,101,4.1,81.6,1016
1430,2018,12,2,88.0,74.0,45,255,3.4,89.9,1015
1431,2018,12,3,89.0,73.0,40,279,2.6,87.6,1016
1432,2018,12,4,87.0,65.0,48,101,2.3,89.2,1015
1433,2018,12,5,73.0,57.0,64,149,6.7,73.3,1019
1434,2018,12,6,77.0,53.0,45,273,5.4,72.2,1023
1435,2018,12,7,81.0,56.0,49,224,4.2,71.5,1024
1436,2018,12,8,82.0,59.0,56,176,3.9,81.6,1021
1437,2018,12,9,84.0,71.0,74,91,4.8,88.7,1016
1438,2018,12,10,75.0,59.0,75,36,5.5,80.1,1017
1439,2018,12,11,68.0,50.0,40,300,6.3,76.5,1023
1440,2018,12,12,77.0,50.0,55,162,4.5,73.1,1022
1441,2018,12,13,81.0,62.0,67,94,3.7,73.5,1019
1442,2018,12,14,83.0,71.0,65,171,5.0,86.4,1017
1443,2018,12,15,82.0,66.0,47,32,4.0,91.5,1017
1444,2018,12,16,80.0,61.0,44,237,3.2,77.2,1019
1445,2018,12,17,74.0,50.0,32,323,4.1,77.3,1019
1446,2018,12,18,78.0,49.0,34,314,2.1,67.3,1018
1447,2018,12,19,81.0,56.0,36,285,3.2,74.3,1016
1448,2018,12,20,85.0,64.0,51,207,7.0,88.1,1009
1449,2018,12,21,75.0,57.0,59,194,10.1,72.8,1011
1450,2018,12,22,72.0,51.0,46,226,3.5,68.6,1020
1451,2018,12,23,76.0,51.0,42,277,3.1,70.8,1022
1452,2018,12,24,78.0,54.0,54,203,4.3,76.0,1022
1453,2018,12,25,79.0,58.0,60,59,4.7,75.9,1021
1454,2018,12,26,79.0,68.0,51,33,7.2,80.8,1021
1455,2018,12,27,82.0,73.0,75,86,6.9,84.2,1020
1456,2018,12,28,83.0,74.0,75,116,5.0,89.2,1020
1457,2018,12,29,85.0,67.0,47,244,3.3,91.0,1020
1458,2018,12,30,83.0,65.0,35,301,4.0,80.0,1020
1459,2018,12,31,84.0,67.0,50,232,4.4,76.0,1020
1460,2019,1,1,83.0,66.0,55,219,4.0,79.96,1020
1461,2019,1,2,83.0,68.0,33,309,4.5,77.85,1020
1462,2019,1,3,84.0,67.0,68,117,4.2,85.12,1017
1463,2019,1,4,84.0,66.0,61,203,4.5,83.23,1016
1464,2019,1,5,81.0,56.0,62,159,4.8,82.99,1016
1465,2019,1,6,78.0,53.0,41,276,3.6,77.4,1019
1466,2019,1,7,81.0,57.0,33,321,3.7,69.74,1021
1467,2019,1,8,83.0,58.0,35,262,1.8,69.73,1020
1468,2019,1,9,78.0,56.0,64,168,4.1,75.37,1018
1469,2019,1,10,69.0,49.0,31,353,5.8,60.21,1018
1470,2019,1,11,78.0,51.0,50,217,4.1,74.05,1019
1471,2019,1,12,80.0,60.0,53,236,4.1,75.88,1021
1472,2019,1,13,83.0,63.0,43,245,2.1,82.28,1020
1473,2019,1,14,80.0,56.0,39,298,3.5,80.59,1019
1474,2019,1,15,72.0,54.0,56,211,4.7,78.47,1020
1475,2019,1,16,74.0,51.0,42,295,4.2,75.27,1021
1476,2019,1,17,79.0,54.0,54,209,2.4,77.23,1021
1477,2019,1,18,82.0,53.0,37,317,1.9,69.46,1019
1478,2019,1,19,79.0,55.0,54,263,3.8,75.27,1016
1479,2019,1,20,75.0,54.0,64,113,7.8,83.78,1015
1480,2019,1,21,72.0,45.0,43,303,5.5,77.96,1023
1481,2019,1,22,78.0,55.0,51,268,7.3,68.97,1025
1482,2019,1,23,80.0,70.0,79,93,6.9,76.67,1021
1483,2019,1,24,84.0,69.0,59,79,4.6,91.12,1016
1484,2019,1,25,70.0,59.0,72,134,5.4,82.3,1019
1485,2019,1,26,68.0,56.0,33,2,5.6,87.97,1018
1486,2019,1,27,77.0,60.0,55,18,5.5,91.15,1009
1487,2019,1,28,63.0,46.0,48,240,6.3,85.89,1014
1488,2019,1,29,71.0,46.0,35,355,3.0,73.12,1016
1489,2019,1,30,72.0,51.0,62,47,2.0,70.24,1019
1490,2019,1,31,79.0,56.0,75,148,3.6,87.01,1021
1491,2019,2,1,80.0,60.0,61,233,2.9,82.64,1020
1492,2019,2,2,82.0,67.0,56,236,2.6,86.34,1018
1493,2019,2,3,86.0,62.0,45,308,1.8,82.52,1016
1494,2019,2,4,79.0,61.0,57,222,2.7,82.99,1016
1495,2019,2,5,81.0,59.0,58,237,2.7,77.95,1018
1496,2019,2,6,80.0,58.0,39,337,3.9,73.28,1020
1497,2019,2,7,80.0,58.0,43,329,4.4,73.55,1020
1498,2019,2,8,83.0,60.0,56,254,3.7,71.24,1021
1499,2019,2,9,80.0,62.0,61,153,5.9,75.09,1023
1500,2019,2,10,82.0,66.0,60,241,6.5,76.29,1022
1501,2019,2,11,79.0,68.0,85,96,5.3,82.73,1019
1502,2019,2,12,84.0,69.0,49,302,5.3,85.26,1017
1503,2019,2,13,74.0,61.0,38,1,5.4,92.12,1016
1504,2019,2,14,80.0,57.0,69,228,5.5,79.77,1016
1505,2019,2,15,84.0,58.0,67,245,2.1,75.79,1014
1506,2019,2,16,83.0,56.0,63,260,2.9,75.99,1013
1507,2019,2,17,85.0,64.0,61,264,4.0,81.12,1015
1508,2019,2,18,88.0,75.0,70,238,4.3,86.05,1019
1509,2019,2,19,85.0,71.0,43,332,5.6,80.98,1020
1510,2019,2,20,86.0,73.0,56,267,6.7,80.13,1018
1511,2019,2,21,85.0,72.0,61,274,5.5,78.01,1019
1512,2019,2,22,87.0,70.0,55,296,4.4,79.39,1020
1513,2019,2,23,86.0,73.0,66,254,5.6,82.14,1019
1514,2019,2,24,89.0,69.0,63,237,4.0,78.24,1019
1515,2019,2,25,86.0,67.0,72,205,4.8,78.86,1022
1516,2019,2,26,83.0,72.0,88,147,5.9,79.71,1022
1517,2019,2,27,86.0,67.0,66,238,3.3,77.27,1018
1518,2019,2,28,86.0,64.0,39,360,2.8,76.24,1017
1519,2019,3,1,84.0,63.0,56,313,2.6,73.97,1019
1520,2019,3,2,87.0,60.0,58,317,2.0,70.58,1018
1521,2019,3,3,88.0,67.0,79,186,3.6,75.9,1015
1522,2019,3,4,91.0,65.0,48,336,3.5,71.38,1015
1523,2019,3,5,88.0,64.0,77,204,4.0,78.01,1017
1524,2019,3,6,73.0,54.0,44,366,7.1,66.12,1023
1525,2019,3,7,77.0,51.0,77,272,5.1,68.34,1023
1526,2019,3,8,78.0,57.0,74,92,4.7,67.67,1020
1527,2019,3,9,83.0,64.0,55,315,5.0,75.23,1018
1528,2019,3,10,86.0,70.0,56,317,4.6,81.05,1020
1529,2019,3,11,86.0,67.0,50,334,3.5,80.04,1021
1530,2019,3,12,89.0,64.0,69,275,2.6,78.4,1019
1531,2019,3,13,83.0,74.0,110,170,6.6,77.76,1018
1532,2019,3,14,83.0,72.0,86,237,6.1,77.26,1019
1533,2019,3,15,83.0,72.0,97,125,4.4,77.64,1019
1534,2019,3,16,86.0,65.0,80,172,2.2,73.12,1018
1535,2019,3,17,86.0,67.0,104,154,1.5,74.43,1017
1536,2019,3,18,81.0,67.0,108,66,4.0,84.24,1016
1537,2019,3,19,72.0,63.0,43,9,7.7,89.47,1015
1538,2019,3,20,82.0,64.0,78,205,5.1,82.94,1015
1539,2019,3,21,82.0,56.0,66,311,5.0,74.44,1015
1540,2019,3,22,77.0,55.0,53,379,4.5,55.74,1018
1541,2019,3,23,80.0,54.0,52,377,3.3,60.14,1021
1542,2019,3,24,81.0,60.0,99,225,5.1,69.67,1021
1543,2019,3,25,84.0,63.0,92,225,2.4,73.95,1018
1544,2019,3,26,88.0,62.0,55,312,3.2,69.59,1015
1545,2019,3,27,82.0,60.0,58,332,6.4,74.63,1016
1546,2019,3,28,80.0,62.0,105,161,7.9,74.05,1019
1547,2019,3,29,82.0,61.0,102,190,5.4,68.21,1019
1548,2019,3,30,83.0,58.0,93,270,4.0,69.97,1017
1549,2019,3,31,84.0,62.0,84,234,2.6,71.6,1016
1550,2019,4,1,86.0,63.0,69,326,2.6,68.65,1017
1551,2019,4,2,90.0,65.0,83,279,3.3,71.72,1018
1552,2019,4,3,85.0,67.0,105,131,6.0,81.99,1022
1553,2019,4,4,81.0,70.0,92,14,5.1,84.72,1022
1554,2019,4,5,84.0,69.0,135,145,4.7,74.51,1019
1555,2019,4,6,86.0,69.0,79,306,4.3,76.58,1019
1556,2019,4,7,86.0,74.0,62,332,5.4,79.06,1019
1557,2019,4,8,87.0,76.0,99,233,5.6,77.51,1017
1558,2019,4,9,85.0,70.0,45,6,5.4,83.46,1012
1559,2019,4,10,88.0,68.0,107,221,5.1,77.67,1009
1560,2019,4,11,87.0,62.0,58,330,2.5,71.27,1012
1561,2019,4,12,88.0,65.0,53,380,4.1,73.6,1015
1562,2019,4,13,86.0,74.0,51,374,5.4,77.52,1015
1563,2019,4,14,89.0,78.0,93,275,5.8,78.75,1014
1564,2019,4,15,90.0,65.0,95,239,4.6,76.0,1015
1565,2019,4,16,85.0,63.0,54,392,5.0,66.65,1019
1566,2019,4,17,84.0,64.0,52,397,4.4,69.53,1017
1567,2019,4,18,87.0,70.0,73,309,6.0,76.59,1015
1568,2019,4,19,91.0,71.0,76,239,7.3,79.06,1012
1569,2019,4,20,83.0,63.0,100,159,5.8,66.9,1015
1570,2019,4,21,83.0,57.0,52,407,2.3,55.28,1019
1571,2019,4,22,82.0,63.0,57,388,4.4,63.56,1019
1572,2019,4,23,83.0,59.0,73,355,4.6,64.34,1018
1573,2019,4,24,84.0,61.0,68,355,2.8,63.55,1016
1574,2019,4,25,87.0,65.0,106,257,3.8,69.32,1015
1575,2019,4,26,92.0,71.0,109,192,5.7,75.43,1013
1576,2019,4,27,86.0,66.0,79,338,3.9,78.06,1014
1577,2019,4,28,88.0,67.0,81,289,2.9,73.49,1016
1578,2019,4,29,88.0,71.0,66,353,4.2,76.65,1018
1579,2019,4,30,87.0,72.0,57,375,7.2,71.99,1020
1580,2019,5,1,85.0,73.0,95,213,7.0,75.81,1018
1581,2019,5,2,90.0,73.0,123,192,4.2,81.17,1016
1582,2019,5,3,89.0,74.0,95,251,4.4,79.95,1016
1583,2019,5,4,90.0,76.0,69,331,4.3,82.04,1014
1584,2019,5,5,92.0,73.0,112,192,3.8,83.93,1013
1585,2019,5,6,92.0,71.0,80,152,2.0,82.34,1015
1586,2019,5,7,87.0,72.0,128,119,2.1,80.9,1016
1587,2019,5,8,89.0,72.0,77,244,4.2,77.61,1015
1588,2019,5,9,89.0,74.0,79,292,3.6,79.27,1015
1589,2019,5,10,90.0,73.0,92,271,3.4,77.73,1015
1590,2019,5,11,89.0,73.0,76,302,4.1,77.99,1014
1591,2019,5,12,93.0,74.0,83,240,3.9,77.24,1013
1592,2019,5,13,95.0,74.0,84,296,3.8,76.34,1013
1593,2019,5,14,96.0,74.0,121,211,4.1,78.23,1013
1594,2019,5,15,89.0,73.0,125,64,2.3,71.63,1014
1595,2019,5,16,85.0,72.0,127,202,4.1,80.24,1015
1596,2019,5,17,87.0,69.0,80,299,4.5,72.72,1015
1597,2019,5,18,89.0,67.0,104,254,4.2,75.52,1015
1598,2019,5,19,90.0,70.0,65,360,3.8,75.29,1015
1599,2019,5,20,89.0,70.0,99,229,2.9,73.01,1015
1600,2019,5,21,91.0,71.0,54,390,3.3,71.15,1014
1601,2019,5,22,90.0,70.0,53,410,4.7,69.84,1017
1602,2019,5,23,90.0,76.0,76,337,6.8,72.04,1018
1603,2019,5,24,88.0,75.0,73,363,6.6,67.89,1018
1604,2019,5,25,88.0,74.0,99,297,6.5,68.99,1018
1605,2019,5,26,89.0,76.0,68,369,5.8,75.18,1018
1606,2019,5,27,89.0,73.0,60,391,5.2,75.11,1016
1607,2019,5,28,88.0,71.0,53,418,4.6,69.7,1014
1608,2019,5,29,90.0,70.0,102,296,4.1,69.93,1014
1609,2019,5,30,91.0,76.0,53,410,4.5,74.66,1014
1610,2019,5,31,92.0,77.0,67,348,4.0,76.39,1014
1611,2019,6,1,94.0,72.0,89,258,2.8,71.58,1013
1612,2019,6,2,94.0,75.0,74,287,2.6,70.14,1013
1613,2019,6,3,95.0,79.0,97,249,3.0,71.15,1015
1614,2019,6,4,95.0,76.0,82,166,2.5,70.91,1016
1615,2019,6,5,92.0,75.0,93,252,3.1,74.32,1016
1616,2019,6,6,92.0,75.0,111,221,3.1,72.22,1013
1617,2019,6,7,94.0,78.0,111,140,2.9,76.22,1012
1618,2019,6,8,,,91,123,3.5,80.7,1013
1619,2019,6,9,92.0,77.0,108,52,3.8,82.92,1015
1620,2019,6,10,90.0,75.0,95,94,3.4,84.0,1016
1621,2019,6,11,92.0,75.0,87,253,2.3,75.4,1015
1622,2019,6,12,92.0,74.0,103,160,2.7,77.0,1016
1623,2019,6,13,91.0,74.0,84,171,1.8,78.09,1017
1624,2019,6,14,94.0,74.0,104,138,2.1,83.05,1017
1625,2019,6,15,91.0,76.0,58,133,2.8,82.49,1017
1626,2019,6,16,82.0,73.0,53,11,3.9,87.54,1016
1627,2019,6,17,86.0,75.0,96,48,4.4,85.23,1017
1628,2019,6,18,92.0,73.0,92,166,3.0,78.17,1017
1629,2019,6,19,93.0,74.0,73,294,3.2,79.4,1016
1630,2019,6,20,93.0,79.0,71,354,3.5,77.27,1016
1631,2019,6,21,94.0,77.0,97,295,2.5,75.76,1018
1632,2019,6,22,95.0,76.0,103,290,1.7,74.28,1019
1633,2019,6,23,96.0,77.0,94,291,1.9,70.48,1017
1634,2019,6,24,98.0,75.0,92,252,2.2,68.68,1016
1635,2019,6,25,96.0,76.0,98,223,2.3,68.7,1017
1636,2019,6,26,94.0,76.0,109,247,2.0,68.75,1017
1637,2019,6,27,92.0,74.0,123,201,3.7,74.52,1017
1638,2019,6,28,92.0,75.0,91,177,4.4,76.25,1017
1639,2019,6,29,87.0,74.0,107,94,4.6,82.28,1018
1640,2019,6,30,89.0,75.0,80,83,2.1,79.12,1017
1641,2019,7,1,95.0,75.0,64,356,2.1,73.39,1016
1642,2019,7,2,96.0,77.0,74,337,2.9,73.06,1015
1643,2019,7,3,94.0,76.0,90,122,2.0,75.57,1014
1644,2019,7,4,92.0,77.0,84,313,3.0,73.34,1015
1645,2019,7,5,92.0,78.0,114,205,3.6,74.78,1017
1646,2019,7,6,89.0,76.0,74,50,3.8,77.72,1018
1647,2019,7,7,91.0,76.0,110,169,2.2,74.81,1016
1648,2019,7,8,90.0,74.0,74,83,2.3,82.88,1014
1649,2019,7,9,90.0,76.0,117,171,3.2,77.38,1015
1650,2019,7,10,92.0,76.0,117,241,3.6,75.32,1016
1651,2019,7,11,90.0,75.0,107,206,4.4,77.89,1016
1652,2019,7,12,89.0,73.0,137,31,3.2,75.95,1016
1653,2019,7,13,92.0,79.0,116,189,4.4,77.58,1017
1654,2019,7,14,92.0,81.0,84,304,4.8,73.55,1018
1655,2019,7,15,91.0,77.0,110,254,4.3,76.92,1017
1656,2019,7,16,92.0,79.0,77,334,3.7,73.27,1018
1657,2019,7,17,93.0,78.0,56,378,3.5,73.41,1018
1658,2019,7,18,93.0,77.0,135,182,3.1,74.23,1017
1659,2019,7,19,93.0,78.0,73,317,3.5,73.57,1017
1660,2019,7,20,,,107,196,3.8,76.17,1017
1661,2019,7,21,92.0,75.0,84,298,2.9,75.11,1016
1662,2019,7,22,94.0,74.0,89,173,2.9,75.67,1015
1663,2019,7,23,95.0,73.0,69,291,2.2,70.89,1014
1664,2019,7,24,95.0,77.0,90,286,3.4,71.3,1015
1665,2019,7,25,95.0,73.0,64,168,2.0,80.17,1017
1666,2019,7,26,90.0,74.0,105,163,1.0,73.22,1019
1667,2019,7,27,93.0,74.0,112,197,0.9,71.5,1019
1668,2019,7,28,95.0,75.0,67,250,1.3,73.54,1018
1669,2019,7,29,93.0,74.0,89,293,1.8,74.03,1015
1670,2019,7,30,93.0,75.0,80,307,2.1,74.64,1015
1671,2019,7,31,92.0,77.0,109,191,3.6,76.52,1016
1672,2019,8,1,84.0,79.0,107,84,4.8,83.53,1014
1673,2019,8,2,91.0,75.0,140,123,3.3,84.31,1013
1674,2019,8,3,92.0,75.0,74,107,3.8,84.93,1014
1675,2019,8,4,93.0,76.0,84,146,2.9,83.45,1015
1676,2019,8,5,90.0,77.0,80,62,1.8,83.61,1016
1677,2019,8,6,91.0,75.0,100,134,1.9,80.47,1015
1678,2019,8,7,90.0,76.0,80,198,1.9,79.66,1015
1679,2019,8,8,94.0,76.0,61,207,1.6,75.63,1015
1680,2019,8,9,95.0,75.0,55,247,1.6,76.38,1015
1681,2019,8,10,94.0,77.0,79,248,1.7,74.35,1014
1682,2019,8,11,92.0,77.0,90,159,1.4,77.74,1015
1683,2019,8,12,91.0,77.0,100,169,2.1,76.98,1014
1684,2019,8,13,91.0,73.0,89,208,1.6,75.47,1014
1685,2019,8,14,90.0,75.0,105,179,2.2,80.25,1015
1686,2019,8,15,92.0,76.0,81,157,3.3,79.87,1016
1687,2019,8,16,93.0,73.0,93,256,2.8,74.34,1017
1688,2019,8,17,93.0,75.0,99,185,2.7,72.22,1018
1689,2019,8,18,92.0,76.0,101,259,3.3,72.68,1017
1690,2019,8,19,90.0,76.0,101,220,4.4,76.51,1017
1691,2019,8,20,90.0,77.0,86,266,4.5,80.16,1017
1692,2019,8,21,90.0,75.0,76,289,3.4,74.44,1017
1693,2019,8,22,91.0,76.0,113,142,3.5,80.32,1015
1694,2019,8,23,90.0,76.0,110,126,2.0,78.47,1013
1695,2019,8,24,88.0,77.0,88,108,3.4,85.03,1013
1696,2019,8,25,94.0,79.0,108,144,3.5,82.91,1013
1697,2019,8,26,95.0,78.0,59,164,2.4,79.29,1014
1698,2019,8,27,96.0,78.0,67,271,2.6,75.63,1014
1699,2019,8,28,97.0,77.0,58,287,2.9,77.31,1013
1700,2019,8,29,94.0,77.0,102,96,2.7,81.81,1012
1701,2019,8,30,90.0,76.0,102,191,4.3,84.07,1012
1702,2019,8,31,91.0,78.0,77,299,5.4,79.35,1012
1703,2019,9,1,94.0,75.0,76,238,3.5,80.83,1011
1704,2019,9,2,90.0,79.0,126,68,8.5,86.47,1006
1705,2019,9,3,93.0,79.0,138,113,7.7,83.94,1006
1706,2019,9,4,94.0,77.0,98,230,5.5,78.23,1011
1707,2019,9,5,92.0,79.0,105,212,4.4,81.13,1014
1708,2019,9,6,95.0,77.0,69,307,3.3,75.87,1014
1709,2019,9,7,95.0,79.0,95,258,3.0,75.19,1013
1710,2019,9,8,92.0,77.0,102,198,3.0,75.53,1015
1711,2019,9,9,92.0,80.0,58,317,4.5,78.02,1017
1712,2019,9,10,92.0,77.0,63,318,5.8,76.98,1018
1713,2019,9,11,92.0,76.0,78,273,6.9,76.54,1016
1714,2019,9,12,92.0,76.0,85,153,6.4,79.82,1013
1715,2019,9,13,91.0,78.0,76,209,6.2,84.43,1013
1716,2019,9,14,88.0,77.0,92,76,3.1,84.03,1013
1717,2019,9,15,93.0,76.0,59,320,2.8,82.96,1013
1718,2019,9,16,94.0,77.0,55,327,3.7,80.6,1013
1719,2019,9,17,94.0,77.0,50,350,3.7,74.78,1012
1720,2019,9,18,92.0,75.0,73,285,5.5,77.27,1012
1721,2019,9,19,88.0,75.0,77,245,7.4,70.95,1013
1722,2019,9,20,87.0,76.0,99,112,8.6,77.58,1015
1723,2019,9,21,87.0,74.0,94,72,8.7,81.92,1016
1724,2019,9,22,87.0,78.0,131,91,8.3,81.16,1015
1725,2019,9,23,89.0,71.0,64,286,6.1,75.24,1013
1726,2019,9,24,88.0,69.0,67,256,4.1,70.65,1011
1727,2019,9,25,88.0,67.0,62,325,3.6,69.83,1011
1728,2019,9,26,89.0,69.0,60,326,3.9,70.6,1012
1729,2019,9,27,90.0,72.0,50,336,4.6,77.39,1013
1730,2019,9,28,91.0,77.0,48,342,4.9,79.39,1016
1731,2019,9,29,90.0,78.0,70,276,6.5,75.69,1016
1732,2019,9,30,91.0,77.0,69,238,7.8,77.08,1014
1733,2019,10,1,89.0,77.0,84,169,7.5,77.24,1011
1734,2019,10,2,89.0,76.0,91,160,6.4,81.73,1011
1735,2019,10,3,89.0,73.0,66,267,5.2,81.29,1013
1736,2019,10,4,89.0,72.0,46,336,4.5,78.72,1013
1737,2019,10,5,89.0,74.0,53,298,5.6,79.66,1013
1738,2019,10,6,89.0,77.0,57,290,6.3,78.45,1012
1739,2019,10,7,85.0,75.0,62,32,4.4,87.78,1010
1740,2019,10,8,85.0,75.0,83,35,5.3,89.88,1012
1741,2019,10,9,91.0,75.0,86,137,1.7,84.65,1013
1742,2019,10,10,91.0,74.0,54,146,3.6,85.51,1013
1743,2019,10,11,89.0,74.0,50,186,5.4,84.41,1013
1744,2019,10,12,86.0,74.0,88,141,6.1,83.39,1014
1745,2019,10,13,88.0,77.0,61,263,5.3,79.66,1015
1746,2019,10,14,88.0,74.0,69,244,4.0,76.3,1016
1747,2019,10,15,88.0,72.0,47,310,3.4,75.19,1015
1748,2019,10,16,91.0,73.0,55,283,3.5,78.09,1013
1749,2019,10,17,92.0,74.0,66,234,2.2,80.56,1012
1750,2019,10,18,89.0,75.0,97,102,2.8,81.55,1012
1751,2019,10,19,87.0,77.0,77,17,6.1,85.64,1011
1752,2019,10,20,92.0,77.0,91,157,3.8,83.26,1013
1753,2019,10,21,91.0,74.0,45,310,2.7,80.38,1014
1754,2019,10,22,90.0,74.0,58,255,2.1,78.17,1015
1755,2019,10,23,90.0,72.0,42,320,3.1,80.43,1015
1756,2019,10,24,89.0,77.0,56,263,6.5,79.08,1016
1757,2019,10,25,88.0,79.0,71,193,7.0,78.91,1015
1758,2019,10,26,88.0,75.0,86,150,5.0,83.61,1014
1759,2019,10,27,90.0,74.0,53,273,3.3,86.07,1014
1760,2019,10,28,89.0,75.0,41,310,3.9,82.58,1016
1761,2019,10,29,89.0,77.0,44,300,4.9,79.7,1016
1762,2019,10,30,89.0,76.0,48,280,4.6,78.5,1016
1763,2019,10,31,89.0,73.0,39,317,3.1,77.27,1016
1764,2019,11,1,91.0,73.0,70,196,2.7,79.38,1016
1765,2019,11,2,89.0,72.0,44,293,3.4,76.93,1015
1766,2019,11,3,87.0,72.0,76,69,3.6,81.94,1015
1767,2019,11,4,87.0,74.0,80,116,4.3,77.91,1016
1768,2019,11,5,88.0,74.0,56,232,3.6,74.92,1018
1769,2019,11,6,90.0,71.0,77,145,5.0,79.3,1018
1770,2019,11,7,88.0,74.0,39,304,4.9,79.97,1017
1771,2019,11,8,90.0,70.0,44,219,1.7,76.72,1013
1772,2019,11,9,81.0,68.0,57,16,6.4,83.85,1014
1773,2019,11,10,85.0,64.0,49,287,6.1,67.42,1017
1774,2019,11,11,84.0,67.0,41,309,4.8,65.77,1016
1775,2019,11,12,88.0,67.0,46,272,2.3,67.27,1013
1776,2019,11,13,86.0,66.0,50,186,5.3,84.8,1015
1777,2019,11,14,83.0,71.0,58,33,4.8,85.27,1016
1778,2019,11,15,84.0,70.0,76,46,3.2,85.83,1013
1779,2019,11,16,78.0,60.0,44,256,6.2,80.45,1011
1780,2019,11,17,67.0,56.0,56,127,4.5,84.73,1011
1781,2019,11,18,76.0,57.0,57,192,3.4,77.47,1011
1782,2019,11,19,83.0,58.0,49,264,3.4,72.88,1013
1783,2019,11,20,78.0,55.0,32,344,4.9,64.33,1018
1784,2019,11,21,81.0,57.0,58,228,4.6,71.34,1019
1785,2019,11,22,82.0,59.0,50,199,2.7,71.44,1017
1786,2019,11,23,84.0,60.0,62,206,3.0,73.67,1015
1787,2019,11,24,84.0,63.0,62,93,4.1,82.8,1012
1788,2019,11,25,77.0,55.0,36,309,3.0,75.14,1013
1789,2019,11,26,81.0,57.0,33,310,1.7,70.15,1016
1790,2019,11,27,83.0,59.0,37,297,2.1,74.6,1019
1791,2019,11,28,84.0,61.0,38,300,2.9,78.13,1020
1792,2019,11,29,84.0,61.0,40,287,5.0,77.82,1018
1793,2019,11,30,81.0,60.0,40,286,2.8,72.72,1016
1794,2019,12,1,84.0,62.0,47,250,3.7,76.68,1015
1795,2019,12,2,84.0,59.0,57,204,7.1,78.41,1013
1796,2019,12,3,69.0,46.0,32,340,4.5,66.55,1015
1797,2019,12,4,77.0,50.0,38,290,3.2,72.86,1014
1798,2019,12,5,74.0,51.0,63,204,3.8,66.27,1018
1799,2019,12,6,79.0,51.0,34,302,2.0,69.84,1020
1800,2019,12,7,81.0,54.0,37,296,1.9,73.66,1020
1801,2019,12,8,82.0,60.0,57,160,3.5,77.95,1019
1802,2019,12,9,83.0,61.0,38,280,3.4,81.62,1019
1803,2019,12,10,86.0,72.0,58,192,3.9,86.88,1018
1804,2019,12,11,86.0,70.0,43,234,2.9,88.73,1020
1805,2019,12,12,83.0,69.0,61,101,4.4,87.07,1020
1806,2019,12,13,83.0,66.0,81,54,3.6,79.23,1014
1807,2019,12,14,87.0,63.0,51,232,5.8,82.75,1012
1808,2019,12,15,82.0,55.0,31,323,4.4,74.98,1019
1809,2019,12,16,84.0,68.0,59,167,5.3,84.18,1019
1810,2019,12,17,85.0,71.0,41,259,4.9,87.26,1015
1811,2019,12,18,79.0,60.0,69,23,4.9,93.07,1013
1812,2019,12,19,69.0,60.0,42,1,8.1,87.2,1019
1813,2019,12,20,78.0,68.0,66,51,8.6,81.19,1020
1814,2019,12,21,79.0,70.0,72,82,7.3,82.79,1020
1815,2019,12,22,76.0,73.0,28,1,7.2,82.13,1016
1816,2019,12,23,76.0,62.0,58,43,5.4,88.47,1011
1817,2019,12,24,76.0,55.0,48,238,6.6,79.13,1010
1818,2019,12,25,81.0,56.0,50,191,4.1,88.89,1012
1819,2019,12,26,80.0,63.0,66,91,5.1,88.06,1015
1820,2019,12,27,82.0,72.0,44,247,5.2,88.14,1017
1821,2019,12,28,81.0,72.0,53,138,5.7,89.57,1017
1822,2019,12,29,80.0,73.0,62,119,5.5,88.79,1016
1823,2019,12,30,79.0,67.0,66,25,3.3,90.15,1014
1824,2019,12,31,,59.0,44,170,3.5,83.05,1017
