Year,Month,Day,Max Temp (F),Min Temp (F),Average Wind Speed (mph),Relative Humidity (%),Heat Index (F),Users Thermostat (F)
2015,1,1,44,27,4,40,42,69
2015,1,2,48,26,4,40,46,61
2015,1,3,51,29,1.8,45,50,65
2015,1,4,51,31,2.5,52,50,60
2015,1,5,59,34,4.3,51,58,60
2015,1,6,68,38,5.4,53,68,68
2015,1,7,72,43,5.8,53,72,72
2015,1,8,69,43,2.7,50,68,68
2015,1,9,65,42,2.5,52,64,65
2015,1,10,65,47,2.5,66,64,64
2015,1,11,55,48,2,92,55,60
2015,1,12,60,46,2.9,88,60,61
2015,1,13,60,46,7.2,62,60,63
2015,1,14,59,41,5.6,53,58,64
2015,1,15,59,36,4.7,47,58,60
2015,1,16,59,37,2.5,40,58,64
2015,1,17,64,38,3.4,43,63,62
2015,1,18,62,42,2.2,48,61,61
2015,1,19,65,43,2.5,47,64,60
2015,1,20,59,41,4.9,63,58,65
2015,1,21,62,46,8.5,43,61,61
2015,1,22,56,37,6.3,30,54,64
2015,1,23,61,36,4.7,32,60,62
2015,1,24,68,48,8.7,43,68,68
2015,1,25,72,46,7.8,49,72,72
2015,1,26,71,46,4.5,59,71,71
2015,1,27,61,50,2.2,81,61,62
2015,1,28,62,48,3.4,77,62,61
2015,1,29,65,53,5.1,56,64,61
2015,1,30,58,49,4,84,58,62
2015,1,31,64,48,5.6,69,64,64
2015,2,1,64,43,3.8,40,63,61
2015,2,2,66,44,2.2,38,65,65
2015,2,3,68,44,2.5,43,68,68
2015,2,4,70,46,2,41,70,70
2015,2,5,70,46,2.7,43,70,70
2015,2,6,73,46,4,42,72,72
2015,2,7,76,59,6.3,55,76,76
2015,2,8,75,52,3.1,70,75,75
2015,2,9,79,52,6.7,57,79,79
2015,2,10,73,55,5.8,38,72,72
2015,2,11,72,53,7.2,39,72,72
2015,2,12,73,45,4.5,37,72,72
2015,2,13,77,50,4,32,76,76
2015,2,14,77,48,2.9,34,76,76
2015,2,15,77,51,3.6,36,76,76
2015,2,16,74,48,3.6,35,74,74
2015,2,17,66,47,4.3,28,65,65
2015,2,18,72,43,2.9,25,71,71
2015,2,19,73,48,2.9,31,72,72
2015,2,20,73,49,3.4,35,72,72
2015,2,21,70,48,3.4,34,69,69
2015,2,22,60,42,6,67,60,62
2015,2,23,48,38,6,70,47,65
2015,2,24,65,44,6.7,34,64,65
2015,2,25,70,41,3.8,33,69,69
2015,2,26,72,44,4,38,72,72
2015,2,27,64,46,5.4,48,63,63
2015,2,28,63,49,9.8,62,62,63
2015,3,1,56,46,3.8,78,56,65
2015,3,2,58,43,6.5,78,58,64
2015,3,3,56,40,2.5,65,55,62
2015,3,4,60,41,6.3,39,59,62
2015,3,5,64,39,4.5,33,63,60
2015,3,6,73,42,6.5,31,72,72
2015,3,7,75,45,6,29,74,74
2015,3,8,76,49,3.1,31,76,76
2015,3,9,77,54,4.7,28,76,76
2015,3,10,76,50,3.8,27,76,76
2015,3,11,70,55,4.5,34,69,69
2015,3,12,78,51,6.7,47,78,78
2015,3,13,80,59,7.2,38,80,79
2015,3,14,81,54,2.9,35,80,79
2015,3,15,82,55,3.1,33,81,79
2015,3,16,83,56,3.1,32,81,79
2015,3,17,81,56,4,35,80,79
2015,3,18,78,60,1.8,44,78,78
2015,3,19,79,58,6.3,35,78,78
2015,3,20,80,51,2.9,26,80,79
2015,3,21,85,53,6.9,25,82,81
2015,3,22,80,59,9.4,36,80,79
2015,3,23,78,56,6.5,44,78,78
2015,3,24,80,58,4.3,30,80,79
2015,3,25,79,62,8.3,31,78,78
2015,3,26,80,55,5.8,25,80,79
2015,3,27,87,56,3.4,25,84,83
2015,3,28,91,57,4.5,22,88,85
2015,3,29,88,61,4,21,85,82
2015,3,30,89,60,3.6,21,85,80
2015,3,31,90,59,9.2,21,86,82
2015,4,1,81,64,8.3,21,79,79
2015,4,2,73,60,8.7,20,72,72
2015,4,3,70,53,6,14,68,68
2015,4,4,79,47,4.3,14,78,78
2015,4,5,78,60,10.3,22,78,78
2015,4,6,72,55,9.4,32,71,71
2015,4,7,71,53,12.1,38,70,70
2015,4,8,68,49,6.3,34,67,67
2015,4,9,71,48,3.8,25,70,70
2015,4,10,76,51,3.8,19,75,75
2015,4,11,81,52,3.4,19,79,79
2015,4,12,86,60,4.5,17,83,82
2015,4,13,89,57,4.9,17,85,84
2015,4,14,85,54,13.9,20,82,80
2015,4,15,67,49,10.7,17,66,66
2015,4,16,73,50,5.1,22,72,72
2015,4,17,81,52,3.8,22,79,79
2015,4,18,86,56,3.1,16,83,82
2015,4,19,87,61,2.9,15,83,79
2015,4,20,89,61,4.5,15,85,79
2015,4,21,84,60,6.3,20,81,79
2015,4,22,79,57,5.4,34,78,78
2015,4,23,77,56,5.8,34,76,76
2015,4,24,79,53,12.5,53,79,79
2015,4,25,72,52,10.3,56,72,72
2015,4,26,74,55,10.3,30,74,74
2015,4,27,81,59,6.9,23,79,79
2015,4,28,86,62,3.6,25,83,82
2015,4,29,92,62,5.4,24,89,83
2015,4,30,94,66,3.4,23,91,74
2015,5,1,95,67,4.7,24,92,74
2015,5,2,93,67,6.5,20,89,80
2015,5,3,90,65,7.2,24,87,85
2015,5,4,81,66,4,42,81,79
2015,5,5,86,61,6.5,44,86,84
2015,5,6,85,63,9.4,32,83,82
2015,5,7,79,58,12.5,38,78,78
2015,5,8,64,51,6.3,50,63,63
2015,5,9,73,50,3.4,44,72,72
2015,5,10,82,56,3.8,35,81,80
2015,5,11,88,60,6.3,24,85,84
2015,5,12,87,66,9.8,22,84,80
2015,5,13,85,65,9.2,23,82,81
2015,5,14,74,57,10.3,37,74,74
2015,5,15,70,53,8.5,48,70,70
2015,5,16,77,51,5.4,41,76,76
2015,5,17,80,58,6.3,40,80,79
2015,5,18,72,60,4.3,43,72,72
2015,5,19,82,54,4.3,42,82,80
2015,5,20,83,61,6.3,34,82,80
2015,5,21,82,62,4.3,35,81,79
2015,5,22,75,57,5.6,48,74,74
2015,5,23,80,58,6,48,81,79
2015,5,24,81,62,2.5,46,81,80
2015,5,25,86,60,2.9,48,87,81
2015,5,26,91,69,6.5,32,90,78
2015,5,27,92,69,5.1,26,89,84
2015,5,28,96,70,3.4,24,94,76
2015,5,29,98,74,4,20,95,78
2015,5,30,101,72,5.6,16,97,78
2015,5,31,104,72,6.9,18,102,75
2015,6,1,97,77,10.3,17,93,74
2015,6,2,95,69,6.9,24,92,78
2015,6,3,93,69,7.6,24,90,78
2015,6,4,91,72,7.6,22,88,82
2015,6,5,90,67,7.2,21,86,79
2015,6,6,90,69,2.7,22,87,83
2015,6,7,93,70,4.7,27,91,75
2015,6,8,99,74,3.6,20,96,76
2015,6,9,92,76,3.6,27,90,76
2015,6,10,96,72,5.1,40,101,78
2015,6,11,96,74,3.4,36,99,77
2015,6,12,100,78,4.3,30,102,76
2015,6,13,103,81,3.6,25,104,76
2015,6,14,105,80,4.7,24,107,78
2015,6,15,108,79,7.8,16,106,75
2015,6,16,107,81,8.5,8,96,75
2015,6,17,108,73,7.2,8,97,74
2015,6,18,106,76,7.4,8,95,75
2015,6,19,109,76,3.8,9,99,78
2015,6,20,112,80,5.8,8,105,74
2015,6,21,110,82,11.6,11,103,76
2015,6,22,107,79,8.1,9,97,76
2015,6,23,107,76,5.4,8,96,77
2015,6,24,109,75,5.1,11,102,77
2015,6,25,110,78,4.7,11,103,76
2015,6,26,111,88,4.5,14,109,75
2015,6,27,111,87,5.8,15,109,78
2015,6,28,108,87,9.4,22,110,74
2015,6,29,109,89,4.5,23,113,77
2015,6,30,110,92,5.6,23,115,78
2015,7,1,106,87,8.3,32,116,75
2015,7,2,103,81,3.8,37,114,76
2015,7,3,108,86,4.5,30,118,74
2015,7,4,101,89,4.9,34,107,78
2015,7,5,103,85,5.4,31,108,75
2015,7,6,99,75,3.6,36,104,78
2015,7,7,99,75,3.8,44,110,78
2015,7,8,102,82,7.8,29,105,76
2015,7,9,94,77,8.3,35,95,75
2015,7,10,93,71,7.4,33,93,78
2015,7,11,96,72,7.4,28,95,78
2015,7,12,99,74,5.4,27,99,75
2015,7,13,103,75,5.6,20,101,78
2015,7,14,104,75,7.6,19,102,77
2015,7,15,102,73,7.4,16,98,74
2015,7,16,104,75,6.5,16,101,78
2015,7,17,105,76,8.9,17,103,76
2015,7,18,95,76,8.9,44,101,76
2015,7,19,93,73,4.5,54,103,75
2015,7,20,85,72,3.1,66,91,74
2015,7,21,98,74,3.4,47,110,76
2015,7,22,101,78,8.9,32,105,76
2015,7,23,100,76,8.3,33,104,74
2015,7,24,100,77,7.2,29,102,77
2015,7,25,103,73,5.6,20,101,75
2015,7,26,103,73,7.8,18,101,74
2015,7,27,101,79,6.7,18,98,75
2015,7,28,102,78,4,16,98,77
2015,7,29,102,76,5.8,25,103,76
2015,7,30,104,84,3.1,32,111,75
2015,7,31,105,87,3.4,38,119,74
2015,8,1,92,76,4.3,52,100,75
2015,8,2,102,71,4.3,39,113,75
2015,8,3,106,77,5.4,21,106,77
2015,8,4,106,76,6.7,18,105,77
2015,8,5,106,84,8.5,17,104,75
2015,8,6,106,76,8.7,23,108,77
2015,8,7,97,73,5.6,44,106,78
2015,8,8,99,76,4.5,21,97,76
2015,8,9,101,71,4.9,23,100,77
2015,8,10,104,78,6,23,105,77
2015,8,11,104,81,7.6,29,109,75
2015,8,12,98,82,3.4,52,115,76
2015,8,13,103,82,2.9,44,120,75
2015,8,14,104,78,3.6,41,120,78
2015,8,15,109,80,2.9,35,126,75
2015,8,16,111,81,5.4,22,116,74
2015,8,17,110,81,7.4,16,109,77
2015,8,18,108,82,5.6,14,105,75
2015,8,19,106,81,4.5,15,103,77
2015,8,20,107,80,8.5,19,107,75
2015,8,21,104,81,8.5,26,107,78
2015,8,22,104,80,6.5,21,103,74
2015,8,23,106,78,4.9,19,105,77
2015,8,24,106,78,4.3,18,105,75
2015,8,25,96,82,6.3,34,98,77
2015,8,26,95,83,4.5,51,106,74
2015,8,27,100,80,3.1,37,107,77
2015,8,28,104,79,3.1,29,109,74
2015,8,29,107,81,6.5,24,110,78
2015,8,30,101,84,8.1,23,100,75
2015,8,31,103,76,6.5,24,104,75
2015,9,1,99,74,7.6,32,102,74
2015,9,2,100,80,8.5,29,102,74
2015,9,3,99,80,7.8,18,96,76
2015,9,4,96,74,10.1,27,95,77
2015,9,5,95,71,7.6,24,92,75
2015,9,6,96,68,4.5,28,95,74
2015,9,7,100,77,3.8,33,104,74
2015,9,8,101,77,3.1,27,102,78
2015,9,9,102,79,3.6,32,107,74
2015,9,10,103,79,4.7,37,114,74
2015,9,11,103,78,3.4,32,109,78
2015,9,12,102,75,4.3,29,105,78
2015,9,13,100,78,5.8,36,106,76
2015,9,14,97,77,10.5,40,103,75
2015,9,15,84,72,9.6,61,88,79
2015,9,16,87,71,9.8,49,89,87
2015,9,17,88,66,5.1,26,85,84
2015,9,18,90,67,4.9,22,87,79
2015,9,19,94,67,4,18,90,76
2015,9,20,98,67,3.4,15,94,78
2015,9,21,98,70,5.6,22,96,75
2015,9,22,94,77,5.6,52,104,74
2015,9,23,95,74,3.1,39,98,76
2015,9,24,101,76,4,25,101,74
2015,9,25,101,73,4.7,22,100,78
2015,9,26,99,75,4.7,29,100,75
2015,9,27,100,74,5.4,28,101,78
2015,9,28,100,75,5.1,22,98,74
2015,9,29,99,71,3.6,21,97,78
2015,9,30,99,71,4,21,97,75
2015,10,1,98,70,9.2,26,97,76
2015,10,2,86,69,4.7,36,85,79
2015,10,3,85,68,3.8,36,84,83
2015,10,4,85,66,7.8,44,85,79
2015,10,5,67,58,3.4,72,67,67
2015,10,6,76,58,2.9,64,76,76
2015,10,7,84,62,4.5,49,85,84
2015,10,8,92,70,5.1,38,93,78
2015,10,9,92,73,4.3,36,92,74
2015,10,10,92,69,3.8,43,95,78
2015,10,11,92,67,2.2,48,97,76
2015,10,12,94,69,3.1,39,97,74
2015,10,13,93,68,2,39,95,77
2015,10,14,92,69,2.5,40,94,75
2015,10,15,88,70,4,52,92,74
2015,10,16,78,66,2.5,67,78,78
2015,10,17,79,64,3.1,78,80,79
2015,10,18,77,59,4.7,83,78,78
2015,10,19,74,57,4,61,74,74
2015,10,20,77,59,5.4,56,77,77
2015,10,21,77,58,5.6,51,77,77
2015,10,22,78,58,2.2,50,78,78
2015,10,23,79,63,4,43,79,79
2015,10,24,80,55,4.7,40,80,79
2015,10,25,75,59,2,46,74,74
2015,10,26,81,55,2.5,42,81,79
2015,10,27,78,56,1.3,34,78,78
2015,10,28,78,60,4.3,44,78,78
2015,10,29,75,53,7.2,51,75,75
2015,10,30,74,59,10.1,38,74,74
2015,10,31,79,58,3.6,40,78,78
2015,11,1,79,53,3.6,38,78,78
2015,11,2,85,53,11.4,40,84,80
2015,11,3,65,53,5.6,59,64,61
2015,11,4,55,44,3.1,67,54,61
2015,11,5,59,43,2.2,46,58,62
2015,11,6,65,44,6,42,64,64
2015,11,7,64,44,6.9,41,63,64
2015,11,8,66,42,3.6,41,65,65
2015,11,9,70,45,7.4,49,70,70
2015,11,10,60,47,8.1,60,60,62
2015,11,11,61,43,4.3,36,60,62
2015,11,12,65,39,5.6,33,64,62
2015,11,13,69,44,6.9,33,68,68
2015,11,14,68,42,3.4,31,67,67
2015,11,15,67,40,8.7,45,66,66
2015,11,16,58,46,14.3,42,56,62
2015,11,17,58,42,6.3,37,56,62
2015,11,18,63,40,3.6,51,62,65
2015,11,19,69,43,3.6,43,68,68
2015,11,20,75,46,6.7,43,74,74
2015,11,21,67,46,8.1,25,66,66
2015,11,22,66,41,6,24,64,60
2015,11,23,65,40,3.6,29,64,65
2015,11,24,74,40,7.8,35,74,74
2015,11,25,59,42,8.9,55,58,65
2015,11,26,55,40,3.4,52,54,60
2015,11,27,51,40,4.5,40,50,65
2015,11,28,51,35,3.6,45,50,65
2015,11,29,50,31,3.4,39,48,62
2015,11,30,51,31,2.5,35,49,61
2015,12,1,55,32,4.3,31,54,65
2015,12,2,59,34,3.8,28,58,62
2015,12,3,59,36,2.9,30,58,62
2015,12,4,60,37,3.6,45,59,60
2015,12,5,60,38,4.7,46,59,60
2015,12,6,60,37,3.4,36,58,63
2015,12,7,61,40,3.1,31,60,62
2015,12,8,65,40,2.7,39,64,62
2015,12,9,60,44,2.2,45,59,62
2015,12,10,69,40,8.7,51,68,68
2015,12,11,62,42,9.8,73,62,60
2015,12,12,56,44,7.2,47,55,62
2015,12,13,60,37,7.6,51,59,62
2015,12,14,52,40,8.9,47,50,61
2015,12,15,50,38,5.8,42,48,61
2015,12,16,50,33,3.6,40,48,65
2015,12,17,50,30,2,40,48,60
2015,12,18,54,32,3.1,44,52,61
2015,12,19,57,32,3.6,50,56,61
2015,12,20,53,38,3.4,79,52,60
2015,12,21,50,36,4.3,76,49,62
2015,12,22,61,44,8.9,86,61,65
2015,12,23,61,38,3.8,70,60,60
2015,12,24,57,41,8.3,48,56,61
2015,12,25,48,37,8.7,51,46,61
2015,12,26,47,37,14.5,33,45,69
2015,12,27,45,28,5.4,35,43,68
2015,12,28,46,29,1.8,34,44,70
2015,12,29,50,33,3.8,47,48,61
2015,12,30,49,27,2,42,48,61
2015,12,31,48,35,9.6,45,46,64
2016,1,1,48,30,6.7,42,46,65
2016,1,2,53,34,4.5,57,52,62
2016,1,3,56,39,6,53,55,65
2016,1,4,54,44,3.4,65,53,60
2016,1,5,51,46,5.8,94,50,64
2016,1,6,55,44,8.5,86,54,60
2016,1,7,53,41,4.7,85,52,65
2016,1,8,55,38,4.9,63,54,62
2016,1,9,51,36,2,56,50,60
2016,1,10,53,38,2.2,74,52,63
2016,1,11,51,34,4.9,50,50,65
2016,1,12,53,31,4.7,38,52,60
2016,1,13,50,30,2.9,44,48,65
2016,1,14,54,31,2.9,54,53,63
2016,1,15,59,34,6.5,58,58,61
2016,1,16,52,37,1.3,56,51,65
2016,1,17,55,33,2.5,62,54,61
2016,1,18,61,41,5.8,63,60,63
2016,1,19,51,39,2.7,81,50,61
2016,1,20,62,41,2.5,70,62,60
2016,1,21,58,37,4.9,42,56,64
2016,1,22,58,38,2.7,41,56,63
2016,1,23,56,41,2.9,57,55,65
2016,1,24,61,46,4.7,60,60,60
2016,1,25,58,42,5.8,49,57,64
2016,1,26,57,41,6.3,40,56,62
2016,1,27,59,35,4,40,58,64
2016,1,28,62,38,2.7,36,61,64
2016,1,29,62,43,2.7,41,61,60
2016,1,30,72,42,9.6,68,72,72
2016,1,31,60,41,12.1,82,60,64
2016,2,1,47,37,11.4,53,46,62
2016,2,2,44,33,3.6,45,42,67
2016,2,3,49,30,3.6,37,47,62
2016,2,4,52,30,4,42,50,65
2016,2,5,60,38,6,50,59,64
2016,2,6,62,37,5.1,49,61,63
2016,2,7,72,44,8.3,43,72,72
2016,2,8,73,50,9.6,46,72,72
2016,2,9,72,46,6.5,41,72,72
2016,2,10,72,45,3.8,37,72,72
2016,2,11,72,45,3.8,32,71,71
2016,2,12,73,44,3.4,30,72,72
2016,2,13,73,44,4,33,72,72
2016,2,14,73,51,6.7,42,72,72
2016,2,15,77,58,6.5,51,77,77
2016,2,16,75,51,4.3,39,74,74
2016,2,17,78,47,6.7,37,78,78
2016,2,18,68,50,9.2,56,68,68
2016,2,19,73,44,3.8,38,72,72
2016,2,20,73,48,3.6,37,72,72
2016,2,21,75,49,4,35,74,74
2016,2,22,72,52,8.3,35,72,72
2016,2,23,64,46,7.2,35,63,63
2016,2,24,66,42,4,35,65,65
2016,2,25,74,46,4.3,31,74,74
2016,2,26,76,48,3.6,32,76,76
2016,2,27,79,53,2,29,78,78
2016,2,28,77,55,3.6,32,76,76
2016,3,1,79,54,3.6,32,78,78
2016,3,2,80,54,3.4,32,80,79
2016,3,3,79,54,4,25,78,78
2016,3,4,79,53,3.1,28,78,78
2016,3,5,77,62,9.6,57,77,77
2016,3,6,69,43,10.7,61,68,68
2016,3,7,59,42,5.8,56,58,65
2016,3,8,69,47,5.1,42,68,68
2016,3,9,73,54,4,34,72,72
2016,3,10,79,51,3.6,32,78,78
2016,3,11,79,51,11.2,40,78,78
2016,3,12,67,47,5.8,51,66,66
2016,3,13,69,50,9.2,55,68,68
2016,3,14,71,50,4.9,55,70,70
2016,3,15,72,53,3.8,27,71,71
2016,3,16,75,53,4.7,29,74,74
2016,3,17,81,51,3.1,26,80,79
2016,3,18,80,58,3.4,23,80,79
2016,3,19,82,55,3.4,24,80,79
2016,3,20,86,54,5.4,24,83,82
2016,3,21,81,64,13.6,35,80,79
2016,3,22,68,54,13,38,67,67
2016,3,23,69,49,6.7,28,68,68
2016,3,24,76,48,3.4,25,75,75
2016,3,25,81,59,4.7,25,79,79
2016,3,26,69,53,7.8,24,68,68
2016,3,27,71,47,3.6,27,70,70
2016,3,28,73,49,16.1,46,72,72
2016,3,29,61,46,8.3,37,60,60
2016,3,30,63,48,2.7,34,62,60
2016,3,31,73,49,4.9,34,72,72
2016,4,1,76,54,5.4,33,76,76
2016,4,2,79,52,2.9,25,78,78
2016,4,3,84,55,3.4,20,81,79
2016,4,4,85,57,3.4,23,82,80
2016,4,5,89,62,6.3,22,86,80
2016,4,6,87,60,8.5,20,84,79
2016,4,7,85,65,5.6,23,82,81
2016,4,8,74,58,5.4,72,74,74
2016,4,9,66,51,4.9,83,66,66
2016,4,10,61,52,2.7,81,61,64
2016,4,11,68,53,2.5,73,68,68
2016,4,12,77,53,2.9,56,77,77
2016,4,13,82,56,7.2,52,83,80
2016,4,14,80,63,8.3,36,80,79
2016,4,15,70,59,13.4,29,69,69
2016,4,16,79,56,10.3,32,78,78
2016,4,17,78,59,6.5,27,78,78
2016,4,18,80,55,3.8,27,80,79
2016,4,19,85,56,2.9,29,83,81
2016,4,20,91,58,5.6,27,88,84
2016,4,21,90,61,5.8,24,87,84
2016,4,22,92,64,13.4,28,90,78
2016,4,23,78,59,7.6,34,78,78
2016,4,24,79,57,7.8,29,78,78
2016,4,25,64,52,10.3,57,64,60
2016,4,26,75,53,5.4,39,74,74
2016,4,27,73,57,6.3,51,72,72
2016,4,28,67,51,4.3,63,66,66
2016,4,29,75,52,4,50,75,75
2016,4,30,66,48,6.5,71,66,66
2016,5,1,75,53,3.6,44,74,74
2016,5,2,79,54,4,42,79,79
2016,5,3,84,60,4.9,37,83,80
2016,5,4,91,63,5.6,31,89,86
2016,5,5,86,65,9.2,32,84,82
2016,5,6,68,57,5.6,51,68,68
2016,5,7,71,54,4,67,71,71
2016,5,8,76,55,4.7,59,76,76
2016,5,9,86,59,7.4,46,87,84
2016,5,10,87,65,2.2,44,88,83
2016,5,11,85,69,6.5,25,82,81
2016,5,12,91,63,3.1,22,88,82
2016,5,13,97,66,4.9,22,94,75
2016,5,14,97,72,9.8,28,97,74
2016,5,15,91,72,7.6,29,89,80
2016,5,16,87,71,5.8,28,84,81
2016,5,17,75,60,7.8,50,75,75
2016,5,18,87,65,4.9,37,86,81
2016,5,19,94,65,11,29,93,74
2016,5,20,83,66,15.2,27,81,79
2016,5,21,78,58,10.3,28,78,78
2016,5,22,79,58,3.6,30,78,78
2016,5,23,84,60,7.6,29,82,80
2016,5,24,79,62,10.3,39,78,78
2016,5,25,80,59,3.8,34,80,79
2016,5,26,83,57,3.1,32,81,79
2016,5,27,88,65,2.9,28,85,82
2016,5,28,90,66,4.9,25,87,81
2016,5,29,91,67,5.1,22,88,80
2016,5,30,95,67,2.9,21,92,76
2016,5,31,99,73,4.9,19,96,78
2016,6,1,102,73,4.5,15,98,74
2016,6,2,105,72,3.4,13,101,78
2016,6,3,106,77,3.6,14,102,78
2016,6,4,107,80,3.4,12,101,78
2016,6,5,109,77,6.9,11,102,77
2016,6,6,104,77,5.1,12,98,76
2016,6,7,106,77,5.1,14,102,75
2016,6,8,109,79,7.4,17,108,75
2016,6,9,105,83,12.3,18,103,76
2016,6,10,103,80,11,24,104,78
2016,6,11,95,71,6.7,34,96,77
2016,6,12,94,74,7.6,30,93,74
2016,6,13,95,73,4.9,23,92,75
2016,6,14,97,71,10.5,21,94,77
2016,6,15,95,75,14.1,21,92,77
2016,6,16,93,70,9.8,21,89,85
2016,6,17,98,73,7.6,19,95,75
2016,6,18,101,73,5.8,16,97,78
2016,6,19,109,78,2.9,14,106,78
2016,6,20,114,84,4.3,13,112,77
2016,6,21,114,85,8.9,13,112,75
2016,6,22,109,80,8.3,14,106,76
2016,6,23,108,80,6.5,10,100,76
2016,6,24,108,80,6,9,98,77
2016,6,25,106,82,4.5,13,102,78
2016,6,26,109,80,2.5,13,105,75
2016,6,27,110,83,4.7,19,111,77
2016,6,28,109,87,4.3,29,119,74
2016,6,29,109,83,4.5,30,120,75
2016,6,30,99,79,6.7,37,105,78
2016,7,1,96,70,2.7,68,124,74
2016,7,2,95,70,3.1,59,112,76
2016,7,3,104,79,4.9,34,113,76
2016,7,4,106,80,7.2,23,108,77
2016,7,5,104,78,8.9,18,102,77
2016,7,6,103,80,10.7,20,101,77
2016,7,7,103,79,7.6,18,101,76
2016,7,8,106,79,8.1,17,104,78
2016,7,9,102,82,10.1,19,100,76
2016,7,10,102,82,13,20,100,78
2016,7,11,100,81,5.1,14,96,74
2016,7,12,105,74,7.2,13,101,74
2016,7,13,105,74,4.7,13,101,75
2016,7,14,108,76,4.5,12,103,75
2016,7,15,111,77,8.5,11,104,74
2016,7,16,106,80,12.1,11,99,75
2016,7,17,106,85,10.7,14,102,77
2016,7,18,105,84,8.1,19,104,77
2016,7,19,107,82,7.4,17,105,75
2016,7,20,108,81,6,17,107,77
2016,7,21,109,82,4.3,20,110,77
2016,7,22,112,83,6,12,108,76
2016,7,23,112,83,5.8,14,110,77
2016,7,24,111,84,8.1,14,109,77
2016,7,25,110,84,6.7,16,109,75
2016,7,26,110,86,3.1,18,110,77
2016,7,27,113,86,4,20,117,77
2016,7,28,114,89,4.3,18,117,76
2016,7,29,111,92,5.1,27,121,78
2016,7,30,106,86,7.8,32,116,74
2016,7,31,103,78,5.6,35,112,77
2016,8,1,101,79,3.6,44,115,77
2016,8,2,103,83,4.9,47,124,74
2016,8,3,104,78,7.4,45,124,76
2016,8,4,84,72,2.7,70,90,78
2016,8,5,101,74,4.5,50,121,75
2016,8,6,104,82,7.2,29,109,78
2016,8,7,106,81,7.6,22,107,75
2016,8,8,106,79,7.6,14,102,75
2016,8,9,104,80,8.9,15,100,74
2016,8,10,102,79,8.3,22,101,75
2016,8,11,102,74,5.1,22,101,76
2016,8,12,103,77,2.5,23,103,74
2016,8,13,107,82,2.9,15,104,74
2016,8,14,109,81,4.5,14,106,75
2016,8,15,108,83,8.3,12,103,77
2016,8,16,107,78,6.3,9,97,77
2016,8,17,107,77,5.8,14,104,75
2016,8,18,102,82,3.1,25,103,76
2016,8,19,100,79,3.6,29,102,76
2016,8,20,105,78,6.5,18,103,77
2016,8,21,100,80,8.7,31,103,76
2016,8,22,98,68,6,43,107,78
2016,8,23,91,69,2.9,53,98,77
2016,8,24,101,74,2.9,35,108,77
2016,8,25,102,75,7.8,23,102,74
2016,8,26,96,77,6.5,31,96,78
2016,8,27,88,70,4.5,62,96,78
2016,8,28,95,73,2.9,42,100,78
2016,8,29,103,74,3.1,27,106,78
2016,8,30,104,77,3.1,23,105,78
2016,8,31,105,77,6,25,108,75
2016,9,1,103,80,7.4,28,106,78
2016,9,2,103,78,7.8,27,106,78
2016,9,3,99,73,9.2,17,95,78
2016,9,4,93,74,11.2,23,90,78
2016,9,5,92,68,3.4,19,88,83
2016,9,6,95,68,3.8,18,91,75
2016,9,7,96,67,4.5,28,95,75
2016,9,8,99,73,3.4,26,99,74
2016,9,9,100,73,3.6,23,99,74
2016,9,10,101,73,4.7,18,98,76
2016,9,11,101,74,7.8,19,98,74
2016,9,12,96,75,11.4,24,94,75
2016,9,13,89,68,11.6,43,90,76
2016,9,14,84,63,1.8,23,81,79
2016,9,15,89,66,3.6,17,85,79
2016,9,16,91,65,4.3,16,87,79
2016,9,17,94,66,4,15,90,77
2016,9,18,98,67,2.7,11,91,76
2016,9,19,98,68,4.5,15,94,74
2016,9,20,86,71,5.8,60,91,74
2016,9,21,82,67,2.7,73,87,79
2016,9,22,86,67,13.6,41,86,80
2016,9,23,80,60,4.7,24,80,79
2016,9,24,88,63,5.6,25,85,80
2016,9,25,89,65,8.7,26,86,81
2016,9,26,90,65,6,25,87,80
2016,9,27,90,66,3.6,30,88,85
2016,9,28,89,69,2.9,39,89,81
2016,9,29,89,67,2.9,42,90,76
2016,9,30,91,71,3.4,42,93,75
2016,10,1,91,69,6.7,30,89,79
2016,10,2,89,68,11.6,23,86,83
2016,10,3,76,61,6.5,25,75,75
2016,10,4,79,57,3.1,19,78,78
2016,10,5,81,56,2.7,21,79,79
2016,10,6,79,60,5.4,18,78,78
2016,10,7,83,55,6.3,18,80,79
2016,10,8,86,60,4,24,83,79
2016,10,9,89,62,3.4,34,88,87
2016,10,10,90,64,5.8,28,88,86
2016,10,11,90,65,5.8,22,87,86
2016,10,12,87,61,2.2,22,84,83
2016,10,13,88,62,3.4,20,85,82
2016,10,14,92,67,8.9,15,88,82
2016,10,15,89,74,12.5,37,88,87
2016,10,16,83,69,15,50,84,81
2016,10,17,80,58,6.7,48,81,80
2016,10,18,81,57,2.5,32,80,79
2016,10,19,79,61,9.2,23,78,78
2016,10,20,79,56,7.4,19,78,78
2016,10,21,83,53,3.8,22,81,80
2016,10,22,89,56,4,21,85,82
2016,10,23,83,61,5.4,32,81,80
2016,10,24,69,59,3.1,79,69,69
2016,10,25,75,58,2,70,75,75
2016,10,26,80,56,2.9,61,82,79
2016,10,27,79,59,2.9,53,79,79
2016,10,28,79,59,5.4,55,79,79
2016,10,29,83,57,4.5,61,86,82
2016,10,30,85,62,9.4,59,89,88
2016,10,31,72,57,3.1,57,72,72
2016,11,1,70,52,4.7,52,70,70
2016,11,2,75,57,7.4,43,74,74
2016,11,3,81,61,7.8,41,81,79
2016,11,4,82,59,6,47,82,81
2016,11,5,79,58,3.6,51,79,79
2016,11,6,79,54,2.9,39,78,78
2016,11,7,80,55,3.4,42,80,79
2016,11,8,82,55,4.9,38,81,79
2016,11,9,80,55,3.8,36,80,79
2016,11,10,79,54,3.1,33,78,78
2016,11,11,77,52,2.2,29,76,76
2016,11,12,76,51,2.2,33,76,76
2016,11,13,76,53,2.9,34,76,76
2016,11,14,78,52,2.7,31,78,78
2016,11,15,74,49,3.8,30,74,74
2016,11,16,79,55,14.5,30,78,78
2016,11,17,59,47,6.7,28,58,61
2016,11,18,60,38,5.4,27,58,63
2016,11,19,66,40,3.6,25,64,60
2016,11,20,67,49,3.6,34,66,66
2016,11,21,63,48,4.9,70,62,61
2016,11,22,65,47,3.4,51,64,61
2016,11,23,65,41,4.7,41,64,61
2016,11,24,61,42,6.7,34,60,64
2016,11,25,63,37,4.3,28,62,61
2016,11,26,63,37,8.9,43,62,63
2016,11,27,55,40,9.8,72,54,64
2016,11,28,58,44,3.1,47,57,62
2016,11,29,57,40,5.1,41,56,65
2016,11,30,53,34,2.9,36,52,62
2016,12,1,56,36,3.8,39,54,62
2016,12,2,55,44,12.5,40,54,65
2016,12,3,60,41,8.1,36,58,63
2016,12,4,60,35,3.1,35,58,63
2016,12,5,59,36,2.2,36,58,61
2016,12,6,60,40,5.8,43,59,64
2016,12,7,54,37,5.1,32,52,61
2016,12,8,53,33,2.5,38,52,62
2016,12,9,54,37,1.8,56,53,64
2016,12,10,58,37,2.5,77,58,60
2016,12,11,64,42,2.2,72,64,62
2016,12,12,62,43,2.2,60,62,60
2016,12,13,62,43,2.5,62,62,65
2016,12,14,59,42,2.9,76,58,65
2016,12,15,67,47,6.7,59,66,66
2016,12,16,68,48,17.7,69,68,68
2016,12,17,50,32,7.2,31,48,61
2016,12,18,50,27,7.6,32,48,64
2016,12,19,52,33,6.9,32,50,61
2016,12,20,56,28,4.9,33,54,61
2016,12,21,57,44,4,36,56,61
2016,12,22,50,43,6.9,88,50,61
2016,12,23,54,44,5.1,94,54,65
2016,12,24,51,38,7.4,87,50,63
2016,12,25,47,33,2.7,55,46,63
2016,12,26,47,31,4.5,50,46,62
2016,12,27,52,32,4,45,50,60
2016,12,28,54,32,4,55,53,65
2016,12,29,61,35,6.7,57,60,61
2016,12,30,51,38,2.7,60,50,65
2016,12,31,50,43,4.7,66,49,64
2017,1,1,57,39,6.7,80,56,62
2017,1,2,57,46,11,89,57,63
2017,1,3,55,44,4.5,87,54,64
2017,1,4,57,39,7.4,88,57,64
2017,1,5,66,43,13.9,81,66,66
2017,1,6,47,33,6.7,36,45,66
2017,1,7,46,34,2.7,60,44,67
2017,1,8,55,42,2.7,75,54,61
2017,1,9,66,44,11.2,81,66,66
2017,1,10,64,42,10.5,78,64,63
2017,1,11,66,53,12.3,73,66,66
2017,1,12,57,47,4.9,85,56,63
2017,1,13,56,47,5.1,86,56,63
2017,1,14,59,49,8.7,71,58,65
2017,1,15,57,44,4.3,63,56,60
2017,1,16,57,40,6.3,51,56,61
2017,1,17,81,59,4.7,44,81,80
2017,1,18,54,33,4,49,52,63
2017,1,19,56,43,8.1,85,56,65
2017,1,20,49,42,10.5,93,48,65
2017,1,21,56,41,6.9,69,56,60
2017,1,22,48,43,8.5,88,48,65
2017,1,23,52,41,10.1,88,52,61
2017,1,24,49,37,3.6,64,48,60
2017,1,25,50,35,3.4,52,48,64
2017,1,26,49,33,4,53,48,63
2017,1,27,51,37,9.6,53,50,61
2017,1,28,56,34,7.6,52,55,62
2017,1,29,61,36,7.4,51,60,64
2017,1,30,64,38,4.7,50,63,62
2017,1,31,63,38,2.7,47,62,60
2017,2,1,63,39,2.9,51,62,60
2017,2,2,66,45,3.8,49,66,66
2017,2,3,71,47,6.9,66,71,71
2017,2,4,65,46,4.3,73,65,65
2017,2,5,63,43,2.7,70,62,62
2017,2,6,64,52,9.6,83,64,64
2017,2,7,72,49,11,82,72,72
2017,2,8,68,50,2.7,79,68,68
2017,2,9,73,50,3.4,71,73,73
2017,2,10,75,57,6.5,60,75,75
2017,2,11,64,52,5.1,69,64,65
2017,2,12,65,51,11.6,61,64,61
2017,2,13,70,50,7.6,52,70,70
2017,2,14,70,50,6.3,43,70,70
2017,2,15,70,44,4,43,70,70
2017,2,16,70,45,5.4,44,70,70
2017,2,17,63,51,11,66,62,65
2017,2,18,58,50,6.7,93,58,65
2017,2,19,61,47,6.7,79,61,65
2017,2,20,65,51,8.9,84,65,65
2017,2,21,69,52,8.7,79,69,69
2017,2,22,65,47,11.2,65,64,64
2017,2,23,55,41,5.8,48,54,61
2017,2,24,53,37,2.9,43,52,61
2017,2,25,51,34,2,44,50,65
2017,2,26,59,36,4,57,58,61
2017,2,27,57,47,8.3,87,56,61
2017,2,28,61,45,4.7,56,60,62
2017,3,1,61,41,5.6,42,60,64
2017,3,2,69,42,6.5,40,68,68
2017,3,3,70,42,4,36,69,69
2017,3,4,76,50,7.8,42,76,76
2017,3,5,68,47,14.1,59,68,68
2017,3,6,56,40,3.1,41,54,65
2017,3,7,66,38,3.1,37,65,65
2017,3,8,75,49,4,41,74,74
2017,3,9,81,50,3.1,41,81,80
2017,3,10,78,52,2.2,40,78,78
2017,3,11,81,58,4.5,40,81,80
2017,3,12,86,58,4,38,85,84
2017,3,13,83,54,4,37,82,81
2017,3,14,87,57,2.2,30,85,83
2017,3,15,87,57,4.5,36,86,81
2017,3,16,84,58,2.7,38,83,81
2017,3,17,86,59,3.1,39,85,83
2017,3,18,89,59,5.8,38,89,87
2017,3,19,90,59,5.6,38,90,74
2017,3,20,88,64,6.5,37,87,79
2017,3,21,83,68,9.4,51,84,83
2017,3,22,72,58,10.1,62,72,72
2017,3,23,72,53,6.9,55,72,72
2017,3,24,75,45,4.5,43,74,74
2017,3,25,71,57,6.9,56,70,70
2017,3,26,73,48,2.9,50,72,72
2017,3,27,74,47,8.1,48,74,74
2017,3,28,73,49,9.8,36,72,72
2017,3,29,77,54,5.4,37,76,76
2017,3,30,81,45,16.1,40,81,80
2017,3,31,67,44,9.8,52,66,66
2017,4,1,76,55,7.4,46,76,76
2017,4,2,82,52,3.4,37,81,80
2017,4,3,74,51,5.8,51,74,74
2017,4,4,70,48,4.9,37,69,69
2017,4,5,75,51,3.4,30,74,74
2017,4,6,83,53,5.4,36,82,81
2017,4,7,82,67,10.5,26,80,79
2017,4,8,75,56,13.2,38,74,74
2017,4,9,68,49,5.4,28,67,67
2017,4,10,75,50,3.4,23,74,74
2017,4,11,79,53,4.3,28,78,78
2017,4,12,86,53,6,43,86,84
2017,4,13,82,61,13.4,48,82,81
2017,4,14,77,55,2.9,40,76,76
2017,4,15,80,59,3.8,27,80,79
2017,4,16,88,57,5.4,23,85,83
2017,4,17,81,69,9.8,38,80,79
2017,4,18,84,62,13.6,52,86,80
2017,4,19,81,60,3.6,46,81,80
2017,4,20,86,57,5.8,27,83,81
2017,4,21,80,61,7.2,27,80,79
2017,4,22,82,59,4.5,25,80,79
2017,4,23,89,62,11.4,26,86,80
2017,4,24,84,60,10.1,33,82,81
2017,4,25,78,62,7.6,27,78,78
2017,4,26,86,56,5.1,29,84,83
2017,4,27,84,68,8.7,28,82,81
2017,4,28,72,58,11.2,22,71,71
2017,4,29,78,55,8.5,28,78,78
2017,4,30,84,55,3.1,23,81,80
2017,5,1,88,64,4.3,22,85,84
2017,5,2,94,67,3.8,24,91,77
2017,5,3,90,71,6.5,24,87,86
2017,5,4,95,65,4.3,18,91,77
2017,5,5,99,69,7.4,20,96,77
2017,5,6,89,64,11.6,31,87,80
2017,5,7,64,53,4.7,39,63,62
2017,5,8,78,54,4,27,78,78
2017,5,9,78,55,7.4,45,78,78
2017,5,10,78,51,3.4,60,78,78
2017,5,11,87,63,3.8,46,88,87
2017,5,12,92,65,11,26,89,88
2017,5,13,83,63,4.9,23,81,80
2017,5,14,85,57,9.2,20,82,79
2017,5,15,76,60,9.2,40,76,76
2017,5,16,79,56,8.7,37,78,78
2017,5,17,79,58,9.2,32,78,78
2017,5,18,75,54,5.6,28,74,74
2017,5,19,80,52,4.3,23,80,79
2017,5,20,88,61,4.3,26,85,81
2017,5,21,96,63,2.2,17,92,78
2017,5,22,95,70,5.4,22,92,75
2017,5,23,100,73,4,16,96,74
2017,5,24,102,72,11.9,15,98,75
2017,5,25,98,73,14.5,22,96,76
2017,5,26,91,70,12.5,35,90,74
2017,5,27,91,71,4,25,88,79
2017,5,28,94,70,5.4,15,90,76
2017,5,29,99,70,3.8,12,93,75
2017,5,30,99,72,5.4,14,95,78
2017,5,31,97,71,7.8,18,93,74
2017,6,1,94,68,6.3,20,90,74
2017,6,2,97,67,3.1,14,92,78
2017,6,3,102,73,4.9,13,97,77
2017,6,4,104,76,8.1,19,102,77
2017,6,5,103,78,6.7,15,99,77
2017,6,6,104,73,7.2,16,101,74
2017,6,7,101,73,8.5,19,98,75
2017,6,8,100,75,10.3,17,96,77
2017,6,9,95,75,14.1,27,93,78
2017,6,10,93,71,15.2,33,93,76
2017,6,11,89,64,17.2,26,86,79
2017,6,12,80,58,8.5,27,80,79
2017,6,13,89,64,3.4,19,85,81
2017,6,14,97,69,2.9,10,89,87
2017,6,15,105,71,3.4,9,95,75
2017,6,16,106,78,3.1,9,96,77
2017,6,17,109,77,3.6,9,99,76
2017,6,18,110,85,4.5,16,109,76
2017,6,19,113,85,4.7,16,113,77
2017,6,20,116,85,4.5,14,115,75
2017,6,21,113,82,6.9,11,109,77
2017,6,22,114,81,6,12,111,78
2017,6,23,112,89,4.7,12,108,78
2017,6,24,112,88,6.3,10,107,75
2017,6,25,112,91,5.8,10,107,74
2017,6,26,109,87,12.8,10,101,77
2017,6,27,107,78,6.9,11,100,78
2017,6,28,106,77,8.9,12,100,78
2017,6,29,106,78,4.7,11,99,77
2017,6,30,106,79,3.1,11,99,76
2017,7,1,110,79,6.7,12,105,77
2017,7,2,105,79,8.3,14,101,74
2017,7,3,105,75,5.8,11,98,78
2017,7,4,107,75,4.3,10,99,76
2017,7,5,111,79,4.9,12,106,76
2017,7,6,113,85,2.2,14,111,76
2017,7,7,115,90,2.7,11,111,78
2017,7,8,112,90,4.5,16,112,78
2017,7,9,105,89,7.4,36,117,75
2017,7,10,104,87,4.9,29,109,74
2017,7,11,104,81,4.3,28,108,77
2017,7,12,105,81,3.1,27,109,76
2017,7,13,108,78,4,26,114,77
2017,7,14,110,83,3.8,17,109,74
2017,7,15,113,87,3.8,16,113,75
2017,7,16,109,88,6.9,26,116,76
2017,7,17,108,80,8.7,33,121,78
2017,7,18,108,79,8.3,34,122,75
2017,7,19,93,72,3.4,54,103,76
2017,7,20,99,79,4.5,43,109,75
2017,7,21,105,78,5.4,26,108,74
2017,7,22,107,84,3.1,22,109,78
2017,7,23,109,87,5.8,31,121,76
2017,7,24,98,84,6.7,48,111,76
2017,7,25,84,74,2.7,76,93,75
2017,7,26,98,76,3.6,60,123,77
2017,7,27,104,78,2,42,121,76
2017,7,28,107,82,4.9,30,116,77
2017,7,29,105,85,5.4,38,119,77
2017,7,30,104,72,3.4,31,110,77
2017,7,31,107,83,3.8,28,114,75
2017,8,1,109,82,3.8,31,121,78
2017,8,2,105,73,4.5,49,133,77
2017,8,3,98,74,5.1,57,119,78
2017,8,4,91,75,4,62,103,76
2017,8,5,99,74,2.5,56,122,78
2017,8,6,101,75,3.8,40,112,78
2017,8,7,101,80,3.1,35,108,77
2017,8,8,103,80,4,25,104,75
2017,8,9,106,80,5.8,23,108,78
2017,8,10,107,77,6,21,108,75
2017,8,11,101,79,4,29,103,74
2017,8,12,104,75,4.3,37,116,77
2017,8,13,104,70,7.6,26,107,78
2017,8,14,101,79,10.1,18,98,75
2017,8,15,95,79,5.1,30,94,77
2017,8,16,96,75,4,24,94,74
2017,8,17,100,76,3.1,21,98,75
2017,8,18,103,71,3.8,20,101,78
2017,8,19,102,76,5.8,19,100,74
2017,8,20,102,78,4.9,21,101,77
2017,8,21,92,70,3.4,36,92,78
2017,8,22,99,67,3.1,35,104,77
2017,8,23,100,77,4,27,101,76
2017,8,24,91,71,4,57,100,74
2017,8,25,101,73,2.7,39,111,74
2017,8,26,105,77,2.9,27,109,75
2017,8,27,109,84,2.7,18,109,75
2017,8,28,108,84,2.9,21,110,74
2017,8,29,108,83,4,22,110,78
2017,8,30,106,83,3.4,26,110,74
2017,8,31,102,82,4.7,30,106,75
2017,9,1,104,82,4.5,27,107,78
2017,9,2,105,83,6,25,108,76
2017,9,3,103,82,3.8,38,114,78
2017,9,4,103,82,3.1,36,113,78
2017,9,5,105,84,3.4,27,109,76
2017,9,6,100,84,3.6,39,108,74
2017,9,7,100,80,4.9,38,108,74
2017,9,8,85,69,3.8,53,87,82
2017,9,9,84,68,3.8,71,91,75
2017,9,10,94,72,4.3,52,104,78
2017,9,11,101,80,4,42,113,76
2017,9,12,102,78,4.3,39,113,76
2017,9,13,99,80,3.1,41,108,78
2017,9,14,89,75,8.3,38,89,80
2017,9,15,89,70,3.1,50,93,78
2017,9,16,89,72,4,31,87,80
2017,9,17,91,68,3.1,34,90,77
2017,9,18,94,69,8.1,33,94,74
2017,9,19,90,73,10.1,36,89,87
2017,9,20,91,67,10.3,37,91,74
2017,9,21,84,63,16.6,43,84,80
2017,9,22,75,57,2.9,32,74,74
2017,9,23,74,58,5.8,31,74,74
2017,9,24,74,54,4.3,29,73,73
2017,9,25,79,60,5.1,26,78,78
2017,9,26,81,63,6.5,27,80,79
2017,9,27,86,67,6.3,30,84,81
2017,9,28,85,62,4.7,33,83,81
2017,9,29,89,63,3.6,25,86,80
2017,9,30,91,62,7.6,22,88,84
2017,10,1,89,66,5.4,25,86,83
2017,10,2,76,60,6.3,26,76,76
2017,10,3,83,57,8.1,28,81,79
2017,10,4,81,63,3.4,25,79,79
2017,10,5,84,57,2.5,16,81,79
2017,10,6,85,63,6,18,82,81
2017,10,7,87,57,3.4,17,84,83
2017,10,8,90,59,6.7,14,86,85
2017,10,9,74,56,12.5,21,73,73
2017,10,10,75,49,3.8,18,74,74
2017,10,11,85,53,5.1,13,82,81
2017,10,12,83,60,2.5,19,81,79
2017,10,13,83,57,3.4,16,80,79
2017,10,14,79,58,9.6,13,78,78
2017,10,15,78,53,7.8,13,77,77
2017,10,16,83,54,4.5,10,77,77
2017,10,17,86,53,2.9,10,80,79
2017,10,18,82,59,2.7,14,80,79
2017,10,19,87,65,4,18,84,81
2017,10,20,81,63,10.7,40,81,80
2017,10,21,73,57,5.8,20,72,72
2017,10,22,81,54,4.5,22,79,79
2017,10,23,91,61,7.8,25,88,81
2017,10,24,88,69,9.8,22,85,82
2017,10,25,85,59,4.7,18,82,81
2017,10,26,85,57,3.8,17,82,81
2017,10,27,83,58,6,24,81,80
2017,10,28,84,57,6,26,82,81
2017,10,29,83,59,2.9,26,81,79
2017,10,30,83,62,4.7,31,81,80
2017,10,31,78,62,4.5,58,78,78
2017,11,1,77,56,4.5,56,77,77
2017,11,2,77,55,6.9,63,77,77
2017,11,3,71,57,8.7,58,71,71
2017,11,4,75,59,9.6,53,75,75
2017,11,5,73,52,9.8,58,73,73
2017,11,6,74,49,8.1,55,74,74
2017,11,7,71,51,2.7,41,70,70
2017,11,8,68,45,4,31,67,67
2017,11,9,79,49,5.4,37,78,78
2017,11,10,78,48,6.5,54,78,78
2017,11,11,74,52,2.9,40,74,74
2017,11,12,67,50,2.5,32,66,66
2017,11,13,70,47,2.7,23,69,69
2017,11,14,72,49,2.7,27,71,71
2017,11,15,68,48,3.1,32,67,67
2017,11,16,80,51,10.1,37,80,79
2017,11,17,76,53,13,40,76,76
2017,11,18,61,45,7.6,21,60,62
2017,11,19,63,39,4.7,15,62,60
2017,11,20,64,41,2.7,12,62,64
2017,11,21,72,47,3.8,30,71,71
2017,11,22,79,52,4.9,45,79,79
2017,11,23,79,51,2.9,35,78,78
2017,11,24,77,51,2.5,32,76,76
2017,11,25,77,50,2.7,30,76,76
2017,11,26,76,51,3.4,30,76,76
2017,11,27,72,53,12.5,36,72,72
2017,11,28,63,49,5.8,33,62,64
2017,11,29,68,48,3.8,32,67,67
2017,11,30,67,44,3.4,33,66,66
2017,12,1,68,45,2.7,35,67,67
2017,12,2,67,43,3.4,39,66,66
2017,12,3,75,51,9.6,30,74,74
2017,12,4,53,45,12.8,29,51,65
2017,12,5,57,40,11.4,27,56,60
2017,12,6,64,43,11.2,28,62,60
2017,12,7,64,39,8.7,24,62,64
2017,12,8,64,40,6.7,27,62,63
2017,12,9,66,39,7.4,23,64,65
2017,12,10,65,38,8.5,18,64,62
2017,12,11,65,37,7.2,15,64,64
2017,12,12,68,38,6.5,16,66,66
2017,12,13,68,42,5.4,14,66,66
2017,12,14,68,44,9.6,28,67,67
2017,12,15,61,37,2.9,24,60,61
2017,12,16,60,43,3.8,26,58,64
2017,12,17,56,46,9.6,38,54,60
2017,12,18,58,40,4.7,35,56,65
2017,12,19,59,36,2.5,40,58,63
2017,12,20,70,41,12.5,41,70,70
2017,12,21,50,39,10.7,29,48,64
2017,12,22,50,32,3.1,24,48,63
2017,12,23,52,33,2,18,50,62
2017,12,24,57,38,3.1,18,55,65
2017,12,25,61,42,2.2,27,60,61
2017,12,26,59,39,2.5,38,58,64
2017,12,27,62,35,2.9,26,60,62
2017,12,28,65,36,3.4,22,64,61
2017,12,29,64,37,2.7,21,62,64
2017,12,30,64,37,2.5,20,62,62
2017,12,31,64,39,2.9,42,63,65
2018,1,1,63,37,3.8,22,62,60
2018,1,2,63,42,6.3,24,62,61
2018,1,3,61,39,4.9,13,59,64
2018,1,4,64,40,2.5,14,62,63
2018,1,5,67,40,2.5,30,66,66
2018,1,6,64,48,4,45,63,64
2018,1,7,65,46,4.3,43,64,64
2018,1,8,54,48,2.9,43,52,62
2018,1,9,51,43,4,83,50,61
2018,1,10,63,40,4,69,62,61
2018,1,11,61,41,2.5,48,60,60
2018,1,12,62,41,4.3,47,61,60
2018,1,13,65,44,6.5,39,64,60
2018,1,14,66,43,5.8,40,65,65
2018,1,15,65,44,3.6,39,64,61
2018,1,16,63,46,5.1,42,62,62
2018,1,17,66,43,3.8,35,65,65
2018,1,18,64,45,3.4,43,63,64
2018,1,19,71,48,6.7,48,70,70
2018,1,20,58,43,6.7,48,57,60
2018,1,21,54,38,4.7,34,52,61
2018,1,22,53,34,3.6,35,52,65
2018,1,23,59,39,4.9,39,58,61
2018,1,24,60,36,3.4,32,58,64
2018,1,25,65,37,9.8,38,64,61
2018,1,26,58,39,4.9,34,56,60
2018,1,27,60,38,4.9,31,58,65
2018,1,28,72,50,7.2,40,72,72
2018,1,29,70,46,6.5,37,69,69
2018,1,30,70,45,2.9,31,69,69
2018,1,31,70,44,2.7,29,69,69
2018,2,1,70,44,2.5,29,69,69
2018,2,2,74,45,3.6,35,74,74
2018,2,3,77,50,5.6,38,76,76
2018,2,4,74,54,4.5,38,74,74
2018,2,5,76,51,3.6,33,76,76
2018,2,6,71,52,6.9,32,70,70
2018,2,7,68,44,5.4,31,67,67
2018,2,8,74,48,5.4,31,74,74
2018,2,9,76,49,2.9,30,76,76
2018,2,10,78,51,8.1,26,78,78
2018,2,11,57,41,7.2,27,56,63
2018,2,12,61,48,8.3,54,60,62
2018,2,13,59,44,3.8,60,58,62
2018,2,14,62,50,4.3,52,61,62
2018,2,15,64,46,5.8,43,63,64
2018,2,16,58,40,4.9,25,56,63
2018,2,17,65,37,3.6,28,64,62
2018,2,18,72,41,14.5,33,71,71
2018,2,19,55,39,11.4,34,54,65
2018,2,20,49,33,3.4,26,47,63
2018,2,21,50,36,2.5,27,48,63
2018,2,22,56,30,10.5,32,54,60
2018,2,23,49,36,6.9,43,48,62
2018,2,24,51,32,4,29,49,60
2018,2,25,54,38,4,32,52,60
2018,2,26,65,32,6,28,64,63
2018,2,27,53,39,3.6,49,52,60
2018,2,28,61,39,3.4,45,60,64
2018,3,1,65,46,8.5,40,64,62
2018,3,2,69,49,10.7,52,68,68
2018,3,3,65,50,11.2,61,64,62
2018,3,4,58,41,6.3,37,56,63
2018,3,5,61,41,6.5,25,60,64
2018,3,6,66,41,6.9,21,64,65
2018,3,7,61,41,4.9,20,60,60
2018,3,8,70,41,2.7,20,69,69
2018,3,9,73,45,3.4,26,72,72
2018,3,10,66,53,3.4,58,66,66
2018,3,11,66,53,3.4,64,66,66
2018,3,12,72,50,2.9,48,72,72
2018,3,13,75,52,4.3,48,74,74
2018,3,14,72,56,12.3,52,72,72
2018,3,15,61,48,9.4,45,60,63
2018,3,16,67,46,8.3,38,66,66
2018,3,17,61,49,9.4,46,60,65
2018,3,18,62,46,4.7,32,60,64
2018,3,19,65,45,3.6,24,64,63
2018,3,20,66,44,2.5,29,65,65
2018,3,21,72,51,5.8,53,72,72
2018,3,22,69,58,8.9,58,68,68
2018,3,23,72,55,6.3,47,72,72
2018,3,24,72,54,11.6,32,71,71
2018,3,25,67,46,8.9,36,66,66
2018,3,26,65,48,10.3,24,64,60
2018,3,27,69,49,10.1,25,68,68
2018,3,28,79,50,5.6,31,78,78
2018,3,29,79,59,4.7,27,78,78
2018,3,30,83,55,3.6,23,81,79
2018,3,31,87,57,4.3,23,84,80
2018,4,1,85,64,4.3,24,82,80
2018,4,2,84,55,6,26,82,79
2018,4,3,74,56,7.4,16,73,73
2018,4,4,81,52,2.7,20,79,79
2018,4,5,85,59,4.3,22,82,79
2018,4,6,88,64,6,28,85,81
2018,4,7,92,64,13.2,41,94,78
2018,4,8,84,61,6.3,18,81,79
2018,4,9,82,63,6.7,18,80,79
2018,4,10,87,57,4.9,16,83,82
2018,4,11,92,72,13.6,20,88,84
2018,4,12,72,55,14.5,18,71,71
2018,4,13,72,51,8.5,19,71,71
2018,4,14,77,51,3.8,18,76,76
2018,4,15,83,55,6.5,14,80,79
2018,4,16,80,51,16.1,26,80,79
2018,4,17,69,48,6.9,23,68,68
2018,4,18,75,48,5.8,15,74,74
2018,4,19,69,54,10.3,31,68,68
2018,4,20,83,54,8.5,29,81,79
2018,4,21,85,55,3.4,21,82,80
2018,4,22,89,60,4,15,85,83
2018,4,23,93,61,4.9,17,89,84
2018,4,24,91,66,3.4,15,87,84
2018,4,25,91,65,4.3,15,87,81
2018,4,26,95,66,3.4,14,91,77
2018,4,27,94,67,8.9,16,90,78
2018,4,28,87,66,11.4,16,83,80
2018,4,29,83,60,11.2,25,81,80
2018,4,30,76,61,4.7,26,76,76
2018,5,1,68,51,4.9,46,68,68
2018,5,2,68,51,2,53,68,68
2018,5,3,79,53,3.4,33,78,78
2018,5,4,88,59,3.6,21,85,79
2018,5,5,92,63,3.4,18,88,86
2018,5,6,97,68,4.3,16,93,74
2018,5,7,97,70,3.8,12,91,77
2018,5,8,99,71,3.8,12,93,77
2018,5,9,104,71,7.2,13,100,78
2018,5,10,97,77,10.3,17,93,75
2018,5,11,92,63,13.9,28,90,77
2018,5,12,80,60,5.1,24,80,79
2018,5,13,84,62,5.4,25,82,81
2018,5,14,84,66,3.4,27,82,81
2018,5,15,88,67,4.5,24,85,80
2018,5,16,91,64,9.4,17,87,83
2018,5,17,88,67,7.8,19,84,79
2018,5,18,90,68,4.5,20,86,85
2018,5,19,93,69,4.3,20,89,85
2018,5,20,91,67,7.2,26,88,85
2018,5,21,85,73,5.4,32,83,80
2018,5,22,86,68,3.4,28,84,81
2018,5,23,90,65,5.8,24,87,85
2018,5,24,93,68,6.5,20,89,85
2018,5,25,90,69,9.8,26,87,79
2018,5,26,81,63,8.1,29,80,79
2018,5,27,87,71,3.8,25,84,83
2018,5,28,92,69,4.9,25,89,83
2018,5,29,95,71,3.6,21,92,75
2018,5,30,100,74,10.1,20,97,78
2018,5,31,93,74,13.6,26,91,74
2018,6,1,93,68,4,15,89,85
2018,6,2,101,76,6.3,11,94,75
2018,6,3,105,74,3.8,9,95,75
2018,6,4,106,74,6.9,9,96,76
2018,6,5,101,78,8.5,14,97,75
2018,6,6,100,73,8.7,16,96,77
2018,6,7,99,73,8.1,12,93,74
2018,6,8,100,70,4,12,94,78
2018,6,9,101,72,12.1,13,96,76
2018,6,10,97,77,4.5,16,93,78
2018,6,11,101,76,3.4,9,91,77
2018,6,12,105,75,3.8,10,97,77
2018,6,13,108,76,6,11,101,75
2018,6,14,104,77,9.4,10,96,77
2018,6,15,100,83,12.1,16,96,75
2018,6,16,97,79,12.3,25,95,76
2018,6,17,94,74,12.3,26,92,75
2018,6,18,93,68,4,20,89,81
2018,6,19,99,73,3.1,12,93,77
2018,6,20,105,79,3.4,11,98,78
2018,6,21,112,78,6.7,9,106,76
2018,6,22,108,86,5.4,7,95,74
2018,6,23,110,78,7.2,7,97,76
2018,6,24,104,80,4.3,12,98,78
2018,6,25,108,80,5.8,11,101,77
2018,6,26,109,80,5.8,9,99,74
2018,6,27,108,77,7.2,10,100,75
2018,6,28,105,82,11.2,8,94,74
2018,6,29,101,74,6,13,96,75
2018,6,30,102,77,4,15,98,76
2018,7,1,105,78,4.3,14,101,77
2018,7,2,108,80,6.9,11,101,75
2018,7,3,106,77,9.4,14,102,76
2018,7,4,104,78,6.9,14,100,78
2018,7,5,106,78,3.6,10,98,75
2018,7,6,111,82,4.3,11,104,76
2018,7,7,107,90,5.8,25,111,78
2018,7,8,109,85,2.7,22,112,76
2018,7,9,107,74,6.9,26,112,76
2018,7,10,98,74,4.5,49,112,78
2018,7,11,99,83,4,48,114,78
2018,7,12,95,82,3.4,55,109,77
2018,7,13,98,81,2.5,54,116,76
2018,7,14,104,79,3.8,44,123,75
2018,7,15,103,79,3.1,52,130,75
2018,7,16,108,86,4,35,123,78
2018,7,17,109,87,4.7,33,124,78
2018,7,18,106,88,5.4,41,125,74
2018,7,19,107,76,4.3,39,126,75
2018,7,20,103,71,2.5,46,123,74
2018,7,21,99,83,4.7,36,104,77
2018,7,22,103,78,2.5,35,112,74
2018,7,23,110,86,2.5,26,118,78
2018,7,24,110,91,3.4,21,113,75
2018,7,25,113,87,2.5,20,117,75
2018,7,26,113,90,3.1,21,118,74
2018,7,27,113,87,4.5,17,114,74
2018,7,28,112,86,8.1,18,113,77
2018,7,29,106,87,6.3,26,110,75
2018,7,30,107,85,3.4,32,118,77
2018,7,31,106,86,4.3,34,118,76
2018,8,1,109,88,4.5,26,116,75
2018,8,2,108,85,6.7,26,114,75
2018,8,3,104,80,3.4,39,118,78
2018,8,4,109,82,7.6,16,107,77
2018,8,5,108,79,6.5,13,104,74
2018,8,6,108,78,2.5,10,100,77
2018,8,7,110,80,2.9,12,105,77
2018,8,8,106,83,5.6,24,109,78
2018,8,9,107,84,5.1,22,109,78
2018,8,10,106,85,7.6,30,114,76
2018,8,11,107,76,6.3,27,113,78
2018,8,12,102,77,4.7,39,113,77
2018,8,13,107,80,5.8,24,110,78
2018,8,14,106,83,4.7,23,108,77
2018,8,15,103,84,4.7,29,107,78
2018,8,16,98,81,3.4,39,104,75
2018,8,17,103,81,3.6,36,113,75
2018,8,18,106,85,2.9,31,115,77
2018,8,19,109,87,4.5,20,110,76
2018,8,20,108,84,11,21,110,75
2018,8,21,105,85,10.3,21,105,75
2018,8,22,100,86,7.8,26,100,77
2018,8,23,103,82,7.2,22,103,75
2018,8,24,102,79,8.1,14,98,74
2018,8,25,102,74,7.4,20,100,77
2018,8,26,103,82,8.9,14,99,78
2018,8,27,102,75,9.4,11,95,75
2018,8,28,99,75,4.7,17,95,75
2018,8,29,100,72,4.7,16,96,77
2018,8,30,101,76,8.1,14,97,74
2018,8,31,100,75,6.5,11,93,76
2018,9,1,99,70,3.6,13,94,74
2018,9,2,99,74,4.9,19,96,76
2018,9,3,98,76,4.7,25,97,75
2018,9,4,95,73,3.6,39,98,76
2018,9,5,97,75,2.7,29,97,76
2018,9,6,100,75,2.7,25,100,74
2018,9,7,104,77,2.5,19,102,74
2018,9,8,107,78,5.6,15,104,78
2018,9,9,105,76,5.1,12,99,76
2018,9,10,103,73,5.6,11,96,77
2018,9,11,102,71,6.3,10,94,78
2018,9,12,99,75,11,12,93,74
2018,9,13,96,76,8.7,12,90,76
2018,9,14,99,68,5.1,11,92,77
2018,9,15,101,71,8.1,13,96,76
2018,9,16,100,74,6.7,16,96,74
2018,9,17,100,72,6,11,93,75
2018,9,18,99,68,6.5,8,88,84
2018,9,19,99,65,6.3,9,90,74
2018,9,20,94,69,2.7,14,90,77
2018,9,21,96,69,3.8,18,92,76
2018,9,22,98,70,4.7,21,95,74
2018,9,23,99,63,6.3,22,97,76
2018,9,24,98,71,5.1,16,94,74
2018,9,25,95,74,3.6,11,88,83
2018,9,26,95,70,4.3,9,86,80
2018,9,27,98,66,2.9,8,88,87
2018,9,28,98,67,4,14,93,76
2018,9,29,96,73,9.2,21,93,76
2018,9,30,95,75,8.1,32,95,78
2018,10,1,89,73,7.4,52,94,75
2018,10,2,84,74,4.5,54,86,81
2018,10,3,88,65,7.6,45,89,84
2018,10,4,81,63,6,47,81,80
2018,10,5,83,65,3.6,37,82,80
2018,10,6,74,64,2.9,39,74,74
2018,10,7,69,59,6.7,35,68,68
2018,10,8,76,61,5.1,26,76,76
2018,10,9,80,56,5.4,27,80,79
2018,10,10,78,60,4,32,78,78
2018,10,11,78,57,4.5,42,78,78
2018,10,12,79,62,6.9,40,78,78
2018,10,13,80,62,4,40,80,79
2018,10,14,73,55,10.5,23,72,72
2018,10,15,69,51,11.6,18,68,68
2018,10,16,71,52,7.4,23,70,70
2018,10,17,72,50,5.1,35,72,72
2018,10,18,75,50,4.7,34,74,74
2018,10,19,81,53,7.4,27,80,79
2018,10,20,81,58,4.7,31,80,79
2018,10,21,76,58,3.4,56,76,76
2018,10,22,75,56,3.1,52,75,75
2018,10,23,80,56,4.3,40,80,79
2018,10,24,81,59,4,37,80,79
2018,10,25,82,57,3.6,28,80,79
2018,10,26,82,56,4.3,28,80,79
2018,10,27,83,55,2.7,26,81,79
2018,10,28,81,54,3.4,26,80,79
2018,10,29,85,60,5.4,24,82,81
2018,10,30,73,58,8.3,24,72,72
2018,10,31,69,54,6.5,23,68,68
2018,11,1,78,54,5.4,28,78,78
2018,11,2,78,56,3.4,35,78,78
2018,11,3,80,58,5.6,25,80,79
2018,11,4,72,56,2.9,27,71,71
2018,11,5,77,52,2.9,26,76,76
2018,11,6,76,53,4,19,75,75
2018,11,7,73,48,3.8,17,72,72
2018,11,8,65,51,12.5,20,64,62
2018,11,9,67,44,8.3,19,66,66
2018,11,10,65,39,3.1,16,64,65
2018,11,11,61,43,8.1,21,60,65
2018,11,12,60,36,6.9,21,58,61
2018,11,13,62,35,6.5,20,60,65
2018,11,14,68,43,4.7,20,66,66
2018,11,15,69,42,4.7,22,68,68
2018,11,16,66,43,2.5,22,64,63
2018,11,17,67,40,2.2,22,66,66
2018,11,18,65,42,5.6,28,64,62
2018,11,19,63,39,4.3,15,62,62
2018,11,20,66,42,4.3,17,64,64
2018,11,21,65,41,4,23,64,65
2018,11,22,69,48,6.9,47,68,68
2018,11,23,62,42,3.4,53,61,61
2018,11,24,66,42,3.6,53,66,66
2018,11,25,59,41,7.2,25,58,65
2018,11,26,61,43,6,24,60,60
2018,11,27,61,40,2.7,20,60,64
2018,11,28,64,40,4.3,28,62,63
2018,11,29,60,50,8.7,54,59,63
2018,11,30,62,42,4.5,63,62,61
2018,12,1,60,39,6,49,59,62
2018,12,2,55,38,3.8,41,54,65
2018,12,3,52,36,3.8,34,50,65
2018,12,4,54,35,7.4,35,52,63
2018,12,5,50,39,3.6,37,48,63
2018,12,6,53,45,2.9,56,52,61
2018,12,7,56,44,4.3,74,56,64
2018,12,8,61,42,3.1,58,60,65
2018,12,9,60,40,4.9,42,59,63
2018,12,10,61,42,3.8,41,60,64
2018,12,11,64,46,4.7,36,63,60
2018,12,12,68,41,6,33,67,67
2018,12,13,57,39,4.9,30,56,63
2018,12,14,55,36,3.4,31,54,64
2018,12,15,61,39,3.1,28,60,60
2018,12,16,63,36,3.4,27,62,60
2018,12,17,59,42,2.7,36,58,65
2018,12,18,60,39,2.7,47,59,64
2018,12,19,65,41,4.7,42,64,63
2018,12,20,62,39,2.9,36,61,61
2018,12,21,62,44,1.8,34,60,60
2018,12,22,63,40,4.5,38,62,62
2018,12,23,60,41,2.7,27,58,64
2018,12,24,59,38,2.7,37,58,63
2018,12,25,57,40,4.7,59,56,61
2018,12,26,55,42,6.9,35,54,65
2018,12,27,54,35,6,32,52,61
2018,12,28,49,39,9.6,36,47,61
2018,12,29,51,34,7.8,36,49,61
2018,12,30,53,33,2.9,48,52,60
2018,12,31,50,37,5.6,35,48,63
2019,1,1,46,31,8.3,30,44,70
2019,1,2,48,26,7.2,28,46,61
2019,1,3,50,28,3.8,38,48,61
2019,1,4,54,30,3.1,41,52,65
2019,1,5,49,34,2.7,55,48,64
2019,1,6,53,40,6.5,71,52,62
2019,1,7,52,46,4.7,77,52,60
2019,1,8,58,43,4.5,64,58,63
2019,1,9,61,42,2.7,52,60,60
2019,1,10,62,38,3.4,50,61,64
2019,1,11,59,40,4,49,58,61
2019,1,12,57,38,4.9,45,56,64
2019,1,13,56,35,6,48,55,61
2019,1,14,55,41,4.7,64,54,60
2019,1,15,48,45,2.5,86,48,60
2019,1,16,58,45,5.1,79,58,61
2019,1,17,63,49,9.8,78,63,61
2019,1,18,60,44,5.4,55,59,64
2019,1,19,61,42,3.6,39,60,62
2019,1,20,58,40,4,50,57,63
2019,1,21,59,44,12.3,46,58,60
2019,1,22,52,41,9.8,33,50,60
2019,1,23,54,34,2.9,37,52,63
2019,1,24,62,36,5.6,46,61,63
2019,1,25,61,41,5.1,36,60,60
2019,1,26,65,48,7.2,35,64,61
2019,1,27,65,44,3.1,40,64,63
2019,1,28,69,45,5.6,40,68,68
2019,1,29,63,49,3.8,35,62,60
2019,1,30,63,44,4.5,34,62,65
2019,1,31,61,40,2.9,37,60,65
2019,2,1,65,41,4.3,51,64,62
2019,2,2,57,51,11.6,71,56,62
2019,2,3,60,47,8.9,68,60,64
2019,2,4,58,47,11,69,58,63
2019,2,5,53,37,11.6,63,52,61
2019,2,6,48,36,7.6,41,46,62
2019,2,7,47,31,3.4,31,45,67
2019,2,8,50,30,3.1,33,48,62
2019,2,9,56,32,7.6,49,55,65
2019,2,10,58,36,12.1,62,57,64
2019,2,11,50,32,3.6,35,48,63
2019,2,12,52,30,3.1,30,50,61
2019,2,13,56,40,4.5,48,55,60
2019,2,14,57,45,9.4,81,56,61
2019,2,15,59,37,11.6,69,58,64
2019,2,16,54,41,6,57,53,60
2019,2,17,49,34,4.7,63,48,64
2019,2,18,48,37,7.2,50,46,65
2019,2,19,46,34,6.7,37,44,70
2019,2,20,47,30,5.4,51,46,63
2019,2,21,41,33,3.4,69,40,66
2019,2,22,50,36,6.7,46,48,62
2019,2,23,51,30,2.2,37,50,61
2019,2,24,55,33,3.1,36,54,60
2019,2,25,58,36,2.9,41,56,64
2019,2,26,67,42,4.9,46,66,66
2019,2,27,72,43,7.2,46,72,72
2019,2,28,74,52,8.9,61,74,74
2019,3,1,73,53,7.2,47,72,72
2019,3,2,70,54,11.4,67,70,70
2019,3,3,69,48,8.3,63,69,69
2019,3,4,67,48,2.9,57,66,66
2019,3,5,70,52,5.6,48,70,70
2019,3,6,61,54,8.9,70,60,63
2019,3,7,67,52,7.8,57,66,66
2019,3,8,58,45,9.4,57,57,61
2019,3,9,59,38,4.3,51,58,61
2019,3,10,58,47,2.7,59,57,63
2019,3,11,65,46,5.1,55,64,61
2019,3,12,64,47,5.6,60,64,61
2019,3,13,57,46,12.1,35,56,65
2019,3,14,60,43,7.6,41,59,64
2019,3,15,66,44,8.3,39,65,65
2019,3,16,71,50,6.9,37,70,70
2019,3,17,74,46,4.5,31,74,74
2019,3,18,77,48,2.9,31,76,76
2019,3,19,76,51,3.6,34,76,76
2019,3,20,67,53,4.5,54,66,66
2019,3,21,63,48,7.2,59,62,64
2019,3,22,68,47,3.1,47,68,68
2019,3,23,72,50,7.8,46,72,72
2019,3,24,72,53,3.1,42,72,72
2019,3,25,74,48,3.4,29,73,73
2019,3,26,80,51,3.4,30,80,79
2019,3,27,79,52,6.5,38,78,78
2019,3,28,75,57,10.3,44,74,74
2019,3,29,72,51,4.7,37,72,72
2019,3,30,70,50,5.6,34,69,69
2019,3,31,72,54,5.1,32,71,71
2019,4,1,74,51,2.9,31,74,74
2019,4,2,79,59,9.6,36,78,78
2019,4,3,75,55,3.4,45,74,74
2019,4,4,76,58,6.5,42,76,76
2019,4,5,76,60,7.8,49,76,76
2019,4,6,78,57,2.9,40,78,78
2019,4,7,84,58,2,28,82,80
2019,4,8,86,62,3.4,30,84,82
2019,4,9,84,58,15.9,32,82,79
2019,4,10,71,53,13.2,27,70,70
2019,4,11,70,54,5.1,36,69,69
2019,4,12,66,53,6.5,44,65,65
2019,4,13,74,50,3.6,32,74,74
2019,4,14,82,52,6.9,31,81,80
2019,4,15,80,65,9.2,33,80,79
2019,4,16,68,51,7.4,51,68,68
2019,4,17,79,52,6.7,32,78,78
2019,4,18,85,56,4.9,29,83,79
2019,4,19,89,59,4.5,26,86,84
2019,4,20,89,63,11.2,32,87,84
2019,4,21,79,60,6.3,41,79,79
2019,4,22,80,61,6.9,37,80,79
2019,4,23,87,67,6.3,32,85,79
2019,4,24,91,65,3.1,27,88,81
2019,4,25,95,67,3.6,27,93,76
2019,4,26,96,70,6.9,30,96,74
2019,4,27,94,68,5.8,28,92,76
2019,4,28,92,66,7.6,28,90,74
2019,4,29,79,55,7.4,45,79,79
2019,4,30,77,55,9.6,49,77,77
2019,5,1,74,58,5.8,26,73,73
2019,5,2,80,55,2.9,21,80,79
2019,5,3,84,59,3.1,21,81,80
2019,5,4,90,60,4,23,87,84
2019,5,5,90,62,6.3,25,87,79
2019,5,6,82,62,6.7,37,81,79
2019,5,7,85,60,5.4,42,85,83
2019,5,8,87,63,4.3,38,86,81
2019,5,9,75,56,5.8,51,75,75
2019,5,10,74,56,4.7,53,74,74
2019,5,11,83,62,3.6,40,82,81
2019,5,12,87,65,3.4,32,85,80
2019,5,13,92,66,4.3,29,90,75
2019,5,14,93,68,6.7,29,91,77
2019,5,15,91,69,8.7,29,89,83
2019,5,16,77,59,12.5,42,76,76
2019,5,17,73,55,4.7,37,72,72
2019,5,18,81,56,5.4,31,80,79
2019,5,19,73,58,15.7,45,72,72
2019,5,20,73,53,7.6,44,72,72
2019,5,21,75,55,10.3,39,74,74
2019,5,22,65,53,2.9,47,64,61
2019,5,23,70,53,6.7,53,70,70
2019,5,24,77,58,2,45,77,77
2019,5,25,84,58,6.3,33,82,79
2019,5,26,75,57,11.2,45,74,74
2019,5,27,73,53,4.5,40,72,72
2019,5,28,80,59,3.6,41,80,79
2019,5,29,83,62,2.7,39,82,80
2019,5,30,87,64,3.8,30,85,79
2019,5,31,91,67,3.8,28,89,84
2019,6,1,90,70,5.1,26,87,86
2019,6,2,90,69,4,25,87,84
2019,6,3,92,71,2.9,22,89,82
2019,6,4,98,75,3.1,19,95,76
2019,6,5,101,77,3.1,21,99,76
2019,6,6,103,78,10.5,22,103,75
2019,6,7,97,78,11.6,23,95,76
2019,6,8,90,74,6.5,21,86,80
2019,6,9,91,70,9.8,15,87,83
2019,6,10,97,74,4.9,14,92,78
2019,6,11,102,75,2.5,13,97,74
2019,6,12,105,78,3.1,15,102,75
2019,6,13,105,78,8.3,13,101,76
2019,6,14,96,79,3.6,24,94,78
2019,6,15,102,76,3.6,22,101,78
2019,6,16,101,79,5.4,23,100,74
2019,6,17,98,75,4.3,29,98,77
2019,6,18,100,77,3.6,25,100,74
2019,6,19,105,76,7.4,18,103,78
2019,6,20,103,80,15.2,23,103,77
2019,6,21,95,77,7.6,25,93,76
2019,6,22,89,72,8.5,16,85,83
2019,6,23,94,67,3.8,15,90,78
2019,6,24,101,69,4.5,12,95,75
2019,6,25,100,75,9.4,17,96,76
2019,6,26,99,73,10.1,20,96,74
2019,6,27,99,76,8.3,14,95,75
2019,6,28,101,74,7.2,12,95,76
2019,6,29,100,74,6.9,14,96,75
2019,6,30,100,81,5.1,18,97,75
2019,7,1,104,73,7.6,12,98,78
2019,7,2,103,73,9.6,12,97,74
2019,7,3,100,75,10.3,16,96,77
2019,7,4,100,76,7.8,15,96,78
2019,7,5,101,72,4.9,15,97,77
2019,7,6,103,73,6.5,13,99,76
2019,7,7,101,76,8.5,14,97,77
2019,7,8,99,77,8.3,18,96,76
2019,7,9,101,74,5.4,16,97,74
2019,7,10,105,73,4.3,12,99,76
2019,7,11,109,80,5.8,12,104,75
2019,7,12,107,86,5.4,15,104,76
2019,7,13,109,81,5.8,15,107,78
2019,7,14,110,83,6.3,10,102,74
2019,7,15,109,80,7.2,10,101,77
2019,7,16,108,76,9.6,11,101,78
2019,7,17,105,83,8.5,13,101,76
2019,7,18,106,76,7.2,9,96,78
2019,7,19,104,77,6.9,9,94,78
2019,7,20,104,76,6.5,12,98,74
2019,7,21,107,76,4.7,12,101,76
2019,7,22,108,81,6.3,15,105,78
2019,7,23,103,91,6,25,104,77
2019,7,24,100,88,4.9,32,104,76
2019,7,25,98,85,3.6,34,101,75
2019,7,26,106,84,4.7,28,112,75
2019,7,27,107,85,3.6,24,110,74
2019,7,28,109,87,3.6,18,109,78
2019,7,29,112,83,8.1,10,107,78
2019,7,30,108,81,9.2,18,107,76
2019,7,31,95,82,5.4,28,94,77
2019,8,1,103,79,2.9,30,108,77
2019,8,2,107,80,3.4,14,104,77
2019,8,3,109,85,3.8,14,106,75
2019,8,4,110,84,6,13,107,77
2019,8,5,111,82,5.1,11,104,78
2019,8,6,108,86,5.6,15,105,77
2019,8,7,105,81,6,22,106,76
2019,8,8,100,77,4.5,31,103,78
2019,8,9,103,79,8.3,12,97,74
2019,8,10,101,73,8.3,13,96,78
2019,8,11,99,73,6.7,18,96,77
2019,8,12,102,72,4.7,14,98,75
2019,8,13,104,76,3.8,13,100,75
2019,8,14,108,78,2.7,12,103,78
2019,8,15,109,80,3.8,10,101,77
2019,8,16,108,76,6.5,11,101,77
2019,8,17,106,77,8.1,10,98,75
2019,8,18,104,74,6.3,11,97,75
2019,8,19,103,73,5.4,10,95,75
2019,8,20,104,73,3.4,9,94,74
2019,8,21,108,78,3.1,8,97,75
2019,8,22,106,75,7.6,9,96,78
2019,8,23,104,76,6.9,15,100,75
2019,8,24,104,77,6,18,102,75
2019,8,25,106,78,6.3,17,104,74
2019,8,26,107,80,3.8,17,105,77
2019,8,27,107,82,3.8,21,108,77
2019,8,28,110,83,6.5,18,110,75
2019,8,29,107,83,6.5,17,105,77
2019,8,30,108,80,6.7,15,105,74
2019,8,31,108,78,4.9,11,101,75
2019,9,1,109,75,5.8,13,105,78
2019,9,2,100,82,4.9,27,101,76
2019,9,3,105,81,2.7,23,106,78
2019,9,4,107,81,3.6,23,110,76
2019,9,5,103,86,3.6,26,105,76
2019,9,6,105,82,4.5,27,109,75
2019,9,7,104,80,7.4,23,105,77
2019,9,8,96,76,6.7,17,92,75
2019,9,9,97,70,8.9,19,94,78
2019,9,10,92,74,10.5,22,89,84
2019,9,11,90,67,3.4,20,86,79
2019,9,12,92,68,5.8,16,88,79
2019,9,13,97,68,4.5,12,91,75
2019,9,14,100,69,3.8,11,93,78
2019,9,15,100,70,6.7,20,97,75
2019,9,16,97,79,11,13,92,75
2019,9,17,88,72,6.3,18,84,81
2019,9,18,93,63,6.7,15,89,81
2019,9,19,88,71,11.2,24,85,81
2019,9,20,83,65,4.3,18,80,79
2019,9,21,85,62,4.5,17,82,81
2019,9,22,88,61,4,17,84,79
2019,9,23,89,66,3.8,27,86,81
2019,9,24,93,63,5.8,23,90,78
2019,9,25,94,67,4,23,91,78
2019,9,26,87,72,5.4,49,89,86
2019,9,27,90,68,6.7,49,94,75
2019,9,28,87,66,15.2,46,88,80
2019,9,29,75,61,9.6,26,74,74
2019,9,30,78,53,5.8,20,77,77
2019,10,1,79,52,4.3,21,78,78
2019,10,2,78,58,3.4,14,77,77
2019,10,3,84,52,4.5,12,80,79
2019,10,4,85,67,4.7,10,79,79
2019,10,5,84,58,4.5,12,80,79
2019,10,6,85,58,6.5,13,82,81
2019,10,7,87,61,4.3,11,81,80
2019,10,8,89,59,3.6,11,83,81
2019,10,9,89,62,9.4,12,84,80
2019,10,10,68,52,14.1,11,66,66
2019,10,11,72,49,8.7,9,70,70
2019,10,12,76,49,4.3,7,75,75
2019,10,13,80,47,4,8,79,79
2019,10,14,80,53,2.2,20,80,79
2019,10,15,84,56,3.4,23,81,79
2019,10,16,86,55,3.8,22,83,80
2019,10,17,85,61,11.2,23,82,80
2019,10,18,77,56,6,16,76,76
2019,10,19,77,51,3.1,12,76,76
2019,10,20,73,55,5.8,20,72,72
2019,10,21,78,52,4.7,19,77,77
2019,10,22,82,56,4.3,20,80,79
2019,10,23,84,61,6.5,16,81,79
2019,10,24,74,57,8.9,16,73,73
2019,10,25,77,50,5.8,18,76,76
2019,10,26,81,53,4.3,19,79,79
2019,10,27,68,50,9.2,18,66,66
2019,10,28,58,42,6.3,12,56,63
2019,10,29,63,39,8.3,11,62,63
2019,10,30,53,35,10.3,16,51,65
2019,10,31,61,34,6,9,59,60
2019,11,1,69,37,5.1,8,68,68
2019,11,2,74,44,6,13,73,73
2019,11,3,75,46,3.4,11,74,74
2019,11,4,76,45,2.9,12,75,75
2019,11,5,78,47,3.8,21,77,77
2019,11,6,78,49,3.6,17,77,77
2019,11,7,78,49,3.4,15,77,77
2019,11,8,79,49,4.5,16,78,78
2019,11,9,78,49,4.5,13,77,77
2019,11,10,76,47,3.1,12,75,75
2019,11,11,79,51,6.3,21,78,78
2019,11,12,73,48,4,18,72,72
2019,11,13,74,50,2.7,18,73,73
2019,11,14,72,50,2.5,20,71,71
2019,11,15,75,54,2.2,21,74,74
2019,11,16,78,53,5.4,23,78,78
2019,11,17,76,56,6.3,23,75,75
2019,11,18,76,51,3.1,21,75,75
2019,11,19,77,48,6.7,34,76,76
2019,11,20,61,45,4.5,72,60,61
2019,11,21,51,44,2.2,70,50,62
2019,11,22,58,40,3.1,60,57,63
2019,11,23,60,42,6,48,59,63
2019,11,24,62,44,4.3,38,61,64
2019,11,25,64,37,8.3,34,63,64
2019,11,26,50,41,4.5,37,48,65
2019,11,27,57,42,10.3,54,56,64
2019,11,28,50,36,4.7,74,49,62
2019,11,29,48,36,8.7,67,47,61
2019,11,30,49,32,2.7,58,48,61
2019,12,1,50,40,3.6,48,48,62
2019,12,2,56,37,3.4,48,55,64
2019,12,3,57,43,3.4,59,56,64
2019,12,4,52,48,3.8,76,51,64
2019,12,5,61,50,2.7,73,60,60
2019,12,6,60,45,2.7,65,60,63
2019,12,7,59,49,3.4,70,58,65
2019,12,8,62,51,5.8,76,62,63
2019,12,9,63,49,5.6,54,62,63
2019,12,10,57,41,2.5,38,56,62
2019,12,11,59,41,2.5,38,58,63
2019,12,12,59,42,2.2,43,58,65
2019,12,13,60,40,2.7,55,59,62
2019,12,14,62,42,3.6,70,62,64
2019,12,15,57,44,4.9,57,56,63
2019,12,16,52,37,6.3,40,50,60
2019,12,17,50,30,6.7,35,48,60
2019,12,18,50,37,3.4,38,48,60
2019,12,19,58,36,3.6,33,56,65
2019,12,20,57,35,4.7,40,56,60
2019,12,21,57,39,3.6,42,56,60
2019,12,22,55,41,3.6,46,54,64
2019,12,23,55,44,3.8,59,54,60
2019,12,24,81,59,2.7,73,85,83
2019,12,25,81,59,5.1,66,84,82
2019,12,26,47,42,7.8,75,46,63
2019,12,27,53,43,6.9,56,52,61
2019,12,28,50,38,6.7,44,48,65
2019,12,29,47,31,2.2,42,45,67
2019,12,30,55,35,5.8,51,54,60
2019,12,31,57,40,7.8,43,56,60