Year,Month,Day,Max Temp (F),Min Temp (F),Wind Speed (m/s),Relative Humidity (%)
2015,1,1,45,31,0.8,69
2015,1,2,51,30,1.2,50
2015,1,3,52,29,1.1,47
2015,1,4,62,34,1.6,50
2015,1,5,72,41,2.2,41
2015,1,6,75,42,2.4,40
2015,1,7,81,47,3.6,48
2015,1,8,70,52,3.3,51
2015,1,9,72,45,2.8,62
2015,1,10,64,53,2.6,60
2015,1,11,69,51,1.5,65
2015,1,12,64,52,1,77
2015,1,13,61,50,0.9,85
2015,1,14,64,43,1.3,64
2015,1,15,70,44,2.3,49
2015,1,16,71,44,1.9,38
2015,1,17,71,43,1.5,39
2015,1,18,72,45,1.7,43
2015,1,19,71,46,1.5,43
2015,1,20,72,47,1.5,43
2015,1,21,72,50,1.4,46
2015,1,22,63,46,2.6,36
2015,1,23,60,39,1.9,39
2015,1,24,75,42,2.8,32
2015,1,25,75,46,2.9,37
2015,1,26,70,53,2.3,47
2015,1,27,73,53,1,72
2015,1,28,74,50,1.1,65
2015,1,29,70,54,1.6,60
2015,1,30,58,53,3.2,91
2015,1,31,60,50,1,87
2015,2,1,68,47,1.2,61
2015,2,2,71,46,1.6,45
2015,2,3,74,47,1.5,46
2015,2,4,75,49,1.3,44
2015,2,5,81,49,1.5,40
2015,2,6,81,53,1.8,43
2015,2,7,77,50,1.2,36
2015,2,8,79,51,1.4,41
2015,2,9,81,53,1.4,47
2015,2,10,79,51,1.5,43
2015,2,11,79,54,2.9,39
2015,2,12,76,52,2.1,42
2015,2,13,79,51,1.9,42
2015,2,14,82,55,1.4,40
2015,2,15,75,56,1.4,53
2015,2,16,75,50,1.9,58
2015,2,17,74,52,1.9,33
2015,2,18,76,48,1.7,30
2015,2,19,76,50,1.2,33
2015,2,20,75,53,1,37
2015,2,21,75,50,1.7,45
2015,2,22,67,48,2.3,65
2015,2,23,63,53,2.4,71
2015,2,24,62,45,1.7,57
2015,2,25,67,42,1.8,41
2015,2,26,73,48,1.9,35
2015,2,27,73,49,2.3,41
2015,2,28,67,54,2.3,68
2015,3,1,70,58,2.5,70
2015,3,2,62,49,2.6,90
2015,3,3,63,45,1.3,67
2015,3,4,67,44,1.5,50
2015,3,5,74,45,2.2,34
2015,3,6,80,48,3.3,31
2015,3,7,81,54,2.1,35
2015,3,8,,52,1.5,35
2015,3,9,,54,1.4,35
2015,3,10,83,51,2.1,28
2015,3,11,84,56,1.9,30
2015,3,12,82,66,2,38
2015,3,13,85,57,2,41
2015,3,14,85,62,2.1,37
2015,3,15,86,62,2.2,33
2015,3,16,87,64,2.3,35
2015,3,17,87,62,1.8,39
2015,3,18,78,60,1.8,59
2015,3,19,67,55,1.1,79
2015,3,20,77,58,1.3,57
2015,3,21,82,57,1.6,39
2015,3,22,84,57,1.4,32
2015,3,23,82,55,1.8,30
2015,3,24,82,54,1.1,28
2015,3,25,86,55,1.5,34
2015,3,26,87,59,2.2,25
2015,3,27,90,58,2.2,25
2015,3,28,90,57,1.4,23
2015,3,29,92,59,1.5,23
2015,3,30,92,66,1.4,27
2015,3,31,91,60,1.9,27
2015,4,1,87,61,2.1,30
2015,4,2,83,58,2.3,30
2015,4,3,83,56,2.1,19
2015,4,4,85,58,1.8,22
2015,4,5,84,56,2.3,23
2015,4,6,82,53,2.2,26
2015,4,7,79,53,2.4,25
2015,4,8,75,53,2.4,30
2015,4,9,78,51,1.9,21
2015,4,10,82,50,1.2,17
2015,4,11,81,54,1.2,24
2015,4,12,82,54,2.6,28
2015,4,13,87,56,1.5,32
2015,4,14,90,61,2.6,27
2015,4,15,81,60,2.7,18
2015,4,16,74,51,2.6,19
2015,4,17,79,52,2.1,22
2015,4,18,87,53,2.1,19
2015,4,19,89,54,1.7,18
2015,4,20,89,58,1.6,16
2015,4,21,87,61,2.1,18
2015,4,22,84,53,2.1,28
2015,4,23,80,53,2.3,34
2015,4,24,72,57,1.8,46
2015,4,25,77,53,2.9,46
2015,4,26,69,52,2.5,57
2015,4,27,84,51,1.5,40
2015,4,28,88,62,2,32
2015,4,29,91,67,2.1,27
2015,4,30,95,65,1.4,19
2015,5,1,98,63,1.7,19
2015,5,2,95,64,1.4,23
2015,5,3,91,69,1.8,29
2015,5,4,83,61,1.7,57
2015,5,5,81,65,1.3,54
2015,5,6,86,63,2.4,39
2015,5,7,83,56,2.9,40
2015,5,8,72,55,3.2,40
2015,5,9,74,50,1.2,43
2015,5,10,85,57,1.7,30
2015,5,11,92,63,2.3,25
2015,5,12,88,65,2.9,24
2015,5,13,87,66,2.2,35
2015,5,14,82,67,3.9,35
2015,5,15,68,53,2.8,53
2015,5,16,72,53,1.3,59
2015,5,17,82,60,1.3,39
2015,5,18,86,59,2.4,33
2015,5,19,84,61,1.5,36
2015,5,20,88,61,1.6,31
2015,5,21,86,66,2.7,33
2015,5,22,78,63,2.9,41
2015,5,23,79,59,1.7,42
2015,5,24,82,59,1.5,37
2015,5,25,88,61,1.7,33
2015,5,26,91,63,1.2,30
2015,5,27,92,66,1.3,27
2015,5,28,96,65,1.5,21
2015,5,29,98,66,1.4,19
2015,5,30,102,69,1.5,20
2015,5,31,102,71,1.8,21
2015,6,1,101,69,1.9,18
2015,6,2,99,72,2.2,17
2015,6,3,98,66,2.2,14
2015,6,4,93,64,3.3,26
2015,6,5,84,68,2.9,56
2015,6,6,94,70,2.7,38
2015,6,7,97,64,1.5,23
2015,6,8,104,74,1.6,26
2015,6,9,91,81,1.7,46
2015,6,10,92,75,2.2,56
2015,6,11,97,77,1.9,34
2015,6,12,100,71,1.4,22
2015,6,13,102,74,1.7,22
2015,6,14,104,77,1.7,23
2015,6,15,109,77,2.1,20
2015,6,16,109,77,2,18
2015,6,17,110,79,1.9,18
2015,6,18,114,81,2.4,14
2015,6,19,109,79,2.3,10
2015,6,20,109,73,1.8,10
2015,6,21,105,81,1.9,12
2015,6,22,106,80,1.9,16
2015,6,23,108,80,2,16
2015,6,24,110,83,2,15
2015,6,25,108,85,2.1,25
2015,6,26,105,85,1.6,25
2015,6,27,106,83,2.1,31
2015,6,28,107,84,1.8,34
2015,6,29,108,86,2.2,35
2015,6,30,105,85,3,35
2015,7,1,103,82,2.7,35
2015,7,2,105,83,2.7,29
2015,7,3,96,79,1.9,39
2015,7,4,104,81,2.5,37
2015,7,5,101,82,2.5,47
2015,7,6,102,77,1.9,44
2015,7,7,104,80,1.9,30
2015,7,8,105,79,2.8,24
2015,7,9,99,74,3.3,28
2015,7,10,99,70,3.2,29
2015,7,11,101,80,2.1,23
2015,7,12,102,75,1.1,21
2015,7,13,106,83,2,31
2015,7,14,105,86,2.2,27
2015,7,15,102,85,2.4,28
2015,7,16,105,84,2,26
2015,7,17,100,83,2,35
2015,7,18,98,74,1.5,51
2015,7,19,95,75,1.7,65
2015,7,20,99,82,1.9,43
2015,7,21,103,80,1.5,33
2015,7,22,102,82,2.1,26
2015,7,23,101,80,2.3,30
2015,7,24,101,84,1.5,34
2015,7,25,107,81,2.1,19
2015,7,26,108,79,2.1,16
2015,7,27,103,79,2.1,29
2015,7,28,103,87,2.2,29
2015,7,29,99,84,1.3,44
2015,7,30,102,82,1.5,40
2015,7,31,105,81,2.1,44
2015,8,1,102,81,1.6,47
2015,8,2,106,85,2.2,35
2015,8,3,107,82,1.8,25
2015,8,4,109,79,2,22
2015,8,5,110,80,2.4,22
2015,8,6,102,89,1.8,31
2015,8,7,103,82,2.4,38
2015,8,8,99,79,2.1,49
2015,8,9,104,82,1.6,32
2015,8,10,101,83,1.7,32
2015,8,11,97,75,1.7,44
2015,8,12,106,78,1.6,45
2015,8,13,111,85,1.7,30
2015,8,14,112,90,1.7,24
2015,8,15,112,88,1.8,27
2015,8,16,111,89,2.3,30
2015,8,17,105,89,2.5,33
2015,8,18,103,84,2.4,30
2015,8,19,103,82,1.9,30
2015,8,20,103,83,1.8,31
2015,8,21,103,85,2.2,31
2015,8,22,103,85,1.8,35
2015,8,23,104,84,2.2,34
2015,8,24,104,85,1.8,39
2015,8,25,98,80,1.3,57
2015,8,26,102,82,1.2,49
2015,8,27,106,84,1.3,41
2015,8,28,106,81,1.6,40
2015,8,29,107,83,1.5,31
2015,8,30,105,84,1.9,46
2015,8,31,104,81,1.6,43
2015,9,1,96,78,1.3,54
2015,9,2,99,83,1.2,39
2015,9,3,99,77,2.4,42
2015,9,4,94,75,2.2,55
2015,9,5,92,79,1.8,52
2015,9,6,100,81,1.5,44
2015,9,7,99,81,1.1,38
2015,9,8,102,84,2.3,40
2015,9,9,91,81,1.2,49
2015,9,10,94,80,1.5,46
2015,9,11,99,75,1.6,44
2015,9,12,103,78,1.1,35
2015,9,13,101,74,1.4,38
2015,9,14,95,73,1.9,58
2015,9,15,94,77,2.2,50
2015,9,16,93,76,2.2,49
2015,9,17,94,70,1.6,38
2015,9,18,97,72,1.2,29
2015,9,19,100,75,1.9,27
2015,9,20,101,77,1.8,39
2015,9,21,88,75,1.8,66
2015,9,22,88,72,1.2,75
2015,9,23,96,71,1.3,53
2015,9,24,102,76,1.4,35
2015,9,25,102,77,2.9,32
2015,9,26,100,83,2.7,32
2015,9,27,101,76,1.1,29
2015,9,28,100,76,1.3,28
2015,9,29,101,74,1.2,25
2015,9,30,103,75,1.4,24
2015,10,1,102,75,2.3,21
2015,10,2,94,72,2.1,25
2015,10,3,89,65,1.7,24
2015,10,4,91,67,3.2,41
2015,10,5,84,69,2.7,57
2015,10,6,78,61,1.2,68
2015,10,7,80,59,1,64
2015,10,8,89,62,1.9,44
2015,10,9,92,69,2.4,42
2015,10,10,92,75,2.1,47
2015,10,11,94,71,1.4,44
2015,10,12,93,70,1.1,40
2015,10,13,95,69,1.1,37
2015,10,14,98,72,1.5,31
2015,10,15,97,71,1.5,28
2015,10,16,94,70,3,45
2015,10,17,86,71,3.8,49
2015,10,18,88,64,2.7,63
2015,10,19,82,66,1.3,70
2015,10,20,74,61,1.5,68
2015,10,21,73,60,0.7,70
2015,10,22,76,56,1.1,58
2015,10,23,82,59,1.3,49
2015,10,24,89,60,2.5,38
2015,10,25,85,69,2.5,41
2015,10,26,87,66,1.4,42
2015,10,27,86,60,1.5,39
2015,10,28,83,65,1.3,34
2015,10,29,79,60,1.8,60
2015,10,30,77,57,1.6,62
2015,10,31,81,53,1.6,39
2015,11,1,82,54,1.6,41
2015,11,2,83,57,1.9,40
2015,11,3,78,63,2.6,53
2015,11,4,63,50,2.2,64
2015,11,5,64,44,1,60
2015,11,6,72,43,1.8,43
2015,11,7,78,52,2.3,34
2015,11,8,78,58,2.6,44
2015,11,9,76,52,1.5,40
2015,11,10,68,49,2.9,55
2015,11,11,65,42,1.3,38
2015,11,12,75,45,2.5,29
2015,11,13,78,50,2.3,30
2015,11,14,75,48,1.8,36
2015,11,15,64,53,1.8,69
2015,11,16,56,44,3.1,68
2015,11,17,61,40,1.3,44
2015,11,18,64,41,1.2,46
2015,11,19,75,43,1.8,42
2015,11,20,76,48,1.5,40
2015,11,21,80,53,3,30
2015,11,22,78,53,2.5,33
2015,11,23,78,54,1.7,31
2015,11,24,75,49,1.6,36
2015,11,25,70,57,2.2,47
2015,11,26,61,42,1.3,40
2015,11,27,59,37,1.5,46
2015,11,28,60,40,1.3,47
2015,11,29,58,37,1.4,44
2015,11,30,59,34,1.3,36
2015,12,1,63,34,1.4,34
2015,12,2,68,35,2.1,30
2015,12,3,72,44,1.9,27
2015,12,4,71,43,2,28
2015,12,5,71,42,1.4,28
2015,12,6,77,46,2.5,33
2015,12,7,76,52,1.6,28
2015,12,8,71,46,1.5,31
2015,12,9,70,47,1.8,38
2015,12,10,74,46,1.5,38
2015,12,11,64,52,2,51
2015,12,12,56,42,1.4,73
2015,12,13,56,33,1.5,56
2015,12,14,54,39,2.2,59
2015,12,15,54,33,1.1,49
2015,12,16,53,31,1.2,45
2015,12,17,54,32,1.2,44
2015,12,18,66,36,2.2,41
2015,12,19,65,45,2.1,45
2015,12,20,60,41,1.4,63
2015,12,21,61,40,1.2,48
2015,12,22,53,42,1,71
2015,12,23,61,50,1.5,81
2015,12,24,64,50,1.4,65
2015,12,25,57,40,2.1,56
2015,12,26,54,39,3.6,35
2015,12,27,57,34,1.6,41
2015,12,28,56,34,1.5,47
2015,12,29,52,37,1.2,49
2015,12,30,57,34,1.3,52
2015,12,31,60,32,1.4,56
2016,1,1,65,35,2.8,52
2016,1,2,69,50,2.9,51
2016,1,3,70,51,3.2,43
2016,1,4,64,51,3.7,65
2016,1,5,55,49,1.9,90
2016,1,6,56,48,2.5,81
2016,1,7,50,44,1.9,93
2016,1,8,52,43,1.5,79
2016,1,9,55,39,1.3,68
2016,1,10,55,41,1.3,67
2016,1,11,59,38,1.8,55
2016,1,12,63,36,3.1,51
2016,1,13,63,39,2,38
2016,1,14,60,37,1.2,42
2016,1,15,57,41,2,60
2016,1,16,58,36,1.4,58
2016,1,17,65,38,1.2,53
2016,1,18,66,43,1.5,44
2016,1,19,66,41,1.4,48
2016,1,20,67,45,1.4,56
2016,1,21,70,47,2,44
2016,1,22,72,46,2.4,37
2016,1,23,71,45,1.7,39
2016,1,24,63,41,1.5,48
2016,1,25,65,42,1.5,49
2016,1,26,66,40,2.3,41
2016,1,27,68,42,2.2,38
2016,1,28,69,44,1.7,39
2016,1,29,69,41,1.2,39
2016,1,30,69,43,1.8,47
2016,1,31,72,48,3.8,68
2016,2,1,53,41,4.1,63
2016,2,2,53,33,1.8,42
2016,2,3,54,32,1.3,38
2016,2,4,62,34,2.2,38
2016,2,5,68,40,2.9,41
2016,2,6,72,42,3.1,35
2016,2,7,78,44,3.5,39
2016,2,8,82,52,3.9,34
2016,2,9,83,53,3.1,35
2016,2,10,81,53,2.3,33
2016,2,11,80,50,2.1,33
2016,2,12,82,50,2.2,31
2016,2,13,82,49,1.5,33
2016,2,14,78,47,1.8,33
2016,2,15,83,49,1.9,38
2016,2,16,85,52,2.1,39
2016,2,17,85,51,1.8,36
2016,2,18,79,55,2.1,34
2016,2,19,78,54,1.2,32
2016,2,20,82,50,1.2,34
2016,2,21,81,50,1.4,35
2016,2,22,82,50,2.6,34
2016,2,23,71,54,2.4,34
2016,2,24,74,46,2.3,35
2016,2,25,81,48,1.8,32
2016,2,26,84,55,1.8,29
2016,2,27,83,50,1.5,30
2016,2,28,82,50,1.3,27
2016,3,1,84,55,1.3,29
2016,3,2,85,53,1.4,27
2016,3,3,86,56,1.5,27
2016,3,4,86,55,1.3,25
2016,3,5,79,56,1.3,29
2016,3,6,76,61,2.6,38
2016,3,7,67,46,2.2,39
2016,3,8,71,46,1.7,42
2016,3,9,77,47,1.6,28
2016,3,10,83,54,1.8,26
2016,3,11,83,53,2.3,28
2016,3,12,69,50,2.3,48
2016,3,13,74,49,1.3,33
2016,3,14,76,50,1.6,41
2016,3,15,85,53,1.7,31
2016,3,16,85,53,1.9,22
2016,3,17,85,54,2,21
2016,3,18,87,51,1.5,22
2016,3,19,87,53,1.3,23
2016,3,20,88,56,1.7,21
2016,3,21,89,58,2.1,23
2016,3,22,79,60,3.5,31
2016,3,23,75,56,2.4,20
2016,3,24,78,47,1.9,21
2016,3,25,83,49,1.9,19
2016,3,26,85,55,2.2,19
2016,3,27,83,56,2.6,22
2016,3,28,79,57,3.8,29
2016,3,29,67,51,3.5,38
2016,3,30,66,46,1.4,34
2016,3,31,72,49,1.5,32
2016,4,1,77,51,1,24
2016,4,2,82,54,1.8,20
2016,4,3,87,55,1.3,20
2016,4,4,89,56,1.7,17
2016,4,5,90,57,1.4,15
2016,4,6,95,64,2.5,12
2016,4,7,88,67,3.1,25
2016,4,8,78,60,2.4,58
2016,4,9,79,61,1.8,47
2016,4,10,69,54,2,64
2016,4,11,75,52,1.3,62
2016,4,12,80,56,1.5,44
2016,4,13,84,59,1.2,37
2016,4,14,87,60,2.2,31
2016,4,15,82,59,4.2,30
2016,4,16,79,53,2.3,30
2016,4,17,81,60,2.2,28
2016,4,18,84,57,2.6,22
2016,4,19,88,61,1.9,20
2016,4,20,92,60,1.5,16
2016,4,21,94,63,1.5,14
2016,4,22,93,66,2.2,17
2016,4,23,86,66,2.8,21
2016,4,24,85,56,2,17
2016,4,25,79,64,4.3,31
2016,4,26,75,54,2.1,28
2016,4,27,80,54,1.8,25
2016,4,28,74,60,3.2,36
2016,4,29,79,62,2.4,37
2016,4,30,77,58,2.4,46
2016,5,1,77,55,1,49
2016,5,2,84,60,2,30
2016,5,3,92,63,2.1,25
2016,5,4,100,67,3.4,18
2016,5,5,95,66,3.6,20
2016,5,6,76,58,3.5,40
2016,5,7,76,57,1.5,48
2016,5,8,79,59,1.7,38
2016,5,9,83,57,1.7,32
2016,5,10,88,60,1.6,25
2016,5,11,92,64,1.3,20
2016,5,12,99,69,2,17
2016,5,13,100,67,1.9,16
2016,5,14,98,71,2.4,27
2016,5,15,91,70,3.1,28
2016,5,16,89,67,2.1,29
2016,5,17,87,67,2,27
2016,5,18,85,67,1.6,41
2016,5,19,91,65,1.9,32
2016,5,20,96,68,3.8,25
2016,5,21,89,66,3.5,27
2016,5,22,86,63,2.4,22
2016,5,23,87,57,1.8,18
2016,5,24,88,65,2.5,23
2016,5,25,88,58,2.8,19
2016,5,26,83,61,1.9,26
2016,5,27,90,60,1.6,18
2016,5,28,95,64,1.7,17
2016,5,29,95,66,2.4,18
2016,5,30,91,61,1.7,16
2016,5,31,97,64,2,13
2016,6,1,100,69,2.3,15
2016,6,2,106,70,2,12
2016,6,3,111,74,2.2,10
2016,6,4,112,77,2.6,10
2016,6,5,111,75,2,8
2016,6,6,107,76,2.3,9
2016,6,7,103,80,1.7,13
2016,6,8,104,75,1.9,18
2016,6,9,102,80,2.4,25
2016,6,10,98,78,2,36
2016,6,11,97,74,2.3,39
2016,6,12,99,71,2.6,23
2016,6,13,96,74,2.1,20
2016,6,14,97,68,2,15
2016,6,15,98,69,2.7,16
2016,6,16,99,73,2.1,17
2016,6,17,102,69,1.4,12
2016,6,18,109,76,2.1,9
2016,6,19,117,77,2.4,11
2016,6,20,113,87,3.5,13
2016,6,21,108,86,2.1,19
2016,6,22,109,86,2.2,20
2016,6,23,109,83,1.8,20
2016,6,24,106,83,1.9,19
2016,6,25,106,79,1.5,18
2016,6,26,103,85,1.6,20
2016,6,27,107,88,1.9,30
2016,6,28,110,86,2.3,25
2016,6,29,105,77,2.1,36
2016,6,30,94,75,1.8,55
2016,7,1,95,79,1.8,52
2016,7,2,101,80,1.6,44
2016,7,3,105,82,1.5,31
2016,7,4,107,81,1.8,27
2016,7,5,107,84,1.8,20
2016,7,6,104,81,2.3,21
2016,7,7,103,80,1.9,24
2016,7,8,106,77,1.7,18
2016,7,9,108,79,1.8,16
2016,7,10,109,83,2.5,16
2016,7,11,106,78,2.5,13
2016,7,12,106,74,2.1,13
2016,7,13,106,78,1.6,15
2016,7,14,109,84,2.1,18
2016,7,15,109,80,2.2,18
2016,7,16,106,87,2,20
2016,7,17,102,85,2.1,28
2016,7,18,104,79,1.4,28
2016,7,19,106,86,1.1,34
2016,7,20,105,85,1.8,36
2016,7,21,110,87,1.6,28
2016,7,22,111,90,2.1,25
2016,7,23,110,87,2.9,30
2016,7,24,107,88,2.9,32
2016,7,25,107,86,1.3,31
2016,7,26,109,86,1.5,30
2016,7,27,112,88,2.4,28
2016,7,28,109,89,1.7,31
2016,7,29,110,80,2.6,32
2016,7,30,101,80,2.2,47
2016,7,31,102,82,2.1,48
2016,8,1,98,80,1.5,60
2016,8,2,97,76,0.8,60
2016,8,3,96,79,1.4,64
2016,8,4,99,81,0.9,59
2016,8,5,96,72,1.1,58
2016,8,6,104,79,1.2,43
2016,8,7,106,84,2,36
2016,8,8,107,82,1.8,25
2016,8,9,95,79,1.9,46
2016,8,10,99,79,1.2,62
2016,8,11,97,80,1.3,66
2016,8,12,105,84,1.8,44
2016,8,13,106,80,1.8,36
2016,8,14,103,83,2.4,38
2016,8,15,107,87,1.8,30
2016,8,16,110,86,1.8,30
2016,8,17,106,88,2.7,28
2016,8,18,102,80,2.8,35
2016,8,19,102,77,2.2,35
2016,8,20,98,76,1.8,42
2016,8,21,98,77,1.5,46
2016,8,22,98,77,1.8,46
2016,8,23,92,71,1.5,50
2016,8,24,101,74,1.5,42
2016,8,25,100,77,1.2,38
2016,8,26,95,73,1.2,39
2016,8,27,95,73,1.2,33
2016,8,28,97,74,1.2,29
2016,8,29,104,76,1.7,24
2016,8,30,105,81,1.9,27
2016,8,31,103,83,2.1,35
2016,9,1,101,84,1.7,43
2016,9,2,101,82,1.4,42
2016,9,3,102,81,2.5,27
2016,9,4,98,75,2.5,19
2016,9,5,98,70,2,18
2016,9,6,97,71,1.9,25
2016,9,7,89,76,1.6,58
2016,9,8,94,74,1.9,54
2016,9,9,101,74,1.5,38
2016,9,10,102,76,1.4,28
2016,9,11,102,77,1.7,28
2016,9,12,97,81,2.2,38
2016,9,13,96,78,3.4,44
2016,9,14,95,72,2.2,33
2016,9,15,94,66,1.5,19
2016,9,16,94,64,1.5,15
2016,9,17,97,67,1.5,15
2016,9,18,102,71,1.7,13
2016,9,19,98,71,2.7,26
2016,9,20,86,79,1.7,47
2016,9,21,95,76,2.3,48
2016,9,22,82,72,2.5,68
2016,9,23,85,65,1.9,28
2016,9,24,88,59,1.9,23
2016,9,25,95,69,2.1,23
2016,9,26,90,77,3.3,34
2016,9,27,87,72,2.7,42
2016,9,28,95,74,2.5,44
2016,9,29,92,76,1.3,51
2016,9,30,94,71,1.3,49
2016,10,1,94,72,1.5,40
2016,10,2,81,69,2.1,54
2016,10,3,83,64,2.1,46
2016,10,4,83,58,1.3,26
2016,10,5,86,58,1.7,32
2016,10,6,87,61,1,31
2016,10,7,94,64,2,26
2016,10,8,94,74,2.9,42
2016,10,9,94,73,2.1,41
2016,10,10,93,70,1.6,28
2016,10,11,93,66,1.7,27
2016,10,12,91,64,1.3,26
2016,10,13,90,62,1.2,22
2016,10,14,93,63,1.3,19
2016,10,15,92,63,1.3,19
2016,10,16,89,63,1.4,25
2016,10,17,87,63,1.7,34
2016,10,18,87,62,1.4,40
2016,10,19,91,62,1.7,27
2016,10,20,95,67,3.3,17
2016,10,21,94,74,2.6,25
2016,10,22,95,69,2.1,24
2016,10,23,93,65,1.3,27
2016,10,24,88,69,1.2,32
2016,10,25,88,69,1.3,38
2016,10,26,93,66,1.6,35
2016,10,27,96,72,2.4,27
2016,10,28,90,72,2,27
2016,10,29,92,67,1.3,26
2016,10,30,89,67,2,30
2016,10,31,83,65,1.9,41
2016,11,1,78,60,1.6,33
2016,11,2,82,57,1.3,27
2016,11,3,82,62,3.4,57
2016,11,4,78,58,1.4,66
2016,11,5,79,59,1.2,55
2016,11,6,81,57,1.3,51
2016,11,7,84,59,1.4,45
2016,11,8,88,65,3.4,33
2016,11,9,84,67,2.8,30
2016,11,10,82,,2.6,36
2016,11,11,81,63,2.2,39
2016,11,12,81,61,1.9,36
2016,11,13,82,60,1.6,34
2016,11,14,83,57,1.9,28
2016,11,15,84,55,1.9,26
2016,11,16,77,57,1.6,26
2016,11,17,71,53,2,28
2016,11,18,74,47,2.3,17
2016,11,19,82,57,3.5,22
2016,11,20,75,60,2.3,36
2016,11,21,66,50,2.4,68
2016,11,22,68,46,1,58
2016,11,23,73,49,1.6,44
2016,11,24,77,49,3.3,33
2016,11,25,79,51,3.2,29
2016,11,26,71,59,2.9,45
2016,11,27,61,46,2.4,74
2016,11,28,54,44,1.1,72
2016,11,29,58,40,1.4,49
2016,11,30,60,39,1.5,37
2016,12,1,60,37,1.2,37
2016,12,2,59,44,1.3,40
2016,12,3,70,48,2.5,43
2016,12,4,68,45,1.5,31
2016,12,5,64,41,1.3,33
2016,12,6,62,47,1.6,62
2016,12,7,62,45,1,62
2016,12,8,66,42,1.2,48
2016,12,9,68,45,1.6,52
2016,12,10,69,47,1.4,54
2016,12,11,70,49,1,55
2016,12,12,71,49,1.1,55
2016,12,13,72,52,1.3,59
2016,12,14,74,52,1.3,60
2016,12,15,73,50,1.4,43
2016,12,16,70,56,2.5,71
2016,12,17,64,41,2.5,49
2016,12,18,62,35,2.2,34
2016,12,19,70,43,3.4,37
2016,12,20,71,51,1.9,42
2016,12,21,70,57,1.9,68
2016,12,22,63,54,2.1,93
2016,12,23,59,50,0.8,86
2016,12,24,59,44,3.2,85
2016,12,25,51,39,1.5,72
2016,12,26,61,37,2,53
2016,12,27,72,42,2,49
2016,12,28,64,46,2,50
2016,12,29,76,49,3.6,47
2016,12,30,70,53,2,60
2016,12,31,59,52,1.5,74
2017,1,1,56,49,2.3,86
2017,1,2,55,47,1.4,72
2017,1,3,60,44,1.2,60
2017,1,4,64,44,1.1,48
2017,1,5,64,46,1.9,66
2017,1,6,63,47,1.8,63
2017,1,7,65,44,2.3,43
2017,1,8,72,49,2.1,51
2017,1,9,65,50,1.3,65
2017,1,10,67,49,1.2,62
2017,1,11,62,48,0.9,56
2017,1,12,66,46,1.3,62
2017,1,13,68,53,1.3,57
2017,1,14,71,53,2.4,67
2017,1,15,56,49,1.8,84
2017,1,16,60,47,1,75
2017,1,17,64,44,1.2,63
2017,1,18,63,42,1,59
2017,1,19,53,45,1.2,72
2017,1,20,51,46,2.8,88
2017,1,21,57,43,3.4,77
2017,1,22,58,41,1.8,65
2017,1,23,56,46,2,80
2017,1,24,52,39,1.2,73
2017,1,25,55,35,1.1,54
2017,1,26,57,36,1.6,52
2017,1,27,57,38,3.4,46
2017,1,28,64,32,2.1,49
2017,1,29,72,39,3.1,49
2017,1,30,76,47,2.3,43
2017,1,31,72,44,1.4,44
2017,2,1,72,45,1.3,42
2017,2,2,70,46,1.5,44
2017,2,3,71,46,1.3,49
2017,2,4,72,45,1.4,47
2017,2,5,74,47,1.4,42
2017,2,6,64,54,1.4,60
2017,2,7,69,53,1.3,71
2017,2,8,74,53,1.2,68
2017,2,9,81,54,1.3,56
2017,2,10,80,54,1.4,51
2017,2,11,75,59,1.7,61
2017,2,12,74,59,2,68
2017,2,13,72,56,1.8,59
2017,2,14,73,52,1.3,56
2017,2,15,73,53,2.3,47
2017,2,16,73,48,1.3,42
2017,2,17,72,55,2.3,53
2017,2,18,66,49,3.8,76
2017,2,19,57,48,1.8,88
2017,2,20,67,49,0.9,71
2017,2,21,74,50,1.2,64
2017,2,22,73,53,1.7,60
2017,2,23,62,45,2.4,53
2017,2,24,60,37,1.1,39
2017,2,25,63,37,1.2,37
2017,2,26,66,50,1.3,52
2017,2,27,59,48,1.9,75
2017,2,28,63,48,1.8,79
2017,3,1,69,44,2.4,53
2017,3,2,77,43,3.9,39
2017,3,3,77,51,3.5,43
2017,3,4,77,52,2.2,45
2017,3,5,72,52,2.6,53
2017,3,6,64,45,1.6,52
2017,3,7,74,44,1.6,39
2017,3,8,82,47,1.4,40
2017,3,9,84,49,1.5,40
2017,3,10,87,50,1.6,40
2017,3,11,87,53,1.1,37
2017,3,12,86,56,1.4,39
2017,3,13,89,58,1.8,38
2017,3,14,91,55,1.4,38
2017,3,15,89,57,1.4,37
2017,3,16,91,58,1.4,36
2017,3,17,90,59,1.5,38
2017,3,18,91,59,1.6,35
2017,3,19,93,60,1.2,32
2017,3,20,92,60,1.8,37
2017,3,21,88,60,1.9,41
2017,3,22,79,57,1.9,55
2017,3,23,68,50,2.9,66
2017,3,24,75,45,1.3,41
2017,3,25,80,51,2,41
2017,3,26,79,50,1.4,40
2017,3,27,80,52,2.4,43
2017,3,28,77,50,2.1,44
2017,3,29,84,54,1.8,36
2017,3,30,87,54,3.3,31
2017,3,31,64,51,2.9,43
2017,4,1,71,47,1.3,44
2017,4,2,80,49,2.1,41
2017,4,3,82,52,2.7,39
2017,4,4,78,51,2.1,38
2017,4,5,83,54,2.2,27
2017,4,6,88,55,1.8,28
2017,4,7,87,59,1.6,26
2017,4,8,84,56,2.4,28
2017,4,9,78,49,1.5,33
2017,4,10,82,50,1.4,27
2017,4,11,86,52,1.6,25
2017,4,12,89,56,1.3,22
2017,4,13,90,59,2.1,27
2017,4,14,86,53,1.7,32
2017,4,15,85,54,1.4,26
2017,4,16,88,53,1.5,24
2017,4,17,89,57,1.4,23
2017,4,18,91,59,2,31
2017,4,19,87,64,1.7,30
2017,4,20,90,56,1.8,23
2017,4,21,92,58,2.3,22
2017,4,22,93,61,1.4,21
2017,4,23,96,62,3,21
2017,4,24,88,66,3.3,24
2017,4,25,87,65,3.8,35
2017,4,26,87,60,2.3,24
2017,4,27,87,62,2.4,29
2017,4,28,87,62,3.8,26
2017,4,29,80,56,2.3,23
2017,4,30,84,55,2.2,20
2017,5,1,91,57,1.5,17
2017,5,2,94,61,1.9,19
2017,5,3,98,64,1.6,22
2017,5,4,101,69,1.6,18
2017,5,5,105,73,2.3,17
2017,5,6,96,70,4.3,24
2017,5,7,71,59,3.1,34
2017,5,8,81,57,2.4,30
2017,5,9,72,55,1.5,49
2017,5,10,78,56,1.6,44
2017,5,11,89,59,1.6,37
2017,5,12,95,65,1.8,29
2017,5,13,96,63,2.7,23
2017,5,14,91,66,2.8,24
2017,5,15,84,62,3.6,27
2017,5,16,76,57,2.3,31
2017,5,17,82,54,2.4,34
2017,5,18,85,63,2.5,29
2017,5,19,85,59,2,25
2017,5,20,94,61,2,19
2017,5,21,99,66,2.2,15
2017,5,22,103,70,1.7,15
2017,5,23,103,69,2.2,15
2017,5,24,104,69,2.8,15
2017,5,25,98,75,3.5,17
2017,5,26,92,66,3,24
2017,5,27,94,65,1.8,20
2017,5,28,99,67,1.7,14
2017,5,29,101,67,2.1,12
2017,5,30,100,70,1.9,19
2017,5,31,99,73,2.7,29
2017,6,1,96,72,2,18
2017,6,2,100,69,1.8,19
2017,6,3,105,72,2.5,16
2017,6,4,105,74,2.4,18
2017,6,5,105,73,2.1,15
2017,6,6,104,74,2,17
2017,6,7,104,74,2.1,16
2017,6,8,102,72,2,12
2017,6,9,103,72,2.5,14
2017,6,10,98,74,2.5,18
2017,6,11,98,71,3.4,23
2017,6,12,90,71,2.7,21
2017,6,13,94,62,1.5,8
2017,6,14,100,63,1.7,6
2017,6,15,104,68,1.8,6
2017,6,16,107,70,1.8,7
2017,6,17,108,70,2,9
2017,6,18,111,72,2,11
2017,6,19,116,80,1.9,10
2017,6,20,117,83,2.3,13
2017,6,21,116,85,2.5,13
2017,6,22,111,86,2.8,19
2017,6,23,111,83,2.3,19
2017,6,24,113,80,1.9,16
2017,6,25,113,91,2.8,18
2017,6,26,111,86,2.3,19
2017,6,27,108,80,3,9
2017,6,28,106,75,2.3,17
2017,6,29,105,77,1.7,14
2017,6,30,107,78,1.6,13
2017,7,1,108,74,2.1,11
2017,7,2,106,77,2.2,15
2017,7,3,106,82,2.2,20
2017,7,4,109,78,2.1,20
2017,7,5,111,78,2.4,18
2017,7,6,110,87,1.4,18
2017,7,7,115,87,2.8,18
2017,7,8,110,94,3.3,23
2017,7,9,107,85,3,34
2017,7,10,108,86,2.5,32
2017,7,11,102,84,1.9,41
2017,7,12,107,83,1.7,40
2017,7,13,108,85,2.2,35
2017,7,14,106,85,1.9,36
2017,7,15,107,83,1.6,43
2017,7,16,102,73,1.4,54
2017,7,17,98,76,1.5,72
2017,7,18,101,80,1.3,60
2017,7,19,103,81,1.4,55
2017,7,20,103,83,0.9,49
2017,7,21,103,80,1.6,49
2017,7,22,104,82,1.8,51
2017,7,23,101,80,1.8,51
2017,7,24,89,74,1.2,82
2017,7,25,100,81,1.5,57
2017,7,26,105,80,1.5,41
2017,7,27,108,82,1.7,37
2017,7,28,99,84,2,71
2017,7,29,101,82,1.4,63
2017,7,30,98,81,0.9,64
2017,7,31,106,87,1.1,48
2017,8,1,100,86,2,51
2017,8,2,97,85,2.8,64
2017,8,3,103,73,1.7,61
2017,8,4,102,77,1.2,55
2017,8,5,102,82,1.8,41
2017,8,6,103,81,1.5,34
2017,8,7,104,78,1.3,27
2017,8,8,106,79,1,24
2017,8,9,109,80,1.4,24
2017,8,10,103,83,1.5,39
2017,8,11,106,79,1.8,54
2017,8,12,102,82,1.6,48
2017,8,13,99,74,1.3,54
2017,8,14,101,82,1.8,43
2017,8,15,99,78,2.2,28
2017,8,16,99,72,1.8,29
2017,8,17,101,77,1.2,21
2017,8,18,104,73,1.3,21
2017,8,19,102,75,1.7,26
2017,8,20,99,77,1.6,32
2017,8,21,101,81,1.6,30
2017,8,22,106,80,1.2,30
2017,8,23,104,78,2,34
2017,8,24,101,78,1.7,42
2017,8,25,106,82,1.4,28
2017,8,26,110,82,1.1,25
2017,8,27,107,84,1.9,31
2017,8,28,108,87,1.8,26
2017,8,29,106,87,1.8,27
2017,8,30,106,86,2,26
2017,8,31,106,83,2.7,18
2017,9,1,107,80,1.6,21
2017,9,2,101,82,1.3,39
2017,9,3,101,81,2.3,41
2017,9,4,102,78,2,44
2017,9,5,105,81,1.5,34
2017,9,6,106,83,2.1,24
2017,9,7,102,82,1.6,33
2017,9,8,95,81,1.6,39
2017,9,9,94,79,1.3,56
2017,9,10,103,77,1.5,40
2017,9,11,105,87,2.3,29
2017,9,12,108,83,1.6,26
2017,9,13,105,82,1.8,28
2017,9,14,99,82,3.2,29
2017,9,15,94,74,2.3,32
2017,9,16,93,71,1.5,26
2017,9,17,95,70,1.7,25
2017,9,18,95,68,1.8,20
2017,9,19,96,66,2.4,24
2017,9,20,76,75,2.5,24
2017,9,21,94,70,3,26
2017,9,22,85,71,2.3,31
2017,9,23,82,57,1.9,19
2017,9,24,84,56,1.4,17
2017,9,25,87,57,1.9,15
2017,9,26,87,59,1.4,14
2017,9,27,88,63,1.3,14
2017,9,28,92,66,1.5,21
2017,9,29,95,69,1.8,24
2017,9,30,95,67,2.1,21
2017,10,1,93,67,2.1,21
2017,10,2,88,67,2.3,31
2017,10,3,92,65,2.3,30
2017,10,4,95,68,1.4,23
2017,10,5,95,70,1.6,18
2017,10,6,95,62,1.5,13
2017,10,7,94,61,2.3,11
2017,10,8,91,59,2,13
2017,10,9,88,64,2.1,18
2017,10,10,89,62,3,19
2017,10,11,93,69,3,22
2017,10,12,92,61,1.6,18
2017,10,13,92,63,1.4,20
2017,10,14,92,62,1.3,19
2017,10,15,95,66,2.5,9
2017,10,16,96,69,2.3,18
2017,10,17,95,72,1.7,29
2017,10,18,93,68,1.5,26
2017,10,19,93,71,1.9,24
2017,10,20,85,65,2.8,35
2017,10,21,82,59,1.2,30
2017,10,22,91,58,1.9,13
2017,10,23,95,63,2.3,16
2017,10,24,97,68,3.2,19
2017,10,25,92,72,2.5,18
2017,10,26,90,61,1.9,19
2017,10,27,89,62,2.1,18
2017,10,28,89,61,2.2,15
2017,10,29,89,61,2,18
2017,10,30,83,63,1.4,26
2017,10,31,78,62,1.4,44
2017,11,1,80,60,1.6,41
2017,11,2,78,58,1.3,52
2017,11,3,78,59,1.5,54
2017,11,4,79,65,1.8,45
2017,11,5,76,56,1.5,44
2017,11,6,78,55,1.1,41
2017,11,7,77,61,1.2,43
2017,11,8,81,58,0.9,48
2017,11,9,83,59,1.5,35
2017,11,10,82,56,1.4,33
2017,11,11,83,54,1.1,25
2017,11,12,84,54,1.4,19
2017,11,13,85,61,1.2,19
2017,11,14,83,56,1.3,18
2017,11,15,81,55,1.4,17
2017,11,16,83,56,1.4,16
2017,11,17,74,58,1.6,27
2017,11,18,78,54,2.3,20
2017,11,19,80,52,2.3,15
2017,11,20,76,52,1.5,20
2017,11,21,78,51,1.5,22
2017,11,22,86,57,2.4,24
2017,11,23,85,55,1.9,29
2017,11,24,83,52,1.5,25
2017,11,25,83,54,1.6,26
2017,11,26,87,54,1.5,18
2017,11,27,79,52,2.5,31
2017,11,28,73,46,1.6,35
2017,11,29,75,55,1.8,23
2017,11,30,74,60,1.4,24
2017,12,1,78,57,1.4,34
2017,12,2,80,55,1.3,33
2017,12,3,78,54,1.6,45
2017,12,4,72,47,1.3,34
2017,12,5,69,45,2.4,29
2017,12,6,75,51,3.3,17
2017,12,7,66,44,2.5,14
2017,12,8,63,38,1.2,20
2017,12,9,76,39,2.5,20
2017,12,10,77,52,3.2,14
2017,12,11,77,52,2.3,12
2017,12,12,77,45,3,11
2017,12,13,74,45,1.7,13
2017,12,14,74,41,2.6,21
2017,12,15,70,45,2.1,20
2017,12,16,65,46,2,29
2017,12,17,60,47,1.8,55
2017,12,18,65,44,1.4,52
2017,12,19,63,40,1.2,51
2017,12,20,65,42,1.6,48
2017,12,21,57,42,2.4,46
2017,12,22,56,34,1.3,31
2017,12,23,62,35,1.3,22
2017,12,24,68,38,1.5,19
2017,12,25,66,42,1.4,20
2017,12,26,68,39,1.2,16
2017,12,27,72,42,1.6,23
2017,12,28,74,43,1.6,18
2017,12,29,76,42,1.6,17
2017,12,30,74,42,1.5,17
2017,12,31,69,43,1.3,40
2018,1,1,73,40,1.4,15
2018,1,2,75,46,2.3,17
2018,1,3,75,51,3.1,13
2018,1,4,75,53,1.3,19
2018,1,5,75,48,1.4,24
2018,1,6,72,49,1.2,29
2018,1,7,75,52,1.4,31
2018,1,8,74,55,1.4,26
2018,1,9,76,51,3,49
2018,1,10,59,49,1.8,71
2018,1,11,67,45,1.2,53
2018,1,12,69,46,1.5,39
2018,1,13,78,46,2.4,30
2018,1,14,76,52,2.6,28
2018,1,15,72,47,1.3,32
2018,1,16,72,50,2.7,32
2018,1,17,69,47,2,31
2018,1,18,72,43,1.9,31
2018,1,19,73,46,1.8,29
2018,1,20,59,44,2.8,48
2018,1,21,56,35,1.8,40
2018,1,22,59,36,1.8,29
2018,1,23,72,40,3.2,27
2018,1,24,74,42,3.2,22
2018,1,25,72,46,2.8,23
2018,1,26,66,40,1.2,33
2018,1,27,72,41,2.6,20
2018,1,28,80,44,4,19
2018,1,29,81,54,3.7,21
2018,1,30,79,51,2.1,19
2018,1,31,77,48,1.5,19
2018,2,1,77,47,1.4,18
2018,2,2,77,48,1.3,18
2018,2,3,75,46,1.3,22
2018,2,4,77,50,1.5,23
2018,2,5,77,49,1.3,22
2018,2,6,76,49,2.4,21
2018,2,7,76,48,2.4,18
2018,2,8,82,51,2.1,15
2018,2,9,79,49,1.7,17
2018,2,10,75,53,1.9,21
2018,2,11,73,52,2.6,30
2018,2,12,62,51,2.9,60
2018,2,13,70,54,1.7,57
2018,2,14,60,49,1.4,58
2018,2,15,65,52,1,70
2018,2,16,66,50,1.3,57
2018,2,17,68,46,1.3,55
2018,2,18,69,47,2,49
2018,2,19,63,43,3.9,55
2018,2,20,57,34,1.3,28
2018,2,21,58,35,1.8,27
2018,2,22,58,34,1.6,29
2018,2,23,58,36,2.6,40
2018,2,24,57,37,1.3,35
2018,2,25,62,35,1.1,24
2018,2,26,66,37,1.8,24
2018,2,27,65,40,3,44
2018,2,28,57,42,1.4,48
2018,3,1,67,42,1.6,38
2018,3,2,73,43,1.6,30
2018,3,3,72,44,1.8,31
2018,3,4,64,48,2.4,42
2018,3,5,71,46,2,22
2018,3,6,77,49,2.5,18
2018,3,7,76,50,1.8,19
2018,3,8,78,53,1.4,18
2018,3,9,80,50,1.7,20
2018,3,10,73,60,1.2,44
2018,3,11,73,56,1.2,63
2018,3,12,81,58,1.6,43
2018,3,13,81,58,1.6,36
2018,3,14,83,56,2.8,34
2018,3,15,70,52,2.8,47
2018,3,16,70,49,1.6,39
2018,3,17,68,45,1.9,37
2018,3,18,66,50,2.3,37
2018,3,19,72,48,1.6,20
2018,3,20,77,48,1.8,18
2018,3,21,80,52,1.3,18
2018,3,22,85,62,2.1,22
2018,3,23,82,61,2.3,28
2018,3,24,78,54,2.5,25
2018,3,25,73,48,2.2,26
2018,3,26,71,46,2.1,23
2018,3,27,74,48,1.1,19
2018,3,28,77,47,1.6,17
2018,3,29,84,52,1.9,19
2018,3,30,86,55,1.8,17
2018,3,31,88,58,1.5,15
2018,4,1,88,64,1.7,16
2018,4,2,86,61,2.2,19
2018,4,3,85,55,1.4,23
2018,4,4,87,60,1.5,19
2018,4,5,89,59,1.5,18
2018,4,6,89,63,2.3,18
2018,4,7,91,66,2.4,27
2018,4,8,89,66,2.6,26
2018,4,9,92,61,2,10
2018,4,10,95,65,2.4,10
2018,4,11,93,62,2.1,10
2018,4,12,85,65,4.9,17
2018,4,13,77,56,3.7,9
2018,4,14,81,53,2,10
2018,4,15,87,54,1.7,7
2018,4,16,81,64,2.5,9
2018,4,17,72,56,2.5,20
2018,4,18,79,50,2,10
2018,4,19,79,53,3.8,17
2018,4,20,77,51,2.5,25
2018,4,21,87,57,1.7,18
2018,4,22,92,62,1.7,13
2018,4,23,93,62,1.6,12
2018,4,24,95,63,1.7,13
2018,4,25,96,63,1.5,13
2018,4,26,93,65,1.8,14
2018,4,27,96,70,1.8,14
2018,4,28,95,68,2.6,15
2018,4,29,90,62,3.1,15
2018,4,30,81,63,2.8,27
2018,5,1,73,60,2.9,36
2018,5,2,72,58,2.5,33
2018,5,3,81,53,1.4,24
2018,5,4,93,63,1.6,18
2018,5,5,99,69,2.7,11
2018,5,6,103,77,2.7,11
2018,5,7,99,73,1.8,11
2018,5,8,101,67,1.6,9
2018,5,9,101,68,2,9
2018,5,10,102,68,2.6,11
2018,5,11,98,75,3.9,17
2018,5,12,88,68,3.2,26
2018,5,13,85,62,2.2,24
2018,5,14,90,66,1.9,19
2018,5,15,92,65,1.7,17
2018,5,16,96,66,1.6,11
2018,5,17,94,65,2.8,12
2018,5,18,90,66,1.9,15
2018,5,19,93,63,1.8,15
2018,5,20,94,64,2.3,16
2018,5,21,91,68,2.5,21
2018,5,22,91,65,2.8,23
2018,5,23,92,65,1.9,18
2018,5,24,96,66,1.9,15
2018,5,25,96,65,2.4,15
2018,5,26,90,67,3.3,20
2018,5,27,89,62,1.7,24
2018,5,28,96,66,1.6,17
2018,5,29,100,69,1.6,16
2018,5,30,98,75,2.2,14
2018,5,31,97,67,2.4,18
2018,6,1,97,71,1.5,14
2018,6,2,102,71,1.9,10
2018,6,3,105,70,1.6,7
2018,6,4,106,73,2.2,8
2018,6,5,101,73,1.9,14
2018,6,6,99,72,1.7,12
2018,6,7,101,69,1.8,11
2018,6,8,105,72,1.8,8
2018,6,9,105,73,2.5,9
2018,6,10,102,71,2.6,10
2018,6,11,103,71,1.5,8
2018,6,12,107,73,1.5,7
2018,6,13,107,81,1.7,10
2018,6,14,107,81,2.4,15
2018,6,15,95,82,2.9,29
2018,6,16,83,74,1.4,55
2018,6,17,96,73,3.2,35
2018,6,18,97,66,2,23
2018,6,19,100,69,1.8,18
2018,6,20,107,71,2.2,15
2018,6,21,108,73,2.3,14
2018,6,22,109,74,2.2,12
2018,6,23,106,76,2.7,17
2018,6,24,102,77,1.9,19
2018,6,25,103,75,1.8,14
2018,6,26,107,77,2,9
2018,6,27,108,74,2.1,11
2018,6,28,105,76,2.6,15
2018,6,29,101,79,2.1,19
2018,6,30,100,78,1.7,14
2018,7,1,101,77,1.8,13
2018,7,2,105,73,1.9,11
2018,7,3,107,76,2.6,12
2018,7,4,105,79,1.8,16
2018,7,5,113,81,2.3,19
2018,7,6,110,92,4,23
2018,7,7,111,91,2.1,19
2018,7,8,108,90,2.3,24
2018,7,9,104,71,2.3,51
2018,7,10,94,76,1.6,55
2018,7,11,97,72,1.5,59
2018,7,12,98,75,1.6,60
2018,7,13,103,83,1.4,45
2018,7,14,99,85,1.1,45
2018,7,15,96,84,1.6,49
2018,7,16,102,83,1.9,43
2018,7,17,103,84,1.8,47
2018,7,18,101,82,2.3,45
2018,7,19,104,84,2.5,40
2018,7,20,107,87,2.2,37
2018,7,21,101,78,2,36
2018,7,22,107,80,1.7,27
2018,7,23,113,84,1.9,23
2018,7,24,114,86,2.6,21
2018,7,25,115,87,2.3,20
2018,7,26,110,91,2.4,22
2018,7,27,107,89,2.1,28
2018,7,28,106,82,0.9,34
2018,7,29,103,83,2.4,43
2018,7,30,108,74,2.2,38
2018,7,31,103,79,1.6,41
2018,8,1,108,83,1.3,30
2018,8,2,107,84,2,34
2018,8,3,108,83,1.5,31
2018,8,4,109,85,1.6,24
2018,8,5,110,84,1.7,22
2018,8,6,113,84,2,18
2018,8,7,109,87,2.1,23
2018,8,8,101,76,1.8,42
2018,8,9,99,81,1.7,46
2018,8,10,99,73,1.5,51
2018,8,11,101,73,1.3,46
2018,8,12,100,81,1.5,45
2018,8,13,100,79,2.1,46
2018,8,14,102,81,2,39
2018,8,15,95,81,1.3,52
2018,8,16,99,82,1.6,50
2018,8,17,101,82,1.4,47
2018,8,18,105,83,1.8,40
2018,8,19,106,86,1.8,34
2018,8,20,105,87,2.1,30
2018,8,21,100,81,1.8,43
2018,8,22,100,83,1.6,47
2018,8,23,100,80,0.9,51
2018,8,24,99,77,1.2,51
2018,8,25,98,79,1.2,53
2018,8,26,100,80,1.6,42
2018,8,27,103,81,2,28
2018,8,28,101,75,1.5,24
2018,8,29,102,76,1.1,22
2018,8,30,102,81,1.3,27
2018,8,31,102,79,1.4,31
2018,9,1,101,84,1.8,30
2018,9,2,99,80,1.8,33
2018,9,3,96,76,1.2,34
2018,9,4,97,77,1.1,33
2018,9,5,101,80,1.2,28
2018,9,6,103,78,1.3,27
2018,9,7,103,79,1.7,26
2018,9,8,105,80,1.9,23
2018,9,9,105,80,2,31
2018,9,10,104,81,1.8,27
2018,9,11,104,76,2,21
2018,9,12,103,76,2.2,15
2018,9,13,102,72,1.3,11
2018,9,14,105,77,1.6,15
2018,9,15,107,80,2,17
2018,9,16,102,81,1.4,28
2018,9,17,105,81,1.5,24
2018,9,18,101,79,2.2,25
2018,9,19,89,73,1.6,56
2018,9,20,96,71,1.5,54
2018,9,21,99,77,1.3,32
2018,9,22,100,77,2.4,29
2018,9,23,100,77,2.7,27
2018,9,24,97,80,1.8,33
2018,9,25,97,72,1.5,27
2018,9,26,100,74,1.2,24
2018,9,27,101,74,1.7,18
2018,9,28,101,71,1.4,19
2018,9,29,100,75,1.7,25
2018,9,30,94,73,2.2,41
2018,10,1,77,70,1.7,79
2018,10,2,78,69,2.9,79
2018,10,3,84,72,1.2,72
2018,10,4,85,70,1.6,60
2018,10,5,84,65,1.2,46
2018,10,6,82,65,2.1,47
2018,10,7,73,54,2.1,65
2018,10,8,73,57,1.2,52
2018,10,9,78,58,1.5,44
2018,10,10,80,59,1.6,40
2018,10,11,80,65,2.3,57
2018,10,12,82,67,1.9,61
2018,10,13,74,61,2.1,77
2018,10,14,73,61,1.2,72
2018,10,15,77,58,2.4,50
2018,10,16,65,57,3.1,58
2018,10,17,75,56,3.1,51
2018,10,18,80,57,2,49
2018,10,19,84,57,2.4,47
2018,10,20,89,69,4,46
2018,10,21,87,70,4.5,44
2018,10,22,85,69,2.6,45
2018,10,23,87,64,1.9,58
2018,10,24,82,59,1.4,56
2018,10,25,84,61,1.2,46
2018,10,26,86,60,1.8,40
2018,10,27,87,58,2,36
2018,10,28,87,58,1.6,36
2018,10,29,84,61,1.3,41
2018,10,30,81,63,2.2,46
2018,10,31,77,54,1.9,37
2018,11,1,75,52,1.6,30
2018,11,2,79,51,1.7,39
2018,11,3,78,52,1.2,37
2018,11,4,78,56,1.6,31
2018,11,5,79,54,1.3,33
2018,11,6,79,55,1.4,37
2018,11,7,79,53,1.3,39
2018,11,8,78,56,1.7,41
2018,11,9,77,55,2.8,28
2018,11,10,76,54,2.1,43
2018,11,11,74,48,2.3,33
2018,11,12,66,45,3.3,27
2018,11,13,64,42,1.8,30
2018,11,14,68,42,2,34
2018,11,15,74,45,1.8,33
2018,11,16,74,46,1.6,31
2018,11,17,70,43,1.3,31
2018,11,18,70,46,1.2,34
2018,11,19,73,44,2.3,31
2018,11,20,77,52,2.2,28
2018,11,21,73,48,1.3,39
2018,11,22,65,50,1.3,53
2018,11,23,69,47,1.1,54
2018,11,24,68,46,1.2,46
2018,11,25,71,47,2.1,31
2018,11,26,74,49,2.3,31
2018,11,27,74,48,1.8,32
2018,11,28,,48,1.6,36
2018,11,29,68,47,1.8,51
2018,11,30,60,49,2,73
2018,12,1,62,46,1.3,60
2018,12,2,60,44,1.6,56
2018,12,3,61,41,1.5,40
2018,12,4,65,39,3,34
2018,12,5,70,48,2.5,36
2018,12,6,58,51,1,70
2018,12,7,68,52,1.2,79
2018,12,8,65,46,1.4,61
2018,12,9,69,44,1.9,45
2018,12,10,71,48,2.7,36
2018,12,11,70,50,1.9,35
2018,12,12,65,43,1.7,49
2018,12,13,68,43,1.4,31
2018,12,14,64,36,2.5,33
2018,12,15,66,50,1.7,32
2018,12,16,69,45,1.7,32
2018,12,17,67,45,1.5,43
2018,12,18,67,44,1.5,43
2018,12,19,67,41,1.3,43
2018,12,20,73,43,1.6,37
2018,12,21,66,46,1.4,37
2018,12,22,70,45,1.2,35
2018,12,23,70,44,2,36
2018,12,24,69,45,1.4,38
2018,12,25,61,43,1.6,57
2018,12,26,58,40,1.5,63
2018,12,27,55,40,1.4,47
2018,12,28,52,34,1.3,44
2018,12,29,56,34,1.9,38
2018,12,30,54,31,1.8,36
2018,12,31,47,36,2,49
2019,1,1,50,34,1.5,61
2019,1,2,51,32,1.6,44
2019,1,3,54,30,1.4,44
2019,1,4,64,33,2.1,43
2019,1,5,65,39,1.6,49
2019,1,6,51,45,1.1,84
2019,1,7,62,42,1.4,69
2019,1,8,70,41,2,49
2019,1,9,72,46,2.2,45
2019,1,10,65,47,1.5,58
2019,1,11,63,43,1.2,60
2019,1,12,66,46,2.8,47
2019,1,13,60,48,1.1,69
2019,1,14,67,50,1.6,57
2019,1,15,63,52,1.7,76
2019,1,16,66,50,0.9,74
2019,1,17,67,44,1.4,64
2019,1,18,69,51,1.8,59
2019,1,19,70,43,1.9,37
2019,1,20,70,46,2,32
2019,1,21,65,45,2.9,44
2019,1,22,64,41,2,41
2019,1,23,60,37,1.5,33
2019,1,24,68,35,1.6,35
2019,1,25,68,41,2,35
2019,1,26,73,44,1.9,35
2019,1,27,71,41,1.6,37
2019,1,28,70,41,1.7,39
2019,1,29,70,51,1.9,36
2019,1,30,72,53,1.5,35
2019,1,31,71,48,1.4,38
2019,2,1,71,53,1.2,46
2019,2,2,69,52,1.6,60
2019,2,3,66,55,1.6,78
2019,2,4,61,51,2.1,67
2019,2,5,63,49,2.8,73
2019,2,6,54,38,2.9,56
2019,2,7,55,32,1.4,36
2019,2,8,65,36,2,33
2019,2,9,58,39,2,46
2019,2,10,61,35,1.9,47
2019,2,11,57,38,1.6,47
2019,2,12,68,34,2.1,31
2019,2,13,67,46,2,31
2019,2,14,58,52,2,66
2019,2,15,65,50,1.4,69
2019,2,16,60,43,2.5,57
2019,2,17,57,39,2.3,50
2019,2,18,54,36,1.7,59
2019,2,19,55,33,1.8,48
2019,2,20,54,30,1.4,36
2019,2,21,50,37,3.4,80
2019,2,22,46,35,2.1,79
2019,2,23,54,33,1.7,59
2019,2,24,64,35,2.1,52
2019,2,25,65,38,1.3,49
2019,2,26,70,42,1.4,41
2019,2,27,73,53,1.3,35
2019,2,28,73,47,1.3,39
2019,3,1,74,51,1.4,48
2019,3,2,70,57,2.1,53
2019,3,3,71,52,1.8,67
2019,3,4,72,48,1.2,55
2019,3,5,78,49,1.7,43
2019,3,6,81,56,2.7,41
2019,3,7,72,56,1.7,54
2019,3,8,66,49,3.2,54
2019,3,9,63,42,1.3,45
2019,3,10,68,43,1.8,43
2019,3,11,68,47,1.9,61
2019,3,12,57,49,2.3,78
2019,3,13,65,43,4.4,59
2019,3,14,63,37,1.3,41
2019,3,15,72,45,3.4,42
2019,3,16,77,56,3.4,44
2019,3,17,78,58,2,43
2019,3,18,80,56,1.8,42
2019,3,19,81,57,1.7,40
2019,3,20,81,55,2.1,39
2019,3,21,66,51,2,52
2019,3,22,70,43,1.3,41
2019,3,23,74,47,1.4,37
2019,3,24,77,48,1.2,36
2019,3,25,84,53,1.9,35
2019,3,26,84,54,1.7,34
2019,3,27,80,57,1,31
2019,3,28,82,51,1.7,33
2019,3,29,80,47,1.9,35
2019,3,30,81,51,2.2,31
2019,3,31,79,54,2.1,32
2019,4,1,81,53,2.4,27
2019,4,2,82,54,2.5,31
2019,4,3,75,57,1.9,41
2019,4,4,79,57,1.9,38
2019,4,5,78,52,2.2,42
2019,4,6,78,60,1.4,49
2019,4,7,87,56,1.5,35
2019,4,8,94,60,1.8,29
2019,4,9,93,61,3.2,27
2019,4,10,75,55,4.7,32
2019,4,11,75,50,2.4,31
2019,4,12,73,56,1.3,40
2019,4,13,77,50,1.5,36
2019,4,14,82,52,1.5,28
2019,4,15,84,56,2.1,29
2019,4,16,78,58,3.2,47
2019,4,17,76,52,1.7,53
2019,4,18,90,57,1.8,31
2019,4,19,97,61,2.5,23
2019,4,20,90,68,2.6,27
2019,4,21,85,64,2.5,32
2019,4,22,85,56,1.4,27
2019,4,23,85,60,1.5,34
2019,4,24,91,58,1.9,35
2019,4,25,97,63,1.6,26
2019,4,26,98,66,1.9,23
2019,4,27,94,64,1.9,23
2019,4,28,93,66,2.1,25
2019,4,29,83,59,2.9,35
2019,4,30,80,56,1.9,42
2019,5,1,84,59,1.5,33
2019,5,2,83,57,1.5,26
2019,5,3,90,59,1.5,21
2019,5,4,92,60,1.6,20
2019,5,5,91,61,1.6,21
2019,5,6,83,63,2.2,34
2019,5,7,76,56,1.7,43
2019,5,8,85,60,1.8,45
2019,5,9,85,58,2.5,38
2019,5,10,83,60,2.3,37
2019,5,11,84,62,1.1,43
2019,5,12,82,62,1.1,43
2019,5,13,90,62,1.6,36
2019,5,14,96,65,1.5,27
2019,5,15,96,66,2.1,25
2019,5,16,91,71,4.3,27
2019,5,17,78,57,2.8,30
2019,5,18,83,56,1.2,23
2019,5,19,77,67,2.9,28
2019,5,20,70,56,3.4,37
2019,5,21,79,48,3.7,35
2019,5,22,73,55,2.8,42
2019,5,23,73,50,1.9,42
2019,5,24,84,56,1.7,26
2019,5,25,90,59,1.9,19
2019,5,26,81,56,3.2,26
2019,5,27,77,62,3.2,33
2019,5,28,81,56,1.5,23
2019,5,29,88,60,1.3,24
2019,5,30,93,64,1.4,22
2019,5,31,96,65,2.1,18
2019,6,1,94,65,2.3,19
2019,6,2,92,67,1.8,22
2019,6,3,94,66,1.8,19
2019,6,4,95,71,1.7,17
2019,6,5,100,68,2.2,18
2019,6,6,100,73,2.3,18
2019,6,7,98,71,2.3,23
2019,6,8,,,1.4,19
2019,6,9,,,1.5,13
2019,6,10,,,2.5,17
2019,6,11,,,2.6,22
2019,6,12,,,1.9,12
2019,6,13,104,,1.5,15
2019,6,14,101,76,3,13
2019,6,15,100,72,1.6,12
2019,6,16,,73,2.1,15
2019,6,17,101,78,2.2,16
2019,6,18,100,72,2,15
2019,6,19,100,71,1.8,10
2019,6,20,101,68,2.6,13
2019,6,21,100,76,3.5,19
2019,6,22,96,74,2.8,23
2019,6,23,97,71,1.8,16
2019,6,24,100,67,1.7,11
2019,6,25,100,68,2.1,11
2019,6,26,99,71,2.3,14
2019,6,27,101,70,1.8,10
2019,6,28,108,76,1.9,9
2019,6,29,111,80,2.5,13
2019,6,30,108,79,2.2,18
2019,7,1,107,79,2.3,13
2019,7,2,105,79,2.4,14
2019,7,3,104,78,2.8,15
2019,7,4,102,76,2.2,12
2019,7,5,102,71,1.7,13
2019,7,6,102,77,1.7,13
2019,7,7,104,77,2.5,12
2019,7,8,101,72,2.7,11
2019,7,9,102,69,1.6,12
2019,7,10,109,76,1.9,11
2019,7,11,113,82,2.4,15
2019,7,12,110,88,1.1,17
2019,7,13,109,87,2.1,20
2019,7,14,109,90,2.2,23
2019,7,15,111,85,2,20
2019,7,16,112,84,2.6,14
2019,7,17,103,87,2.4,22
2019,7,18,106,81,2.5,20
2019,7,19,106,83,2.2,16
2019,7,20,,,2.3,13
2019,7,21,,,2.7,24
2019,7,22,103,,2.6,27
2019,7,23,104,,2.5,41
2019,7,24,,,1.7,46
2019,7,25,105,88,2,37
2019,7,26,,,2.3,28
2019,7,27,,,2.4,22
2019,7,28,,,2.1,20
2019,7,29,,,2.4,22
2019,7,30,105,75,2.1,34
2019,7,31,92,75,1.5,63
2019,8,1,102,,1,42
2019,8,2,108,,1.5,32
2019,8,3,,,1.8,29
2019,8,4,,,2,35
2019,8,5,114,,3.6,33
2019,8,6,,,1.7,33
2019,8,7,104,,1.5,33
2019,8,8,105,,1.8,29
2019,8,9,97,,1.7,29
2019,8,10,101,,2.1,29
2019,8,11,,,1.8,41
2019,8,12,,,1.5,18
2019,8,13,107,,1.6,14
2019,8,14,111,,1.8,13
2019,8,15,112,,1.9,11
2019,8,16,,,2.3,21
2019,8,17,,,1.4,23
2019,8,18,,,1.3,18
2019,8,19,106,,1.5,14
2019,8,20,111,,1.7,11
2019,8,21,112,,2.3,10
2019,8,22,107,80,2,18
2019,8,23,101,81,1.7,29
2019,8,24,100,84,2.3,33
2019,8,25,101,81,2.6,36
2019,8,26,105,85,2.3,32
2019,8,27,109,83,2.5,26
2019,8,28,107,74,2,25
2019,8,29,102,77,2,44
2019,8,30,108,83,1.8,28
2019,8,31,105,83,1.8,30
2019,9,1,105,83,1.6,33
2019,9,2,104,81,2.1,43
2019,9,3,107,83,1.7,30
2019,9,4,108,86,1.9,28
2019,9,5,107,86,1.6,26
2019,9,6,105,84,1.8,29
2019,9,7,105,86,2.3,27
2019,9,8,100,83,2.5,30
2019,9,9,95,80,1.5,35
2019,9,10,96,79,2.8,38
2019,9,11,93,75,1.6,36
2019,9,12,102,74,1.4,24
2019,9,13,104,76,1.7,16
2019,9,14,100,78,2.7,32
2019,9,15,95,75,1.4,38
2019,9,16,96,77,1.9,41
2019,9,17,94,73,1.7,46
2019,9,18,99,75,2,27
2019,9,19,97,72,2.6,19
2019,9,20,93,66,2.1,17
2019,9,21,91,66,1.6,18
2019,9,22,95,63,1.4,17
2019,9,23,83,67,1.1,59
2019,9,24,86,66,1.5,62
2019,9,25,89,69,1.5,56
2019,9,26,85,70,1.4,62
2019,9,27,84,66,1.2,59
2019,9,28,89,67,2,48
2019,9,29,86,70,2.3,46
2019,9,30,87,63,1.6,30
2019,10,1,86,59,1.9,28
2019,10,2,89,60,1.4,30
2019,10,3,93,66,1.6,32
2019,10,4,91,68,1.5,35
2019,10,5,92,67,1.5,32
2019,10,6,92,66,1.5,28
2019,10,7,95,67,2.5,25
2019,10,8,93,65,1.7,27
2019,10,9,90,63,2.1,31
2019,10,10,87,66,1.9,30
2019,10,11,86,58,2.6,18
2019,10,12,86,63,2.3,26
2019,10,13,87,58,1.5,26
2019,10,14,86,61,1.4,39
2019,10,15,90,65,1.3,33
2019,10,16,94,65,2.9,22
2019,10,17,92,72,3.3,27
2019,10,18,83,61,1.9,32
2019,10,19,82,58,1.5,22
2019,10,20,84,53,1.8,20
2019,10,21,84,54,2.2,18
2019,10,22,88,60,2.2,20
2019,10,23,87,59,1.8,22
2019,10,24,84,61,3.4,14
2019,10,25,82,60,2.6,15
2019,10,26,81,53,1.5,17
2019,10,27,83,59,3.1,24
2019,10,28,71,50,1.6,25
2019,10,29,70,42,1.9,15
2019,10,30,67,46,3.9,11
2019,10,31,74,44,2.9,10
2019,11,1,77,50,1.8,11
2019,11,2,86,50,3.3,13
2019,11,3,83,58,1.8,19
2019,11,4,83,52,1.5,22
2019,11,5,86,57,1.4,24
2019,11,6,83,61,1.5,30
2019,11,7,84,56,1.6,35
2019,11,8,86,61,2.6,28
2019,11,9,84,58,2.2,28
2019,11,10,84,63,1.3,38
2019,11,11,83,60,1.4,32
2019,11,12,79,59,3,28
2019,11,13,75,51,1.5,30
2019,11,14,78,52,1.3,23
2019,11,15,81,56,2.1,20
2019,11,16,79,57,1.6,22
2019,11,17,84,51,2.2,21
2019,11,18,81,53,1.7,17
2019,11,19,78,55,2.7,46
2019,11,20,64,53,3.8,85
2019,11,21,59,50,1.5,80
2019,11,22,64,49,1.1,68
2019,11,23,72,47,2.5,45
2019,11,24,71,50,2.1,37
2019,11,25,65,45,2.3,43
2019,11,26,59,41,1.4,33
2019,11,27,65,40,2.3,49
2019,11,28,66,55,4.7,62
2019,11,29,60,44,4.3,73
2019,11,30,57,39,1.1,59
2019,12,1,67,40,2.2,46
2019,12,2,67,44,1.6,49
2019,12,3,65,45,1.1,50
2019,12,4,71,55,1.7,70
2019,12,5,67,51,0.9,68
2019,12,6,71,53,1.3,59
2019,12,7,68,49,1.5,59
2019,12,8,59,54,1.2,86
2019,12,9,65,50,1.5,74
2019,12,10,65,44,1.7,50
2019,12,11,66,47,1.3,53
2019,12,12,65,44,1.2,53
2019,12,13,67,45,1.2,50
2019,12,14,67,46,1.4,55
2019,12,15,63,45,2.3,63
2019,12,16,61,39,2.1,42
2019,12,17,62,38,2.8,34
2019,12,18,63,45,4,31
2019,12,19,63,40,1.7,40
2019,12,20,65,37,2.1,38
2019,12,21,70,45,2.4,32
2019,12,22,71,53,2.5,34
2019,12,23,64,52,2.3,50
2019,12,24,57,50,1.6,83
2019,12,25,54,44,1.2,76
2019,12,26,60,44,1.9,70
2019,12,27,48,45,1.9,80
2019,12,28,54,39,2.6,61
2019,12,29,49,31,1.4,48
2019,12,30,56,37,2.3,57
2019,12,31,60,41,2.1,62