,Year,Month,Day,Max Temp (F),Min Temp (F),Average Wind Speed (mph),Relative Humidity (%),Heat Index (F),Users Thermostat (F)
0,2015,1,1,45.0,31.0,1.8,69,44,70
1,2015,1,2,51.0,30.0,2.7,50,50,63
2,2015,1,3,52.0,29.0,2.5,47,50,65
3,2015,1,4,62.0,34.0,3.6,50,61,60
4,2015,1,5,72.0,41.0,4.9,41,72,72
5,2015,1,6,75.0,42.0,5.4,40,74,74
6,2015,1,7,81.0,47.0,8.1,48,81,80
7,2015,1,8,70.0,52.0,7.4,51,70,70
8,2015,1,9,72.0,45.0,6.3,62,72,72
9,2015,1,10,64.0,53.0,5.8,60,64,60
10,2015,1,11,69.0,51.0,3.4,65,69,69
11,2015,1,12,64.0,52.0,2.2,77,64,65
12,2015,1,13,61.0,50.0,2.0,85,61,61
13,2015,1,14,64.0,43.0,2.9,64,64,60
14,2015,1,15,70.0,44.0,5.1,49,70,70
15,2015,1,16,71.0,44.0,4.3,38,70,70
16,2015,1,17,71.0,43.0,3.4,39,70,70
17,2015,1,18,72.0,45.0,3.8,43,72,72
18,2015,1,19,71.0,46.0,3.4,43,70,70
19,2015,1,20,72.0,47.0,3.4,43,72,72
20,2015,1,21,72.0,50.0,3.1,46,72,72
21,2015,1,22,63.0,46.0,5.8,36,62,63
22,2015,1,23,60.0,39.0,4.3,39,59,63
23,2015,1,24,75.0,42.0,6.3,32,74,74
24,2015,1,25,75.0,46.0,6.5,37,74,74
25,2015,1,26,70.0,53.0,5.1,47,70,70
26,2015,1,27,73.0,53.0,2.2,72,73,73
27,2015,1,28,74.0,50.0,2.5,65,74,74
28,2015,1,29,70.0,54.0,3.6,60,70,70
29,2015,1,30,58.0,53.0,7.2,91,58,61
30,2015,1,31,60.0,50.0,2.2,87,60,62
31,2015,2,1,68.0,47.0,2.7,61,68,68
32,2015,2,2,71.0,46.0,3.6,45,70,70
33,2015,2,3,74.0,47.0,3.4,46,74,74
34,2015,2,4,75.0,49.0,2.9,44,74,74
35,2015,2,5,81.0,49.0,3.4,40,81,80
36,2015,2,6,81.0,53.0,4.0,43,81,80
37,2015,2,7,77.0,50.0,2.7,36,76,76
38,2015,2,8,79.0,51.0,3.1,41,79,79
39,2015,2,9,81.0,53.0,3.1,47,81,79
40,2015,2,10,79.0,51.0,3.4,43,79,79
41,2015,2,11,79.0,54.0,6.5,39,78,78
42,2015,2,12,76.0,52.0,4.7,42,76,76
43,2015,2,13,79.0,51.0,4.3,42,79,79
44,2015,2,14,82.0,55.0,3.1,40,81,80
45,2015,2,15,75.0,56.0,3.1,53,75,75
46,2015,2,16,75.0,50.0,4.3,58,75,75
47,2015,2,17,74.0,52.0,4.3,33,74,74
48,2015,2,18,76.0,48.0,3.8,30,76,76
49,2015,2,19,76.0,50.0,2.7,33,76,76
50,2015,2,20,75.0,53.0,2.2,37,74,74
51,2015,2,21,75.0,50.0,3.8,45,74,74
52,2015,2,22,67.0,48.0,5.1,65,66,66
53,2015,2,23,63.0,53.0,5.4,71,62,61
54,2015,2,24,62.0,45.0,3.8,57,62,61
55,2015,2,25,67.0,42.0,4.0,41,66,66
56,2015,2,26,73.0,48.0,4.3,35,72,72
57,2015,2,27,73.0,49.0,5.1,41,72,72
58,2015,2,28,67.0,54.0,5.1,68,67,67
59,2015,3,1,70.0,58.0,5.6,70,70,70
60,2015,3,2,62.0,49.0,5.8,90,62,63
61,2015,3,3,63.0,45.0,2.9,67,62,63
62,2015,3,4,67.0,44.0,3.4,50,66,66
63,2015,3,5,74.0,45.0,4.9,34,74,74
64,2015,3,6,80.0,48.0,7.4,31,80,79
65,2015,3,7,81.0,54.0,4.7,35,80,79
66,2015,3,8,85.0,52.0,3.4,35,84,82
67,2015,3,9,85.0,54.0,3.1,35,84,80
68,2015,3,10,83.0,51.0,4.7,28,81,80
69,2015,3,11,84.0,56.0,4.3,30,82,79
70,2015,3,12,82.0,66.0,4.5,38,81,80
71,2015,3,13,85.0,57.0,4.5,41,85,82
72,2015,3,14,85.0,62.0,4.7,37,84,82
73,2015,3,15,86.0,62.0,4.9,33,84,79
74,2015,3,16,87.0,64.0,5.1,35,86,83
75,2015,3,17,87.0,62.0,4.0,39,86,80
76,2015,3,18,78.0,60.0,4.0,59,78,78
77,2015,3,19,67.0,55.0,2.5,79,67,67
78,2015,3,20,77.0,58.0,2.9,57,77,77
79,2015,3,21,82.0,57.0,3.6,39,81,79
80,2015,3,22,84.0,57.0,3.1,32,82,79
81,2015,3,23,82.0,55.0,4.0,30,80,79
82,2015,3,24,82.0,54.0,2.5,28,80,79
83,2015,3,25,86.0,55.0,3.4,34,84,82
84,2015,3,26,87.0,59.0,4.9,25,84,83
85,2015,3,27,90.0,58.0,4.9,25,87,85
86,2015,3,28,90.0,57.0,3.1,23,87,84
87,2015,3,29,92.0,59.0,3.4,23,89,85
88,2015,3,30,92.0,66.0,3.1,27,90,76
89,2015,3,31,91.0,60.0,4.3,27,88,81
90,2015,4,1,87.0,61.0,4.7,30,85,81
91,2015,4,2,83.0,58.0,5.1,30,81,79
92,2015,4,3,83.0,56.0,4.7,19,81,80
93,2015,4,4,85.0,58.0,4.0,22,82,81
94,2015,4,5,84.0,56.0,5.1,23,81,79
95,2015,4,6,82.0,53.0,4.9,26,80,79
96,2015,4,7,79.0,53.0,5.4,25,78,78
97,2015,4,8,75.0,53.0,5.4,30,74,74
98,2015,4,9,78.0,51.0,4.3,21,77,77
99,2015,4,10,82.0,50.0,2.7,17,80,79
100,2015,4,11,81.0,54.0,2.7,24,79,79
101,2015,4,12,82.0,54.0,5.8,28,80,79
102,2015,4,13,87.0,56.0,3.4,32,85,83
103,2015,4,14,90.0,61.0,5.8,27,87,84
104,2015,4,15,81.0,60.0,6.0,18,79,79
105,2015,4,16,74.0,51.0,5.8,19,73,73
106,2015,4,17,79.0,52.0,4.7,22,78,78
107,2015,4,18,87.0,53.0,4.7,19,84,82
108,2015,4,19,89.0,54.0,3.8,18,85,80
109,2015,4,20,89.0,58.0,3.6,16,85,81
110,2015,4,21,87.0,61.0,4.7,18,84,82
111,2015,4,22,84.0,53.0,4.7,28,82,79
112,2015,4,23,80.0,53.0,5.1,34,80,79
113,2015,4,24,72.0,57.0,4.0,46,72,72
114,2015,4,25,77.0,53.0,6.5,46,77,77
115,2015,4,26,69.0,52.0,5.6,57,68,68
116,2015,4,27,84.0,51.0,3.4,40,83,82
117,2015,4,28,88.0,62.0,4.5,32,86,83
118,2015,4,29,91.0,67.0,4.7,27,88,81
119,2015,4,30,95.0,65.0,3.1,19,91,75
120,2015,5,1,98.0,63.0,3.8,19,95,74
121,2015,5,2,95.0,64.0,3.1,23,92,75
122,2015,5,3,91.0,69.0,4.0,29,89,86
123,2015,5,4,83.0,61.0,3.8,57,85,79
124,2015,5,5,81.0,65.0,2.9,54,82,79
125,2015,5,6,86.0,63.0,5.4,39,85,84
126,2015,5,7,83.0,56.0,6.5,40,82,80
127,2015,5,8,72.0,55.0,7.2,40,72,72
128,2015,5,9,74.0,50.0,2.7,43,74,74
129,2015,5,10,85.0,57.0,3.8,30,83,80
130,2015,5,11,92.0,63.0,5.1,25,89,85
131,2015,5,12,88.0,65.0,6.5,24,85,83
132,2015,5,13,87.0,66.0,4.9,35,86,83
133,2015,5,14,82.0,67.0,8.7,35,81,79
134,2015,5,15,68.0,53.0,6.3,53,68,68
135,2015,5,16,72.0,53.0,2.9,59,72,72
136,2015,5,17,82.0,60.0,2.9,39,81,80
137,2015,5,18,86.0,59.0,5.4,33,84,81
138,2015,5,19,84.0,61.0,3.4,36,83,81
139,2015,5,20,88.0,61.0,3.6,31,86,79
140,2015,5,21,86.0,66.0,6.0,33,84,80
141,2015,5,22,78.0,63.0,6.5,41,78,78
142,2015,5,23,79.0,59.0,3.8,42,79,79
143,2015,5,24,82.0,59.0,3.4,37,81,80
144,2015,5,25,88.0,61.0,3.8,33,86,85
145,2015,5,26,91.0,63.0,2.7,30,89,86
146,2015,5,27,92.0,66.0,2.9,27,90,74
147,2015,5,28,96.0,65.0,3.4,21,93,76
148,2015,5,29,98.0,66.0,3.1,19,95,74
149,2015,5,30,102.0,69.0,3.4,20,100,78
150,2015,5,31,102.0,71.0,4.0,21,101,78
151,2015,6,1,101.0,69.0,4.3,18,98,77
152,2015,6,2,99.0,72.0,4.9,17,95,78
153,2015,6,3,98.0,66.0,4.9,14,93,77
154,2015,6,4,93.0,64.0,7.4,26,91,78
155,2015,6,5,84.0,68.0,6.5,56,86,83
156,2015,6,6,94.0,70.0,6.0,38,96,76
157,2015,6,7,97.0,64.0,3.4,23,95,78
158,2015,6,8,104.0,74.0,3.6,26,107,74
159,2015,6,9,91.0,81.0,3.8,46,95,74
160,2015,6,10,92.0,75.0,4.9,56,102,78
161,2015,6,11,97.0,77.0,4.3,34,99,74
162,2015,6,12,100.0,71.0,3.1,22,98,75
163,2015,6,13,102.0,74.0,3.8,22,101,78
164,2015,6,14,104.0,77.0,3.8,23,105,75
165,2015,6,15,109.0,77.0,4.7,20,110,78
166,2015,6,16,109.0,77.0,4.5,18,109,78
167,2015,6,17,110.0,79.0,4.3,18,110,78
168,2015,6,18,114.0,81.0,5.4,14,112,75
169,2015,6,19,109.0,79.0,5.1,10,101,78
170,2015,6,20,109.0,73.0,4.0,10,101,77
171,2015,6,21,105.0,81.0,4.3,12,99,76
172,2015,6,22,106.0,80.0,4.3,16,103,77
173,2015,6,23,108.0,80.0,4.5,16,106,77
174,2015,6,24,110.0,83.0,4.5,15,108,76
175,2015,6,25,108.0,85.0,4.7,25,113,74
176,2015,6,26,105.0,85.0,3.6,25,108,78
177,2015,6,27,106.0,83.0,4.7,31,115,74
178,2015,6,28,107.0,84.0,4.0,34,120,75
179,2015,6,29,108.0,86.0,4.9,35,123,75
180,2015,6,30,105.0,85.0,6.7,35,116,74
181,2015,7,1,103.0,82.0,6.0,35,112,77
182,2015,7,2,105.0,83.0,6.0,29,111,77
183,2015,7,3,96.0,79.0,4.3,39,100,75
184,2015,7,4,104.0,81.0,5.6,37,116,75
185,2015,7,5,101.0,82.0,5.6,47,118,77
186,2015,7,6,102.0,77.0,4.3,44,118,78
187,2015,7,7,104.0,80.0,4.3,30,110,76
188,2015,7,8,105.0,79.0,6.3,24,107,78
189,2015,7,9,99.0,74.0,7.4,28,100,77
190,2015,7,10,99.0,70.0,7.2,29,100,76
191,2015,7,11,101.0,80.0,4.7,23,100,77
192,2015,7,12,102.0,75.0,2.5,21,101,78
193,2015,7,13,106.0,83.0,4.5,31,115,74
194,2015,7,14,105.0,86.0,4.9,27,109,75
195,2015,7,15,102.0,85.0,5.4,28,105,76
196,2015,7,16,105.0,84.0,4.5,26,108,74
197,2015,7,17,100.0,83.0,4.5,35,106,76
198,2015,7,18,98.0,74.0,3.4,51,114,78
199,2015,7,19,95.0,75.0,3.8,65,118,78
200,2015,7,20,99.0,82.0,4.3,43,109,74
201,2015,7,21,103.0,80.0,3.4,33,110,78
202,2015,7,22,102.0,82.0,4.7,26,103,76
203,2015,7,23,101.0,80.0,5.1,30,104,76
204,2015,7,24,101.0,84.0,3.4,34,107,77
205,2015,7,25,107.0,81.0,4.7,19,107,75
206,2015,7,26,108.0,79.0,4.7,16,106,75
207,2015,7,27,103.0,79.0,4.7,29,107,74
208,2015,7,28,103.0,87.0,4.9,29,107,74
209,2015,7,29,99.0,84.0,2.9,44,110,75
210,2015,7,30,102.0,82.0,3.4,40,114,77
211,2015,7,31,105.0,81.0,4.7,44,126,77
212,2015,8,1,102.0,81.0,3.6,47,121,76
213,2015,8,2,106.0,85.0,4.9,35,119,74
214,2015,8,3,107.0,82.0,4.0,25,111,74
215,2015,8,4,109.0,79.0,4.5,22,112,75
216,2015,8,5,110.0,80.0,5.4,22,114,78
217,2015,8,6,102.0,89.0,4.0,31,107,77
218,2015,8,7,103.0,82.0,5.4,38,114,78
219,2015,8,8,99.0,79.0,4.7,49,115,76
220,2015,8,9,104.0,82.0,3.6,32,111,76
221,2015,8,10,101.0,83.0,3.8,32,105,74
222,2015,8,11,97.0,75.0,3.8,44,106,75
223,2015,8,12,106.0,78.0,3.6,45,130,76
224,2015,8,13,111.0,85.0,3.8,30,125,78
225,2015,8,14,112.0,90.0,3.8,24,120,78
226,2015,8,15,112.0,88.0,4.0,27,123,74
227,2015,8,16,111.0,89.0,5.1,30,125,77
228,2015,8,17,105.0,89.0,5.6,33,114,75
229,2015,8,18,103.0,84.0,5.4,30,108,74
230,2015,8,19,103.0,82.0,4.3,30,108,78
231,2015,8,20,103.0,83.0,4.0,31,108,75
232,2015,8,21,103.0,85.0,4.9,31,108,78
233,2015,8,22,103.0,85.0,4.0,35,112,75
234,2015,8,23,104.0,84.0,4.9,34,113,76
235,2015,8,24,104.0,85.0,4.0,39,118,75
236,2015,8,25,98.0,80.0,2.9,57,119,74
237,2015,8,26,102.0,82.0,2.7,49,123,78
238,2015,8,27,106.0,84.0,2.9,41,125,75
239,2015,8,28,106.0,81.0,3.6,40,124,77
240,2015,8,29,107.0,83.0,3.4,31,117,75
241,2015,8,30,105.0,84.0,4.3,46,129,74
242,2015,8,31,104.0,81.0,3.6,43,122,75
243,2015,9,1,96.0,78.0,2.9,54,111,77
244,2015,9,2,99.0,83.0,2.7,39,106,75
245,2015,9,3,99.0,77.0,5.4,42,109,75
246,2015,9,4,94.0,75.0,4.9,55,106,76
247,2015,9,5,92.0,79.0,4.0,52,100,74
248,2015,9,6,100.0,81.0,3.4,44,113,75
249,2015,9,7,99.0,81.0,2.5,38,106,76
250,2015,9,8,102.0,84.0,5.1,40,114,74
251,2015,9,9,91.0,81.0,2.7,49,96,76
252,2015,9,10,94.0,80.0,3.4,46,100,78
253,2015,9,11,99.0,75.0,3.6,44,110,77
254,2015,9,12,103.0,78.0,2.5,35,112,76
255,2015,9,13,101.0,74.0,3.1,38,110,76
256,2015,9,14,95.0,73.0,4.3,58,111,76
257,2015,9,15,94.0,77.0,4.9,50,103,78
258,2015,9,16,93.0,76.0,4.9,49,100,74
259,2015,9,17,94.0,70.0,3.6,38,96,77
260,2015,9,18,97.0,72.0,2.7,29,97,75
261,2015,9,19,100.0,75.0,4.3,27,101,78
262,2015,9,20,101.0,77.0,4.0,39,111,74
263,2015,9,21,88.0,75.0,4.0,66,98,77
264,2015,9,22,88.0,72.0,2.7,75,103,78
265,2015,9,23,96.0,71.0,2.9,53,110,77
266,2015,9,24,102.0,76.0,3.1,35,110,78
267,2015,9,25,102.0,77.0,6.5,32,107,74
268,2015,9,26,100.0,83.0,6.0,32,104,75
269,2015,9,27,101.0,76.0,2.5,29,103,77
270,2015,9,28,100.0,76.0,2.9,28,101,74
271,2015,9,29,101.0,74.0,2.7,25,101,77
272,2015,9,30,103.0,75.0,3.1,24,104,75
273,2015,10,1,102.0,75.0,5.1,21,101,78
274,2015,10,2,94.0,72.0,4.7,25,91,75
275,2015,10,3,89.0,65.0,3.8,24,86,80
276,2015,10,4,91.0,67.0,7.2,41,93,75
277,2015,10,5,84.0,69.0,6.0,57,87,83
278,2015,10,6,78.0,61.0,2.7,68,78,78
279,2015,10,7,80.0,59.0,2.2,64,82,81
280,2015,10,8,89.0,62.0,4.3,44,91,74
281,2015,10,9,92.0,69.0,5.4,42,95,74
282,2015,10,10,92.0,75.0,4.7,47,97,77
283,2015,10,11,94.0,71.0,3.1,44,99,77
284,2015,10,12,93.0,70.0,2.5,40,95,76
285,2015,10,13,95.0,69.0,2.5,37,97,77
286,2015,10,14,98.0,72.0,3.4,31,99,78
287,2015,10,15,97.0,71.0,3.4,28,97,78
288,2015,10,16,94.0,70.0,6.7,45,100,74
289,2015,10,17,86.0,71.0,8.5,49,88,86
290,2015,10,18,88.0,64.0,6.0,63,97,78
291,2015,10,19,82.0,66.0,2.9,70,86,81
292,2015,10,20,74.0,61.0,3.4,68,74,74
293,2015,10,21,73.0,60.0,1.6,70,73,73
294,2015,10,22,76.0,56.0,2.5,58,76,76
295,2015,10,23,82.0,59.0,2.9,49,83,79
296,2015,10,24,89.0,60.0,5.6,38,89,84
297,2015,10,25,85.0,69.0,5.6,41,85,81
298,2015,10,26,87.0,66.0,3.1,42,87,83
299,2015,10,27,86.0,60.0,3.4,39,85,82
300,2015,10,28,83.0,65.0,2.9,34,82,80
301,2015,10,29,79.0,60.0,4.0,60,79,79
302,2015,10,30,77.0,57.0,3.6,62,77,77
303,2015,10,31,81.0,53.0,3.6,39,81,79
304,2015,11,1,82.0,54.0,3.6,41,82,81
305,2015,11,2,83.0,57.0,4.3,40,82,79
306,2015,11,3,78.0,63.0,5.8,53,78,78
307,2015,11,4,63.0,50.0,4.9,64,62,64
308,2015,11,5,64.0,44.0,2.2,60,64,62
309,2015,11,6,72.0,43.0,4.0,43,72,72
310,2015,11,7,78.0,52.0,5.1,34,78,78
311,2015,11,8,78.0,58.0,5.8,44,78,78
312,2015,11,9,76.0,52.0,3.4,40,76,76
313,2015,11,10,68.0,49.0,6.5,55,68,68
314,2015,11,11,65.0,42.0,2.9,38,64,61
315,2015,11,12,75.0,45.0,5.6,29,74,74
316,2015,11,13,78.0,50.0,5.1,30,78,78
317,2015,11,14,75.0,48.0,4.0,36,74,74
318,2015,11,15,64.0,53.0,4.0,69,64,63
319,2015,11,16,56.0,44.0,6.9,68,55,63
320,2015,11,17,61.0,40.0,2.9,44,60,65
321,2015,11,18,64.0,41.0,2.7,46,63,61
322,2015,11,19,75.0,43.0,4.0,42,74,74
323,2015,11,20,76.0,48.0,3.4,40,76,76
324,2015,11,21,80.0,53.0,6.7,30,80,79
325,2015,11,22,78.0,53.0,5.6,33,78,78
326,2015,11,23,78.0,54.0,3.8,31,78,78
327,2015,11,24,75.0,49.0,3.6,36,74,74
328,2015,11,25,70.0,57.0,4.9,47,70,70
329,2015,11,26,61.0,42.0,2.9,40,60,61
330,2015,11,27,59.0,37.0,3.4,46,58,63
331,2015,11,28,60.0,40.0,2.9,47,59,62
332,2015,11,29,58.0,37.0,3.1,44,57,65
333,2015,11,30,59.0,34.0,2.9,36,58,63
334,2015,12,1,63.0,34.0,3.1,34,62,62
335,2015,12,2,68.0,35.0,4.7,30,67,67
336,2015,12,3,72.0,44.0,4.3,27,71,71
337,2015,12,4,71.0,43.0,4.5,28,70,70
338,2015,12,5,71.0,42.0,3.1,28,70,70
339,2015,12,6,77.0,46.0,5.6,33,76,76
340,2015,12,7,76.0,52.0,3.6,28,76,76
341,2015,12,8,71.0,46.0,3.4,31,70,70
342,2015,12,9,70.0,47.0,4.0,38,69,69
343,2015,12,10,74.0,46.0,3.4,38,74,74
344,2015,12,11,64.0,52.0,4.5,51,63,64
345,2015,12,12,56.0,42.0,3.1,73,56,65
346,2015,12,13,56.0,33.0,3.4,56,55,64
347,2015,12,14,54.0,39.0,4.9,59,53,63
348,2015,12,15,54.0,33.0,2.5,49,52,60
349,2015,12,16,53.0,31.0,2.7,45,52,65
350,2015,12,17,54.0,32.0,2.7,44,52,60
351,2015,12,18,66.0,36.0,4.9,41,65,65
352,2015,12,19,65.0,45.0,4.7,45,64,62
353,2015,12,20,60.0,41.0,3.1,63,60,61
354,2015,12,21,61.0,40.0,2.7,48,60,65
355,2015,12,22,53.0,42.0,2.2,71,52,63
356,2015,12,23,61.0,50.0,3.4,81,61,65
357,2015,12,24,64.0,50.0,3.1,65,64,61
358,2015,12,25,57.0,40.0,4.7,56,56,62
359,2015,12,26,54.0,39.0,8.1,35,52,60
360,2015,12,27,57.0,34.0,3.6,41,56,65
361,2015,12,28,56.0,34.0,3.4,47,55,61
362,2015,12,29,52.0,37.0,2.7,49,50,62
363,2015,12,30,57.0,34.0,2.9,52,56,61
364,2015,12,31,60.0,32.0,3.1,56,59,60
365,2016,1,1,65.0,35.0,6.3,52,64,65
366,2016,1,2,69.0,50.0,6.5,51,68,68
367,2016,1,3,70.0,51.0,7.2,43,70,70
368,2016,1,4,64.0,51.0,8.3,65,64,64
369,2016,1,5,55.0,49.0,4.3,90,54,61
370,2016,1,6,56.0,48.0,5.6,81,56,64
371,2016,1,7,50.0,44.0,4.3,93,50,62
372,2016,1,8,52.0,43.0,3.4,79,52,65
373,2016,1,9,55.0,39.0,2.9,68,54,65
374,2016,1,10,55.0,41.0,2.9,67,54,65
375,2016,1,11,59.0,38.0,4.0,55,58,63
376,2016,1,12,63.0,36.0,6.9,51,62,62
377,2016,1,13,63.0,39.0,4.5,38,62,65
378,2016,1,14,60.0,37.0,2.7,42,59,60
379,2016,1,15,57.0,41.0,4.5,60,56,65
380,2016,1,16,58.0,36.0,3.1,58,57,61
381,2016,1,17,65.0,38.0,2.7,53,64,60
382,2016,1,18,66.0,43.0,3.4,44,65,65
383,2016,1,19,66.0,41.0,3.1,48,66,66
384,2016,1,20,67.0,45.0,3.1,56,66,66
385,2016,1,21,70.0,47.0,4.5,44,70,70
386,2016,1,22,72.0,46.0,5.4,37,72,72
387,2016,1,23,71.0,45.0,3.8,39,70,70
388,2016,1,24,63.0,41.0,3.4,48,62,61
389,2016,1,25,65.0,42.0,3.4,49,64,65
390,2016,1,26,66.0,40.0,5.1,41,65,65
391,2016,1,27,68.0,42.0,4.9,38,67,67
392,2016,1,28,69.0,44.0,3.8,39,68,68
393,2016,1,29,69.0,41.0,2.7,39,68,68
394,2016,1,30,69.0,43.0,4.0,47,68,68
395,2016,1,31,72.0,48.0,8.5,68,72,72
396,2016,2,1,53.0,41.0,9.2,63,52,64
397,2016,2,2,53.0,33.0,4.0,42,52,65
398,2016,2,3,54.0,32.0,2.9,38,52,63
399,2016,2,4,62.0,34.0,4.9,38,61,64
400,2016,2,5,68.0,40.0,6.5,41,67,67
401,2016,2,6,72.0,42.0,6.9,35,72,72
402,2016,2,7,78.0,44.0,7.8,39,78,78
403,2016,2,8,82.0,52.0,8.7,34,81,80
404,2016,2,9,83.0,53.0,6.9,35,82,80
405,2016,2,10,81.0,53.0,5.1,33,80,79
406,2016,2,11,80.0,50.0,4.7,33,80,79
407,2016,2,12,82.0,50.0,4.9,31,81,79
408,2016,2,13,82.0,49.0,3.4,33,81,79
409,2016,2,14,78.0,47.0,4.0,33,78,78
410,2016,2,15,83.0,49.0,4.3,38,82,80
411,2016,2,16,85.0,52.0,4.7,39,84,83
412,2016,2,17,85.0,51.0,4.0,36,84,80
413,2016,2,18,79.0,55.0,4.7,34,78,78
414,2016,2,19,78.0,54.0,2.7,32,78,78
415,2016,2,20,82.0,50.0,2.7,34,81,80
416,2016,2,21,81.0,50.0,3.1,35,80,79
417,2016,2,22,82.0,50.0,5.8,34,81,80
418,2016,2,23,71.0,54.0,5.4,34,70,70
419,2016,2,24,74.0,46.0,5.1,35,74,74
420,2016,2,25,81.0,48.0,4.0,32,80,79
421,2016,2,26,84.0,55.0,4.0,29,82,79
422,2016,2,27,83.0,50.0,3.4,30,81,80
423,2016,2,28,82.0,50.0,2.9,27,80,79
424,2016,3,1,84.0,55.0,2.9,29,82,81
425,2016,3,2,85.0,53.0,3.1,27,83,80
426,2016,3,3,86.0,56.0,3.4,27,83,81
427,2016,3,4,86.0,55.0,2.9,25,83,79
428,2016,3,5,79.0,56.0,2.9,29,78,78
429,2016,3,6,76.0,61.0,5.8,38,76,76
430,2016,3,7,67.0,46.0,4.9,39,66,66
431,2016,3,8,71.0,46.0,3.8,42,70,70
432,2016,3,9,77.0,47.0,3.6,28,76,76
433,2016,3,10,83.0,54.0,4.0,26,81,80
434,2016,3,11,83.0,53.0,5.1,28,81,79
435,2016,3,12,69.0,50.0,5.1,48,68,68
436,2016,3,13,74.0,49.0,2.9,33,74,74
437,2016,3,14,76.0,50.0,3.6,41,76,76
438,2016,3,15,85.0,53.0,3.8,31,83,79
439,2016,3,16,85.0,53.0,4.3,22,82,81
440,2016,3,17,85.0,54.0,4.5,21,82,80
441,2016,3,18,87.0,51.0,3.4,22,84,82
442,2016,3,19,87.0,53.0,2.9,23,84,81
443,2016,3,20,88.0,56.0,3.8,21,85,79
444,2016,3,21,89.0,58.0,4.7,23,86,84
445,2016,3,22,79.0,60.0,7.8,31,78,78
446,2016,3,23,75.0,56.0,5.4,20,74,74
447,2016,3,24,78.0,47.0,4.3,21,77,77
448,2016,3,25,83.0,49.0,4.3,19,81,79
449,2016,3,26,85.0,55.0,4.9,19,82,80
450,2016,3,27,83.0,56.0,5.8,22,81,79
451,2016,3,28,79.0,57.0,8.5,29,78,78
452,2016,3,29,67.0,51.0,7.8,38,66,66
453,2016,3,30,66.0,46.0,3.1,34,65,65
454,2016,3,31,72.0,49.0,3.4,32,71,71
455,2016,4,1,77.0,51.0,2.2,24,76,76
456,2016,4,2,82.0,54.0,4.0,20,80,79
457,2016,4,3,87.0,55.0,2.9,20,84,82
458,2016,4,4,89.0,56.0,3.8,17,85,82
459,2016,4,5,90.0,57.0,3.1,15,86,83
460,2016,4,6,95.0,64.0,5.6,12,89,83
461,2016,4,7,88.0,67.0,6.9,25,85,80
462,2016,4,8,78.0,60.0,5.4,58,78,78
463,2016,4,9,79.0,61.0,4.0,47,79,79
464,2016,4,10,69.0,54.0,4.5,64,69,69
465,2016,4,11,75.0,52.0,2.9,62,75,75
466,2016,4,12,80.0,56.0,3.4,44,80,79
467,2016,4,13,84.0,59.0,2.7,37,83,80
468,2016,4,14,87.0,60.0,4.9,31,85,83
469,2016,4,15,82.0,59.0,9.4,30,80,79
470,2016,4,16,79.0,53.0,5.1,30,78,78
471,2016,4,17,81.0,60.0,4.9,28,80,79
472,2016,4,18,84.0,57.0,5.8,22,81,80
473,2016,4,19,88.0,61.0,4.3,20,85,81
474,2016,4,20,92.0,60.0,3.4,16,88,82
475,2016,4,21,94.0,63.0,3.4,14,90,76
476,2016,4,22,93.0,66.0,4.9,17,89,81
477,2016,4,23,86.0,66.0,6.3,21,83,81
478,2016,4,24,85.0,56.0,4.5,17,82,80
479,2016,4,25,79.0,64.0,9.6,31,78,78
480,2016,4,26,75.0,54.0,4.7,28,74,74
481,2016,4,27,80.0,54.0,4.0,25,80,79
482,2016,4,28,74.0,60.0,7.2,36,74,74
483,2016,4,29,79.0,62.0,5.4,37,78,78
484,2016,4,30,77.0,58.0,5.4,46,77,77
485,2016,5,1,77.0,55.0,2.2,49,77,77
486,2016,5,2,84.0,60.0,4.5,30,82,80
487,2016,5,3,92.0,63.0,4.7,25,89,79
488,2016,5,4,100.0,67.0,7.6,18,97,74
489,2016,5,5,95.0,66.0,8.1,20,91,75
490,2016,5,6,76.0,58.0,7.8,40,76,76
491,2016,5,7,76.0,57.0,3.4,48,76,76
492,2016,5,8,79.0,59.0,3.8,38,78,78
493,2016,5,9,83.0,57.0,3.8,32,81,79
494,2016,5,10,88.0,60.0,3.6,25,85,79
495,2016,5,11,92.0,64.0,2.9,20,88,81
496,2016,5,12,99.0,69.0,4.5,17,95,74
497,2016,5,13,100.0,67.0,4.3,16,96,74
498,2016,5,14,98.0,71.0,5.4,27,98,77
499,2016,5,15,91.0,70.0,6.9,28,89,84
500,2016,5,16,89.0,67.0,4.7,29,87,80
501,2016,5,17,87.0,67.0,4.5,27,84,80
502,2016,5,18,85.0,67.0,3.6,41,85,82
503,2016,5,19,91.0,65.0,4.3,32,90,76
504,2016,5,20,96.0,68.0,8.5,25,94,75
505,2016,5,21,89.0,66.0,7.8,27,86,82
506,2016,5,22,86.0,63.0,5.4,22,83,80
507,2016,5,23,87.0,57.0,4.0,18,84,80
508,2016,5,24,88.0,65.0,5.6,23,85,79
509,2016,5,25,88.0,58.0,6.3,19,84,80
510,2016,5,26,83.0,61.0,4.3,26,81,80
511,2016,5,27,90.0,60.0,3.6,18,86,80
512,2016,5,28,95.0,64.0,3.8,17,91,74
513,2016,5,29,95.0,66.0,5.4,18,91,76
514,2016,5,30,91.0,61.0,3.8,16,87,81
515,2016,5,31,97.0,64.0,4.5,13,92,78
516,2016,6,1,100.0,69.0,5.1,15,96,74
517,2016,6,2,106.0,70.0,4.5,12,100,77
518,2016,6,3,111.0,74.0,4.9,10,103,74
519,2016,6,4,112.0,77.0,5.8,10,107,77
520,2016,6,5,111.0,75.0,4.5,8,99,74
521,2016,6,6,107.0,76.0,5.1,9,97,75
522,2016,6,7,103.0,80.0,3.8,13,99,78
523,2016,6,8,104.0,75.0,4.3,18,102,76
524,2016,6,9,102.0,80.0,5.4,25,103,77
525,2016,6,10,98.0,78.0,4.5,36,102,77
526,2016,6,11,97.0,74.0,5.1,39,102,75
527,2016,6,12,99.0,71.0,5.8,23,97,75
528,2016,6,13,96.0,74.0,4.7,20,93,76
529,2016,6,14,97.0,68.0,4.5,15,93,76
530,2016,6,15,98.0,69.0,6.0,16,94,78
531,2016,6,16,99.0,73.0,4.7,17,95,74
532,2016,6,17,102.0,69.0,3.1,12,96,74
533,2016,6,18,109.0,76.0,4.7,9,99,76
534,2016,6,19,117.0,77.0,5.4,11,113,74
535,2016,6,20,113.0,87.0,7.8,13,110,74
536,2016,6,21,108.0,86.0,4.7,19,108,75
537,2016,6,22,109.0,86.0,4.9,20,110,78
538,2016,6,23,109.0,83.0,4.0,20,110,77
539,2016,6,24,106.0,83.0,4.3,19,105,75
540,2016,6,25,106.0,79.0,3.4,18,105,77
541,2016,6,26,103.0,85.0,3.6,20,101,74
542,2016,6,27,107.0,88.0,4.3,30,116,74
543,2016,6,28,110.0,86.0,5.1,25,117,76
544,2016,6,29,105.0,77.0,4.7,36,117,77
545,2016,6,30,94.0,75.0,4.0,55,106,75
546,2016,7,1,95.0,79.0,4.0,52,107,75
547,2016,7,2,101.0,80.0,3.6,44,115,75
548,2016,7,3,105.0,82.0,3.4,31,112,74
549,2016,7,4,107.0,81.0,4.0,27,113,75
550,2016,7,5,107.0,84.0,4.0,20,107,75
551,2016,7,6,104.0,81.0,5.1,21,103,78
552,2016,7,7,103.0,80.0,4.3,24,104,78
553,2016,7,8,106.0,77.0,3.8,18,105,76
554,2016,7,9,108.0,79.0,4.0,16,106,77
555,2016,7,10,109.0,83.0,5.6,16,107,76
556,2016,7,11,106.0,78.0,5.6,13,102,75
557,2016,7,12,106.0,74.0,4.7,13,102,78
558,2016,7,13,106.0,78.0,3.6,15,103,74
559,2016,7,14,109.0,84.0,4.7,18,109,76
560,2016,7,15,109.0,80.0,4.9,18,109,76
561,2016,7,16,106.0,87.0,4.5,20,106,74
562,2016,7,17,102.0,85.0,4.7,28,105,78
563,2016,7,18,104.0,79.0,3.1,28,108,74
564,2016,7,19,106.0,86.0,2.5,34,118,78
565,2016,7,20,105.0,85.0,4.0,36,117,77
566,2016,7,21,110.0,87.0,3.6,28,120,74
567,2016,7,22,111.0,90.0,4.7,25,119,74
568,2016,7,23,110.0,87.0,6.5,30,122,77
569,2016,7,24,107.0,88.0,6.5,32,118,75
570,2016,7,25,107.0,86.0,2.9,31,117,75
571,2016,7,26,109.0,86.0,3.4,30,120,76
572,2016,7,27,112.0,88.0,5.4,28,124,75
573,2016,7,28,109.0,89.0,3.8,31,121,77
574,2016,7,29,110.0,80.0,5.8,32,125,78
575,2016,7,30,101.0,80.0,4.9,47,118,77
576,2016,7,31,102.0,82.0,4.7,48,122,75
577,2016,8,1,98.0,80.0,3.4,60,123,78
578,2016,8,2,97.0,76.0,1.8,60,119,76
579,2016,8,3,96.0,79.0,3.1,64,120,74
580,2016,8,4,99.0,81.0,2.0,59,125,77
581,2016,8,5,96.0,72.0,2.5,58,114,78
582,2016,8,6,104.0,79.0,2.7,43,122,78
583,2016,8,7,106.0,84.0,4.5,36,120,74
584,2016,8,8,107.0,82.0,4.0,25,111,76
585,2016,8,9,95.0,79.0,4.3,46,103,78
586,2016,8,10,99.0,79.0,2.7,62,128,76
587,2016,8,11,97.0,80.0,2.9,66,126,77
588,2016,8,12,105.0,84.0,4.0,44,126,74
589,2016,8,13,106.0,80.0,4.0,36,120,77
590,2016,8,14,103.0,83.0,5.4,38,114,76
591,2016,8,15,107.0,87.0,4.0,30,116,74
592,2016,8,16,110.0,86.0,4.0,30,122,74
593,2016,8,17,106.0,88.0,6.0,28,112,74
594,2016,8,18,102.0,80.0,6.3,35,110,75
595,2016,8,19,102.0,77.0,4.9,35,110,76
596,2016,8,20,98.0,76.0,4.0,42,106,76
597,2016,8,21,98.0,77.0,3.4,46,109,74
598,2016,8,22,98.0,77.0,4.0,46,109,76
599,2016,8,23,92.0,71.0,3.4,50,99,74
600,2016,8,24,101.0,74.0,3.4,42,113,75
601,2016,8,25,100.0,77.0,2.7,38,108,75
602,2016,8,26,95.0,73.0,2.7,39,98,76
603,2016,8,27,95.0,73.0,2.7,33,96,74
604,2016,8,28,97.0,74.0,2.7,29,97,77
605,2016,8,29,104.0,76.0,3.8,24,105,77
606,2016,8,30,105.0,81.0,4.3,27,109,75
607,2016,8,31,103.0,83.0,4.7,35,112,75
608,2016,9,1,101.0,84.0,3.8,43,114,74
609,2016,9,2,101.0,82.0,3.1,42,113,75
610,2016,9,3,102.0,81.0,5.6,27,104,74
611,2016,9,4,98.0,75.0,5.6,19,95,77
612,2016,9,5,98.0,70.0,4.5,18,94,75
613,2016,9,6,97.0,71.0,4.3,25,95,74
614,2016,9,7,89.0,76.0,3.6,58,96,75
615,2016,9,8,94.0,74.0,4.3,54,106,75
616,2016,9,9,101.0,74.0,3.4,38,110,76
617,2016,9,10,102.0,76.0,3.1,28,105,76
618,2016,9,11,102.0,77.0,3.8,28,105,78
619,2016,9,12,97.0,81.0,4.9,38,102,77
620,2016,9,13,96.0,78.0,7.6,44,103,75
621,2016,9,14,95.0,72.0,4.9,33,96,76
622,2016,9,15,94.0,66.0,3.4,19,90,75
623,2016,9,16,94.0,64.0,3.4,15,90,75
624,2016,9,17,97.0,67.0,3.4,15,93,76
625,2016,9,18,102.0,71.0,3.8,13,97,75
626,2016,9,19,98.0,71.0,6.0,26,97,77
627,2016,9,20,86.0,79.0,3.8,47,87,79
628,2016,9,21,95.0,76.0,5.1,48,104,77
629,2016,9,22,82.0,72.0,5.6,68,86,83
630,2016,9,23,85.0,65.0,4.3,28,83,80
631,2016,9,24,88.0,59.0,4.3,23,85,82
632,2016,9,25,95.0,69.0,4.7,23,92,75
633,2016,9,26,90.0,77.0,7.4,34,89,84
634,2016,9,27,87.0,72.0,6.0,42,87,85
635,2016,9,28,95.0,74.0,5.6,44,101,78
636,2016,9,29,92.0,76.0,2.9,51,99,74
637,2016,9,30,94.0,71.0,2.9,49,102,76
638,2016,10,1,94.0,72.0,3.4,40,97,76
639,2016,10,2,81.0,69.0,4.7,54,82,81
640,2016,10,3,83.0,64.0,4.7,46,83,81
641,2016,10,4,83.0,58.0,2.9,26,81,80
642,2016,10,5,86.0,58.0,3.8,32,84,81
643,2016,10,6,87.0,61.0,2.2,31,85,79
644,2016,10,7,94.0,64.0,4.5,26,92,77
645,2016,10,8,94.0,74.0,6.5,42,98,77
646,2016,10,9,94.0,73.0,4.7,41,98,76
647,2016,10,10,93.0,70.0,3.6,28,91,76
648,2016,10,11,93.0,66.0,3.8,27,91,76
649,2016,10,12,91.0,64.0,2.9,26,88,80
650,2016,10,13,90.0,62.0,2.7,22,87,83
651,2016,10,14,93.0,63.0,2.9,19,89,84
652,2016,10,15,92.0,63.0,2.9,19,88,80
653,2016,10,16,89.0,63.0,3.1,25,86,85
654,2016,10,17,87.0,63.0,3.8,34,85,80
655,2016,10,18,87.0,62.0,3.1,40,87,81
656,2016,10,19,91.0,62.0,3.8,27,88,83
657,2016,10,20,95.0,67.0,7.4,17,91,78
658,2016,10,21,94.0,74.0,5.8,25,91,75
659,2016,10,22,95.0,69.0,4.7,24,92,76
660,2016,10,23,93.0,65.0,2.9,27,91,75
661,2016,10,24,88.0,69.0,2.7,32,86,80
662,2016,10,25,88.0,69.0,2.9,38,87,86
663,2016,10,26,93.0,66.0,3.6,35,93,74
664,2016,10,27,96.0,72.0,5.4,27,95,77
665,2016,10,28,90.0,72.0,4.5,27,87,85
666,2016,10,29,92.0,67.0,2.9,26,89,80
667,2016,10,30,89.0,67.0,4.5,30,87,84
668,2016,10,31,83.0,65.0,4.3,41,82,81
669,2016,11,1,78.0,60.0,3.6,33,78,78
670,2016,11,2,82.0,57.0,2.9,27,80,79
671,2016,11,3,82.0,62.0,7.6,57,84,80
672,2016,11,4,78.0,58.0,3.1,66,78,78
673,2016,11,5,79.0,59.0,2.7,55,79,79
674,2016,11,6,81.0,57.0,2.9,51,82,81
675,2016,11,7,84.0,59.0,3.1,45,84,81
676,2016,11,8,88.0,65.0,7.6,33,86,81
677,2016,11,9,84.0,67.0,6.3,30,82,81
678,2016,11,10,82.0,61.0,5.8,36,81,80
679,2016,11,11,81.0,63.0,4.9,39,81,79
680,2016,11,12,81.0,61.0,4.3,36,80,79
681,2016,11,13,82.0,60.0,3.6,34,81,80
682,2016,11,14,83.0,57.0,4.3,28,81,79
683,2016,11,15,84.0,55.0,4.3,26,82,79
684,2016,11,16,77.0,57.0,3.6,26,76,76
685,2016,11,17,71.0,53.0,4.5,28,70,70
686,2016,11,18,74.0,47.0,5.1,17,73,73
687,2016,11,19,82.0,57.0,7.8,22,80,79
688,2016,11,20,75.0,60.0,5.1,36,74,74
689,2016,11,21,66.0,50.0,5.4,68,66,66
690,2016,11,22,68.0,46.0,2.2,58,68,68
691,2016,11,23,73.0,49.0,3.6,44,72,72
692,2016,11,24,77.0,49.0,7.4,33,76,76
693,2016,11,25,79.0,51.0,7.2,29,78,78
694,2016,11,26,71.0,59.0,6.5,45,70,70
695,2016,11,27,61.0,46.0,5.4,74,60,63
696,2016,11,28,54.0,44.0,2.5,72,53,64
697,2016,11,29,58.0,40.0,3.1,49,57,62
698,2016,11,30,60.0,39.0,3.4,37,58,64
699,2016,12,1,60.0,37.0,2.7,37,58,60
700,2016,12,2,59.0,44.0,2.9,40,58,65
701,2016,12,3,70.0,48.0,5.6,43,70,70
702,2016,12,4,68.0,45.0,3.4,31,67,67
703,2016,12,5,64.0,41.0,2.9,33,63,60
704,2016,12,6,62.0,47.0,3.6,62,62,63
705,2016,12,7,62.0,45.0,2.2,62,62,61
706,2016,12,8,66.0,42.0,2.7,48,66,66
707,2016,12,9,68.0,45.0,3.6,52,68,68
708,2016,12,10,69.0,47.0,3.1,54,68,68
709,2016,12,11,70.0,49.0,2.2,55,70,70
710,2016,12,12,71.0,49.0,2.5,55,70,70
711,2016,12,13,72.0,52.0,2.9,59,72,72
712,2016,12,14,74.0,52.0,2.9,60,74,74
713,2016,12,15,73.0,50.0,3.1,43,72,72
714,2016,12,16,70.0,56.0,5.6,71,70,70
715,2016,12,17,64.0,41.0,5.6,49,63,61
716,2016,12,18,62.0,35.0,4.9,34,60,60
717,2016,12,19,70.0,43.0,7.6,37,69,69
718,2016,12,20,71.0,51.0,4.3,42,70,70
719,2016,12,21,70.0,57.0,4.3,68,70,70
720,2016,12,22,63.0,54.0,4.7,93,63,60
721,2016,12,23,59.0,50.0,1.8,86,59,61
722,2016,12,24,59.0,44.0,7.2,85,59,60
723,2016,12,25,51.0,39.0,3.4,72,50,65
724,2016,12,26,61.0,37.0,4.5,53,60,60
725,2016,12,27,72.0,42.0,4.5,49,72,72
726,2016,12,28,64.0,46.0,4.5,50,63,60
727,2016,12,29,76.0,49.0,8.1,47,76,76
728,2016,12,30,70.0,53.0,4.5,60,70,70
729,2016,12,31,59.0,52.0,3.4,74,58,65
730,2017,1,1,56.0,49.0,5.1,86,56,61
731,2017,1,2,55.0,47.0,3.1,72,54,64
732,2017,1,3,60.0,44.0,2.7,60,60,64
733,2017,1,4,64.0,44.0,2.5,48,63,62
734,2017,1,5,64.0,46.0,4.3,66,64,61
735,2017,1,6,63.0,47.0,4.0,63,62,63
736,2017,1,7,65.0,44.0,5.1,43,64,60
737,2017,1,8,72.0,49.0,4.7,51,72,72
738,2017,1,9,65.0,50.0,2.9,65,64,62
739,2017,1,10,67.0,49.0,2.7,62,66,66
740,2017,1,11,62.0,48.0,2.0,56,62,65
741,2017,1,12,66.0,46.0,2.9,62,66,66
742,2017,1,13,68.0,53.0,2.9,57,68,68
743,2017,1,14,71.0,53.0,5.4,67,71,71
744,2017,1,15,56.0,49.0,4.0,84,56,62
745,2017,1,16,60.0,47.0,2.2,75,60,64
746,2017,1,17,64.0,44.0,2.7,63,64,60
747,2017,1,18,63.0,42.0,2.2,59,62,64
748,2017,1,19,53.0,45.0,2.7,72,52,62
749,2017,1,20,51.0,46.0,6.3,88,50,64
750,2017,1,21,57.0,43.0,7.6,77,56,65
751,2017,1,22,58.0,41.0,4.0,65,58,60
752,2017,1,23,56.0,46.0,4.5,80,56,62
753,2017,1,24,52.0,39.0,2.7,73,51,60
754,2017,1,25,55.0,35.0,2.5,54,54,60
755,2017,1,26,57.0,36.0,3.6,52,56,63
756,2017,1,27,57.0,38.0,7.6,46,56,64
757,2017,1,28,64.0,32.0,4.7,49,63,64
758,2017,1,29,72.0,39.0,6.9,49,72,72
759,2017,1,30,76.0,47.0,5.1,43,76,76
760,2017,1,31,72.0,44.0,3.1,44,72,72
761,2017,2,1,72.0,45.0,2.9,42,72,72
762,2017,2,2,70.0,46.0,3.4,44,70,70
763,2017,2,3,71.0,46.0,2.9,49,70,70
764,2017,2,4,72.0,45.0,3.1,47,72,72
765,2017,2,5,74.0,47.0,3.1,42,74,74
766,2017,2,6,64.0,54.0,3.1,60,64,60
767,2017,2,7,69.0,53.0,2.9,71,69,69
768,2017,2,8,74.0,53.0,2.7,68,74,74
769,2017,2,9,81.0,54.0,2.9,56,83,80
770,2017,2,10,80.0,54.0,3.1,51,81,80
771,2017,2,11,75.0,59.0,3.8,61,75,75
772,2017,2,12,74.0,59.0,4.5,68,74,74
773,2017,2,13,72.0,56.0,4.0,59,72,72
774,2017,2,14,73.0,52.0,2.9,56,73,73
775,2017,2,15,73.0,53.0,5.1,47,72,72
776,2017,2,16,73.0,48.0,2.9,42,72,72
777,2017,2,17,72.0,55.0,5.1,53,72,72
778,2017,2,18,66.0,49.0,8.5,76,66,66
779,2017,2,19,57.0,48.0,4.0,88,57,64
780,2017,2,20,67.0,49.0,2.0,71,67,67
781,2017,2,21,74.0,50.0,2.7,64,74,74
782,2017,2,22,73.0,53.0,3.8,60,73,73
783,2017,2,23,62.0,45.0,5.4,53,61,60
784,2017,2,24,60.0,37.0,2.5,39,59,63
785,2017,2,25,63.0,37.0,2.7,37,62,61
786,2017,2,26,66.0,50.0,2.9,52,66,66
787,2017,2,27,59.0,48.0,4.3,75,58,63
788,2017,2,28,63.0,48.0,4.0,79,63,65
789,2017,3,1,69.0,44.0,5.4,53,68,68
790,2017,3,2,77.0,43.0,8.7,39,76,76
791,2017,3,3,77.0,51.0,7.8,43,76,76
792,2017,3,4,77.0,52.0,4.9,45,77,77
793,2017,3,5,72.0,52.0,5.8,53,72,72
794,2017,3,6,64.0,45.0,3.6,52,64,65
795,2017,3,7,74.0,44.0,3.6,39,74,74
796,2017,3,8,82.0,47.0,3.1,40,81,79
797,2017,3,9,84.0,49.0,3.4,40,83,82
798,2017,3,10,87.0,50.0,3.6,40,87,85
799,2017,3,11,87.0,53.0,2.5,37,86,81
800,2017,3,12,86.0,56.0,3.1,39,85,80
801,2017,3,13,89.0,58.0,4.0,38,89,88
802,2017,3,14,91.0,55.0,3.1,38,91,76
803,2017,3,15,89.0,57.0,3.1,37,88,86
804,2017,3,16,91.0,58.0,3.1,36,91,76
805,2017,3,17,90.0,59.0,3.4,38,90,74
806,2017,3,18,91.0,59.0,3.6,35,90,74
807,2017,3,19,93.0,60.0,2.7,32,92,74
808,2017,3,20,92.0,60.0,4.0,37,93,76
809,2017,3,21,88.0,60.0,4.3,41,88,83
810,2017,3,22,79.0,57.0,4.3,55,79,79
811,2017,3,23,68.0,50.0,6.5,66,68,68
812,2017,3,24,75.0,45.0,2.9,41,74,74
813,2017,3,25,80.0,51.0,4.5,41,80,79
814,2017,3,26,79.0,50.0,3.1,40,78,78
815,2017,3,27,80.0,52.0,5.4,43,80,79
816,2017,3,28,77.0,50.0,4.7,44,76,76
817,2017,3,29,84.0,54.0,4.0,36,83,79
818,2017,3,30,87.0,54.0,7.4,31,85,84
819,2017,3,31,64.0,51.0,6.5,43,63,61
820,2017,4,1,71.0,47.0,2.9,44,70,70
821,2017,4,2,80.0,49.0,4.7,41,80,79
822,2017,4,3,82.0,52.0,6.0,39,81,80
823,2017,4,4,78.0,51.0,4.7,38,78,78
824,2017,4,5,83.0,54.0,4.9,27,81,80
825,2017,4,6,88.0,55.0,4.0,28,85,81
826,2017,4,7,87.0,59.0,3.6,26,84,80
827,2017,4,8,84.0,56.0,5.4,28,82,81
828,2017,4,9,78.0,49.0,3.4,33,78,78
829,2017,4,10,82.0,50.0,3.1,27,80,79
830,2017,4,11,86.0,52.0,3.6,25,83,80
831,2017,4,12,89.0,56.0,2.9,22,86,80
832,2017,4,13,90.0,59.0,4.7,27,87,79
833,2017,4,14,86.0,53.0,3.8,32,84,80
834,2017,4,15,85.0,54.0,3.1,26,82,81
835,2017,4,16,88.0,53.0,3.4,24,85,83
836,2017,4,17,89.0,57.0,3.1,23,86,80
837,2017,4,18,91.0,59.0,4.5,31,89,81
838,2017,4,19,87.0,64.0,3.8,30,85,81
839,2017,4,20,90.0,56.0,4.0,23,87,82
840,2017,4,21,92.0,58.0,5.1,22,89,82
841,2017,4,22,93.0,61.0,3.1,21,89,88
842,2017,4,23,96.0,62.0,6.7,21,93,74
843,2017,4,24,88.0,66.0,7.4,24,85,83
844,2017,4,25,87.0,65.0,8.5,35,86,85
845,2017,4,26,87.0,60.0,5.1,24,84,80
846,2017,4,27,87.0,62.0,5.4,29,85,80
847,2017,4,28,87.0,62.0,8.5,26,84,83
848,2017,4,29,80.0,56.0,5.1,23,80,79
849,2017,4,30,84.0,55.0,4.9,20,81,79
850,2017,5,1,91.0,57.0,3.4,17,87,80
851,2017,5,2,94.0,61.0,4.3,19,90,77
852,2017,5,3,98.0,64.0,3.6,22,96,74
853,2017,5,4,101.0,69.0,3.6,18,98,78
854,2017,5,5,105.0,73.0,5.1,17,103,76
855,2017,5,6,96.0,70.0,9.6,24,94,74
856,2017,5,7,71.0,59.0,6.9,34,70,70
857,2017,5,8,81.0,57.0,5.4,30,80,79
858,2017,5,9,72.0,55.0,3.4,49,72,72
859,2017,5,10,78.0,56.0,3.6,44,78,78
860,2017,5,11,89.0,59.0,3.6,37,88,82
861,2017,5,12,95.0,65.0,4.0,29,94,75
862,2017,5,13,96.0,63.0,6.0,23,93,75
863,2017,5,14,91.0,66.0,6.3,24,88,79
864,2017,5,15,84.0,62.0,8.1,27,82,80
865,2017,5,16,76.0,57.0,5.1,31,76,76
866,2017,5,17,82.0,54.0,5.4,34,81,80
867,2017,5,18,85.0,63.0,5.6,29,83,82
868,2017,5,19,85.0,59.0,4.5,25,82,80
869,2017,5,20,94.0,61.0,4.5,19,90,74
870,2017,5,21,99.0,66.0,4.9,15,95,75
871,2017,5,22,103.0,70.0,3.8,15,99,78
872,2017,5,23,103.0,69.0,4.9,15,99,75
873,2017,5,24,104.0,69.0,6.3,15,100,75
874,2017,5,25,98.0,75.0,7.8,17,94,77
875,2017,5,26,92.0,66.0,6.7,24,89,83
876,2017,5,27,94.0,65.0,4.0,20,90,76
877,2017,5,28,99.0,67.0,3.8,14,95,77
878,2017,5,29,101.0,67.0,4.7,12,95,74
879,2017,5,30,100.0,70.0,4.3,19,97,75
880,2017,5,31,99.0,73.0,6.0,29,100,74
881,2017,6,1,96.0,72.0,4.5,18,92,76
882,2017,6,2,100.0,69.0,4.0,19,97,78
883,2017,6,3,105.0,72.0,5.6,16,102,75
884,2017,6,4,105.0,74.0,5.4,18,103,74
885,2017,6,5,105.0,73.0,4.7,15,102,77
886,2017,6,6,104.0,74.0,4.5,17,101,75
887,2017,6,7,104.0,74.0,4.7,16,101,77
888,2017,6,8,102.0,72.0,4.5,12,96,78
889,2017,6,9,103.0,72.0,5.6,14,99,76
890,2017,6,10,98.0,74.0,5.6,18,94,75
891,2017,6,11,98.0,71.0,7.6,23,96,77
892,2017,6,12,90.0,71.0,6.0,21,86,83
893,2017,6,13,94.0,62.0,3.4,8,84,82
894,2017,6,14,100.0,63.0,3.8,6,87,79
895,2017,6,15,104.0,68.0,4.0,6,90,75
896,2017,6,16,107.0,70.0,4.0,7,94,76
897,2017,6,17,108.0,70.0,4.5,9,98,78
898,2017,6,18,111.0,72.0,4.5,11,104,77
899,2017,6,19,116.0,80.0,4.3,10,111,77
900,2017,6,20,117.0,83.0,5.1,13,115,76
901,2017,6,21,116.0,85.0,5.6,13,114,78
902,2017,6,22,111.0,86.0,6.3,19,113,74
903,2017,6,23,111.0,83.0,5.1,19,113,78
904,2017,6,24,113.0,80.0,4.3,16,113,74
905,2017,6,25,113.0,91.0,6.3,18,115,75
906,2017,6,26,111.0,86.0,5.1,19,113,77
907,2017,6,27,108.0,80.0,6.7,9,98,75
908,2017,6,28,106.0,75.0,5.1,17,104,78
909,2017,6,29,105.0,77.0,3.8,14,101,78
910,2017,6,30,107.0,78.0,3.6,13,103,76
911,2017,7,1,108.0,74.0,4.7,11,101,78
912,2017,7,2,106.0,77.0,4.9,15,103,75
913,2017,7,3,106.0,82.0,4.9,20,106,75
914,2017,7,4,109.0,78.0,4.7,20,110,74
915,2017,7,5,111.0,78.0,5.4,18,112,75
916,2017,7,6,110.0,87.0,3.1,18,110,75
917,2017,7,7,115.0,87.0,6.3,18,118,75
918,2017,7,8,110.0,94.0,7.4,23,115,75
919,2017,7,9,107.0,85.0,6.7,34,120,75
920,2017,7,10,108.0,86.0,5.6,32,120,74
921,2017,7,11,102.0,84.0,4.3,41,115,74
922,2017,7,12,107.0,83.0,3.8,40,127,76
923,2017,7,13,108.0,85.0,4.9,35,123,78
924,2017,7,14,106.0,85.0,4.3,36,120,78
925,2017,7,15,107.0,83.0,3.6,43,131,76
926,2017,7,16,102.0,73.0,3.1,54,129,77
927,2017,7,17,98.0,76.0,3.4,72,137,74
928,2017,7,18,101.0,80.0,2.9,60,133,75
929,2017,7,19,103.0,81.0,3.1,55,134,76
930,2017,7,20,103.0,83.0,2.0,49,126,75
931,2017,7,21,103.0,80.0,3.6,49,126,77
932,2017,7,22,104.0,82.0,4.0,51,132,75
933,2017,7,23,101.0,80.0,4.0,51,122,77
934,2017,7,24,89.0,74.0,2.7,82,111,78
935,2017,7,25,100.0,81.0,3.4,57,126,75
936,2017,7,26,105.0,80.0,3.4,41,123,74
937,2017,7,27,108.0,82.0,3.8,37,126,74
938,2017,7,28,99.0,84.0,4.5,71,140,75
939,2017,7,29,101.0,82.0,3.1,63,137,77
940,2017,7,30,98.0,81.0,2.0,64,127,75
941,2017,7,31,106.0,87.0,2.5,48,134,77
942,2017,8,1,100.0,86.0,4.5,51,119,75
943,2017,8,2,97.0,85.0,6.3,64,123,77
944,2017,8,3,103.0,73.0,3.8,61,142,78
945,2017,8,4,102.0,77.0,2.7,55,130,77
946,2017,8,5,102.0,82.0,4.0,41,115,74
947,2017,8,6,103.0,81.0,3.4,34,111,75
948,2017,8,7,104.0,78.0,2.9,27,107,75
949,2017,8,8,106.0,79.0,2.2,24,109,76
950,2017,8,9,109.0,80.0,3.1,24,114,76
951,2017,8,10,103.0,83.0,3.4,39,115,74
952,2017,8,11,106.0,79.0,4.0,54,143,78
953,2017,8,12,102.0,82.0,3.6,48,122,75
954,2017,8,13,99.0,74.0,2.9,54,119,74
955,2017,8,14,101.0,82.0,4.0,43,114,77
956,2017,8,15,99.0,78.0,4.9,28,100,77
957,2017,8,16,99.0,72.0,4.0,29,100,77
958,2017,8,17,101.0,77.0,2.7,21,99,75
959,2017,8,18,104.0,73.0,2.9,21,103,77
960,2017,8,19,102.0,75.0,3.8,26,103,75
961,2017,8,20,99.0,77.0,3.6,32,102,75
962,2017,8,21,101.0,81.0,3.6,30,104,77
963,2017,8,22,106.0,80.0,2.7,30,114,77
964,2017,8,23,104.0,78.0,4.5,34,113,75
965,2017,8,24,101.0,78.0,3.8,42,113,78
966,2017,8,25,106.0,82.0,3.1,28,112,78
967,2017,8,26,110.0,82.0,2.5,25,117,74
968,2017,8,27,107.0,84.0,4.3,31,117,77
969,2017,8,28,108.0,87.0,4.0,26,114,74
970,2017,8,29,106.0,87.0,4.0,27,111,75
971,2017,8,30,106.0,86.0,4.5,26,110,78
972,2017,8,31,106.0,83.0,6.0,18,105,77
973,2017,9,1,107.0,80.0,3.6,21,108,75
974,2017,9,2,101.0,82.0,2.9,39,111,76
975,2017,9,3,101.0,81.0,5.1,41,112,74
976,2017,9,4,102.0,78.0,4.5,44,118,76
977,2017,9,5,105.0,81.0,3.4,34,115,75
978,2017,9,6,106.0,83.0,4.7,24,109,74
979,2017,9,7,102.0,82.0,3.6,33,108,74
980,2017,9,8,95.0,81.0,3.6,39,98,76
981,2017,9,9,94.0,79.0,2.9,56,107,78
982,2017,9,10,103.0,77.0,3.4,40,116,75
983,2017,9,11,105.0,87.0,5.1,29,111,77
984,2017,9,12,108.0,83.0,3.6,26,114,78
985,2017,9,13,105.0,82.0,4.0,28,110,78
986,2017,9,14,99.0,82.0,7.2,29,100,74
987,2017,9,15,94.0,74.0,5.1,32,94,74
988,2017,9,16,93.0,71.0,3.4,26,91,75
989,2017,9,17,95.0,70.0,3.8,25,93,77
990,2017,9,18,95.0,68.0,4.0,20,91,77
991,2017,9,19,96.0,66.0,5.4,24,94,74
992,2017,9,20,76.0,75.0,5.6,24,75,75
993,2017,9,21,94.0,70.0,6.7,26,92,74
994,2017,9,22,85.0,71.0,5.1,31,83,80
995,2017,9,23,82.0,57.0,4.3,19,80,79
996,2017,9,24,84.0,56.0,3.1,17,81,79
997,2017,9,25,87.0,57.0,4.3,15,83,79
998,2017,9,26,87.0,59.0,3.1,14,83,82
999,2017,9,27,88.0,63.0,2.9,14,84,83
1000,2017,9,28,92.0,66.0,3.4,21,88,84
1001,2017,9,29,95.0,69.0,4.0,24,92,75
1002,2017,9,30,95.0,67.0,4.7,21,92,74
1003,2017,10,1,93.0,67.0,4.7,21,89,79
1004,2017,10,2,88.0,67.0,5.1,31,86,80
1005,2017,10,3,92.0,65.0,5.1,30,90,74
1006,2017,10,4,95.0,68.0,3.1,23,92,78
1007,2017,10,5,95.0,70.0,3.6,18,91,78
1008,2017,10,6,95.0,62.0,3.4,13,90,77
1009,2017,10,7,94.0,61.0,5.1,11,87,85
1010,2017,10,8,91.0,59.0,4.5,13,87,86
1011,2017,10,9,88.0,64.0,4.7,18,84,81
1012,2017,10,10,89.0,62.0,6.7,19,85,83
1013,2017,10,11,93.0,69.0,6.7,22,90,78
1014,2017,10,12,92.0,61.0,3.6,18,88,86
1015,2017,10,13,92.0,63.0,3.1,20,88,86
1016,2017,10,14,92.0,62.0,2.9,19,88,82
1017,2017,10,15,95.0,66.0,5.6,9,86,79
1018,2017,10,16,96.0,69.0,5.1,18,92,75
1019,2017,10,17,95.0,72.0,3.8,29,94,77
1020,2017,10,18,93.0,68.0,3.4,26,91,77
1021,2017,10,19,93.0,71.0,4.3,24,90,76
1022,2017,10,20,85.0,65.0,6.3,35,84,79
1023,2017,10,21,82.0,59.0,2.7,30,80,79
1024,2017,10,22,91.0,58.0,4.3,13,87,83
1025,2017,10,23,95.0,63.0,5.1,16,91,74
1026,2017,10,24,97.0,68.0,7.2,19,94,78
1027,2017,10,25,92.0,72.0,5.6,18,88,86
1028,2017,10,26,90.0,61.0,4.3,19,86,80
1029,2017,10,27,89.0,62.0,4.7,18,85,80
1030,2017,10,28,89.0,61.0,4.9,15,85,81
1031,2017,10,29,89.0,61.0,4.5,18,85,79
1032,2017,10,30,83.0,63.0,3.1,26,81,80
1033,2017,10,31,78.0,62.0,3.1,44,78,78
1034,2017,11,1,80.0,60.0,3.6,41,80,79
1035,2017,11,2,78.0,58.0,2.9,52,78,78
1036,2017,11,3,78.0,59.0,3.4,54,78,78
1037,2017,11,4,79.0,65.0,4.0,45,79,79
1038,2017,11,5,76.0,56.0,3.4,44,76,76
1039,2017,11,6,78.0,55.0,2.5,41,78,78
1040,2017,11,7,77.0,61.0,2.7,43,76,76
1041,2017,11,8,81.0,58.0,2.0,48,81,80
1042,2017,11,9,83.0,59.0,3.4,35,82,81
1043,2017,11,10,82.0,56.0,3.1,33,81,80
1044,2017,11,11,83.0,54.0,2.5,25,81,80
1045,2017,11,12,84.0,54.0,3.1,19,81,80
1046,2017,11,13,85.0,61.0,2.7,19,82,80
1047,2017,11,14,83.0,56.0,2.9,18,80,79
1048,2017,11,15,81.0,55.0,3.1,17,79,79
1049,2017,11,16,83.0,56.0,3.1,16,80,79
1050,2017,11,17,74.0,58.0,3.6,27,73,73
1051,2017,11,18,78.0,54.0,5.1,20,77,77
1052,2017,11,19,80.0,52.0,5.1,15,79,79
1053,2017,11,20,76.0,52.0,3.4,20,75,75
1054,2017,11,21,78.0,51.0,3.4,22,78,78
1055,2017,11,22,86.0,57.0,5.4,24,83,82
1056,2017,11,23,85.0,55.0,4.3,29,83,79
1057,2017,11,24,83.0,52.0,3.4,25,81,79
1058,2017,11,25,83.0,54.0,3.6,26,81,80
1059,2017,11,26,87.0,54.0,3.4,18,84,82
1060,2017,11,27,79.0,52.0,5.6,31,78,78
1061,2017,11,28,73.0,46.0,3.6,35,72,72
1062,2017,11,29,75.0,55.0,4.0,23,74,74
1063,2017,11,30,74.0,60.0,3.1,24,73,73
1064,2017,12,1,78.0,57.0,3.1,34,78,78
1065,2017,12,2,80.0,55.0,2.9,33,80,79
1066,2017,12,3,78.0,54.0,3.6,45,78,78
1067,2017,12,4,72.0,47.0,2.9,34,71,71
1068,2017,12,5,69.0,45.0,5.4,29,68,68
1069,2017,12,6,75.0,51.0,7.4,17,74,74
1070,2017,12,7,66.0,44.0,5.6,14,64,65
1071,2017,12,8,63.0,38.0,2.7,20,62,60
1072,2017,12,9,76.0,39.0,5.6,20,75,75
1073,2017,12,10,77.0,52.0,7.2,14,76,76
1074,2017,12,11,77.0,52.0,5.1,12,76,76
1075,2017,12,12,77.0,45.0,6.7,11,76,76
1076,2017,12,13,74.0,45.0,3.8,13,73,73
1077,2017,12,14,74.0,41.0,5.8,21,73,73
1078,2017,12,15,70.0,45.0,4.7,20,69,69
1079,2017,12,16,65.0,46.0,4.5,29,64,65
1080,2017,12,17,60.0,47.0,4.0,55,59,60
1081,2017,12,18,65.0,44.0,3.1,52,64,60
1082,2017,12,19,63.0,40.0,2.7,51,62,62
1083,2017,12,20,65.0,42.0,3.6,48,64,60
1084,2017,12,21,57.0,42.0,5.4,46,56,65
1085,2017,12,22,56.0,34.0,2.9,31,54,60
1086,2017,12,23,62.0,35.0,2.9,22,60,60
1087,2017,12,24,68.0,38.0,3.4,19,66,66
1088,2017,12,25,66.0,42.0,3.1,20,64,64
1089,2017,12,26,68.0,39.0,2.7,16,66,66
1090,2017,12,27,72.0,42.0,3.6,23,71,71
1091,2017,12,28,74.0,43.0,3.6,18,73,73
1092,2017,12,29,76.0,42.0,3.6,17,75,75
1093,2017,12,30,74.0,42.0,3.4,17,73,73
1094,2017,12,31,69.0,43.0,2.9,40,68,68
1095,2018,1,1,73.0,40.0,3.1,15,72,72
1096,2018,1,2,75.0,46.0,5.1,17,74,74
1097,2018,1,3,75.0,51.0,6.9,13,74,74
1098,2018,1,4,75.0,53.0,2.9,19,74,74
1099,2018,1,5,75.0,48.0,3.1,24,74,74
1100,2018,1,6,72.0,49.0,2.7,29,71,71
1101,2018,1,7,75.0,52.0,3.1,31,74,74
1102,2018,1,8,74.0,55.0,3.1,26,73,73
1103,2018,1,9,76.0,51.0,6.7,49,76,76
1104,2018,1,10,59.0,49.0,4.0,71,58,65
1105,2018,1,11,67.0,45.0,2.7,53,66,66
1106,2018,1,12,69.0,46.0,3.4,39,68,68
1107,2018,1,13,78.0,46.0,5.4,30,78,78
1108,2018,1,14,76.0,52.0,5.8,28,76,76
1109,2018,1,15,72.0,47.0,2.9,32,71,71
1110,2018,1,16,72.0,50.0,6.0,32,71,71
1111,2018,1,17,69.0,47.0,4.5,31,68,68
1112,2018,1,18,72.0,43.0,4.3,31,71,71
1113,2018,1,19,73.0,46.0,4.0,29,72,72
1114,2018,1,20,59.0,44.0,6.3,48,58,65
1115,2018,1,21,56.0,35.0,4.0,40,54,64
1116,2018,1,22,59.0,36.0,4.0,29,58,60
1117,2018,1,23,72.0,40.0,7.2,27,71,71
1118,2018,1,24,74.0,42.0,7.2,22,73,73
1119,2018,1,25,72.0,46.0,6.3,23,71,71
1120,2018,1,26,66.0,40.0,2.7,33,65,65
1121,2018,1,27,72.0,41.0,5.8,20,71,71
1122,2018,1,28,80.0,44.0,8.9,19,80,79
1123,2018,1,29,81.0,54.0,8.3,21,79,79
1124,2018,1,30,79.0,51.0,4.7,19,78,78
1125,2018,1,31,77.0,48.0,3.4,19,76,76
1126,2018,2,1,77.0,47.0,3.1,18,76,76
1127,2018,2,2,77.0,48.0,2.9,18,76,76
1128,2018,2,3,75.0,46.0,2.9,22,74,74
1129,2018,2,4,77.0,50.0,3.4,23,76,76
1130,2018,2,5,77.0,49.0,2.9,22,76,76
1131,2018,2,6,76.0,49.0,5.4,21,75,75
1132,2018,2,7,76.0,48.0,5.4,18,75,75
1133,2018,2,8,82.0,51.0,4.7,15,80,79
1134,2018,2,9,79.0,49.0,3.8,17,78,78
1135,2018,2,10,75.0,53.0,4.3,21,74,74
1136,2018,2,11,73.0,52.0,5.8,30,72,72
1137,2018,2,12,62.0,51.0,6.5,60,62,61
1138,2018,2,13,70.0,54.0,3.8,57,70,70
1139,2018,2,14,60.0,49.0,3.1,58,59,62
1140,2018,2,15,65.0,52.0,2.2,70,64,62
1141,2018,2,16,66.0,50.0,2.9,57,66,66
1142,2018,2,17,68.0,46.0,2.9,55,68,68
1143,2018,2,18,69.0,47.0,4.5,49,68,68
1144,2018,2,19,63.0,43.0,8.7,55,62,61
1145,2018,2,20,57.0,34.0,2.9,28,56,63
1146,2018,2,21,58.0,35.0,4.0,27,56,62
1147,2018,2,22,58.0,34.0,3.6,29,56,63
1148,2018,2,23,58.0,36.0,5.8,40,56,63
1149,2018,2,24,57.0,37.0,2.9,35,56,65
1150,2018,2,25,62.0,35.0,2.5,24,60,60
1151,2018,2,26,66.0,37.0,4.0,24,64,60
1152,2018,2,27,65.0,40.0,6.7,44,64,64
1153,2018,2,28,57.0,42.0,3.1,48,56,64
1154,2018,3,1,67.0,42.0,3.6,38,66,66
1155,2018,3,2,73.0,43.0,3.6,30,72,72
1156,2018,3,3,72.0,44.0,4.0,31,71,71
1157,2018,3,4,64.0,48.0,5.4,42,63,65
1158,2018,3,5,71.0,46.0,4.5,22,70,70
1159,2018,3,6,77.0,49.0,5.6,18,76,76
1160,2018,3,7,76.0,50.0,4.0,19,75,75
1161,2018,3,8,78.0,53.0,3.1,18,77,77
1162,2018,3,9,80.0,50.0,3.8,20,80,79
1163,2018,3,10,73.0,60.0,2.7,44,72,72
1164,2018,3,11,73.0,56.0,2.7,63,73,73
1165,2018,3,12,81.0,58.0,3.6,43,81,80
1166,2018,3,13,81.0,58.0,3.6,36,80,79
1167,2018,3,14,83.0,56.0,6.3,34,82,79
1168,2018,3,15,70.0,52.0,6.3,47,70,70
1169,2018,3,16,70.0,49.0,3.6,39,70,70
1170,2018,3,17,68.0,45.0,4.3,37,67,67
1171,2018,3,18,66.0,50.0,5.1,37,65,65
1172,2018,3,19,72.0,48.0,3.6,20,71,71
1173,2018,3,20,77.0,48.0,4.0,18,76,76
1174,2018,3,21,80.0,52.0,2.9,18,80,79
1175,2018,3,22,85.0,62.0,4.7,22,82,81
1176,2018,3,23,82.0,61.0,5.1,28,80,79
1177,2018,3,24,78.0,54.0,5.6,25,78,78
1178,2018,3,25,73.0,48.0,4.9,26,72,72
1179,2018,3,26,71.0,46.0,4.7,23,70,70
1180,2018,3,27,74.0,48.0,2.5,19,73,73
1181,2018,3,28,77.0,47.0,3.6,17,76,76
1182,2018,3,29,84.0,52.0,4.3,19,81,80
1183,2018,3,30,86.0,55.0,4.0,17,83,80
1184,2018,3,31,88.0,58.0,3.4,15,84,81
1185,2018,4,1,88.0,64.0,3.8,16,84,80
1186,2018,4,2,86.0,61.0,4.9,19,83,81
1187,2018,4,3,85.0,55.0,3.1,23,82,81
1188,2018,4,4,87.0,60.0,3.4,19,84,82
1189,2018,4,5,89.0,59.0,3.4,18,85,80
1190,2018,4,6,89.0,63.0,5.1,18,85,79
1191,2018,4,7,91.0,66.0,5.4,27,88,85
1192,2018,4,8,89.0,66.0,5.8,26,86,84
1193,2018,4,9,92.0,61.0,4.5,10,85,79
1194,2018,4,10,95.0,65.0,5.4,10,87,79
1195,2018,4,11,93.0,62.0,4.7,10,85,81
1196,2018,4,12,85.0,65.0,11.0,17,82,80
1197,2018,4,13,77.0,56.0,8.3,9,76,76
1198,2018,4,14,81.0,53.0,4.5,10,76,76
1199,2018,4,15,87.0,54.0,3.8,7,77,77
1200,2018,4,16,81.0,64.0,5.6,9,75,75
1201,2018,4,17,72.0,56.0,5.6,20,71,71
1202,2018,4,18,79.0,50.0,4.5,10,78,78
1203,2018,4,19,79.0,53.0,8.5,17,78,78
1204,2018,4,20,77.0,51.0,5.6,25,76,76
1205,2018,4,21,87.0,57.0,3.8,18,84,83
1206,2018,4,22,92.0,62.0,3.8,13,88,84
1207,2018,4,23,93.0,62.0,3.6,12,87,86
1208,2018,4,24,95.0,63.0,3.8,13,90,76
1209,2018,4,25,96.0,63.0,3.4,13,91,78
1210,2018,4,26,93.0,65.0,4.0,14,89,83
1211,2018,4,27,96.0,70.0,4.0,14,91,78
1212,2018,4,28,95.0,68.0,5.8,15,91,74
1213,2018,4,29,90.0,62.0,6.9,15,86,85
1214,2018,4,30,81.0,63.0,6.3,27,80,79
1215,2018,5,1,73.0,60.0,6.5,36,72,72
1216,2018,5,2,72.0,58.0,5.6,33,71,71
1217,2018,5,3,81.0,53.0,3.1,24,79,79
1218,2018,5,4,93.0,63.0,3.6,18,89,88
1219,2018,5,5,99.0,69.0,6.0,11,92,76
1220,2018,5,6,103.0,77.0,6.0,11,96,76
1221,2018,5,7,99.0,73.0,4.0,11,92,75
1222,2018,5,8,101.0,67.0,3.6,9,91,78
1223,2018,5,9,101.0,68.0,4.5,9,91,77
1224,2018,5,10,102.0,68.0,5.8,11,95,77
1225,2018,5,11,98.0,75.0,8.7,17,94,77
1226,2018,5,12,88.0,68.0,7.2,26,85,82
1227,2018,5,13,85.0,62.0,4.9,24,82,80
1228,2018,5,14,90.0,66.0,4.3,19,86,80
1229,2018,5,15,92.0,65.0,3.8,17,88,82
1230,2018,5,16,96.0,66.0,3.6,11,89,83
1231,2018,5,17,94.0,65.0,6.3,12,88,81
1232,2018,5,18,90.0,66.0,4.3,15,86,85
1233,2018,5,19,93.0,63.0,4.0,15,89,80
1234,2018,5,20,94.0,64.0,5.1,16,90,77
1235,2018,5,21,91.0,68.0,5.6,21,87,81
1236,2018,5,22,91.0,65.0,6.3,23,88,82
1237,2018,5,23,92.0,65.0,4.3,18,88,86
1238,2018,5,24,96.0,66.0,4.3,15,92,75
1239,2018,5,25,96.0,65.0,5.4,15,92,76
1240,2018,5,26,90.0,67.0,7.4,20,86,84
1241,2018,5,27,89.0,62.0,3.8,24,86,81
1242,2018,5,28,96.0,66.0,3.6,17,92,77
1243,2018,5,29,100.0,69.0,3.6,16,96,75
1244,2018,5,30,98.0,75.0,4.9,14,93,76
1245,2018,5,31,97.0,67.0,5.4,18,93,74
1246,2018,6,1,97.0,71.0,3.4,14,92,76
1247,2018,6,2,102.0,71.0,4.3,10,94,76
1248,2018,6,3,105.0,70.0,3.6,7,93,74
1249,2018,6,4,106.0,73.0,4.9,8,95,75
1250,2018,6,5,101.0,73.0,4.3,14,97,74
1251,2018,6,6,99.0,72.0,3.8,12,93,76
1252,2018,6,7,101.0,69.0,4.0,11,94,76
1253,2018,6,8,105.0,72.0,4.0,8,94,77
1254,2018,6,9,105.0,73.0,5.6,9,95,76
1255,2018,6,10,102.0,71.0,5.8,10,94,78
1256,2018,6,11,103.0,71.0,3.4,8,92,78
1257,2018,6,12,107.0,73.0,3.4,7,94,74
1258,2018,6,13,107.0,81.0,3.8,10,99,74
1259,2018,6,14,107.0,81.0,5.4,15,104,74
1260,2018,6,15,95.0,82.0,6.5,29,94,78
1261,2018,6,16,83.0,74.0,3.1,55,85,84
1262,2018,6,17,96.0,73.0,7.2,35,98,77
1263,2018,6,18,97.0,66.0,4.5,23,95,74
1264,2018,6,19,100.0,69.0,4.0,18,97,76
1265,2018,6,20,107.0,71.0,4.9,15,104,76
1266,2018,6,21,108.0,73.0,5.1,14,105,74
1267,2018,6,22,109.0,74.0,4.9,12,104,77
1268,2018,6,23,106.0,76.0,6.0,17,104,76
1269,2018,6,24,102.0,77.0,4.3,19,100,77
1270,2018,6,25,103.0,75.0,4.0,14,99,75
1271,2018,6,26,107.0,77.0,4.5,9,97,74
1272,2018,6,27,108.0,74.0,4.7,11,101,77
1273,2018,6,28,105.0,76.0,5.8,15,102,78
1274,2018,6,29,101.0,79.0,4.7,19,98,76
1275,2018,6,30,100.0,78.0,3.8,14,96,76
1276,2018,7,1,101.0,77.0,4.0,13,96,75
1277,2018,7,2,105.0,73.0,4.3,11,98,77
1278,2018,7,3,107.0,76.0,5.8,12,101,74
1279,2018,7,4,105.0,79.0,4.0,16,102,77
1280,2018,7,5,113.0,81.0,5.1,19,116,77
1281,2018,7,6,110.0,92.0,8.9,23,115,75
1282,2018,7,7,111.0,91.0,4.7,19,113,78
1283,2018,7,8,108.0,90.0,5.1,24,112,74
1284,2018,7,9,104.0,71.0,5.1,51,132,75
1285,2018,7,10,94.0,76.0,3.6,55,106,76
1286,2018,7,11,97.0,72.0,3.4,59,118,75
1287,2018,7,12,98.0,75.0,3.6,60,123,76
1288,2018,7,13,103.0,83.0,3.1,45,122,78
1289,2018,7,14,99.0,85.0,2.5,45,111,77
1290,2018,7,15,96.0,84.0,3.6,49,107,76
1291,2018,7,16,102.0,83.0,4.3,43,117,77
1292,2018,7,17,103.0,84.0,4.0,47,124,74
1293,2018,7,18,101.0,82.0,5.1,45,116,77
1294,2018,7,19,104.0,84.0,5.6,40,119,76
1295,2018,7,20,107.0,87.0,4.9,37,123,78
1296,2018,7,21,101.0,78.0,4.5,36,108,75
1297,2018,7,22,107.0,80.0,3.8,27,113,77
1298,2018,7,23,113.0,84.0,4.3,23,120,74
1299,2018,7,24,114.0,86.0,5.8,21,120,76
1300,2018,7,25,115.0,87.0,5.1,20,121,76
1301,2018,7,26,110.0,91.0,5.4,22,114,76
1302,2018,7,27,107.0,89.0,4.7,28,114,76
1303,2018,7,28,106.0,82.0,2.0,34,118,78
1304,2018,7,29,103.0,83.0,5.4,43,119,78
1305,2018,7,30,108.0,74.0,4.9,38,127,75
1306,2018,7,31,103.0,79.0,3.6,41,117,78
1307,2018,8,1,108.0,83.0,2.9,30,118,75
1308,2018,8,2,107.0,84.0,4.5,34,120,75
1309,2018,8,3,108.0,83.0,3.4,31,119,78
1310,2018,8,4,109.0,85.0,3.6,24,114,74
1311,2018,8,5,110.0,84.0,3.8,22,114,78
1312,2018,8,6,113.0,84.0,4.5,18,115,75
1313,2018,8,7,109.0,87.0,4.7,23,113,76
1314,2018,8,8,101.0,76.0,4.0,42,113,76
1315,2018,8,9,99.0,81.0,3.8,46,112,78
1316,2018,8,10,99.0,73.0,3.4,51,116,74
1317,2018,8,11,101.0,73.0,2.9,46,117,78
1318,2018,8,12,100.0,81.0,3.4,45,114,78
1319,2018,8,13,100.0,79.0,4.7,46,114,77
1320,2018,8,14,102.0,81.0,4.5,39,113,74
1321,2018,8,15,95.0,81.0,2.9,52,107,77
1322,2018,8,16,99.0,82.0,3.6,50,115,78
1323,2018,8,17,101.0,82.0,3.1,47,118,75
1324,2018,8,18,105.0,83.0,4.0,40,121,77
1325,2018,8,19,106.0,86.0,4.0,34,118,76
1326,2018,8,20,105.0,87.0,4.7,30,112,75
1327,2018,8,21,100.0,81.0,4.0,43,112,78
1328,2018,8,22,100.0,83.0,3.6,47,115,76
1329,2018,8,23,100.0,80.0,2.0,51,119,77
1330,2018,8,24,99.0,77.0,2.7,51,116,78
1331,2018,8,25,98.0,79.0,2.7,53,116,74
1332,2018,8,26,100.0,80.0,3.6,42,111,76
1333,2018,8,27,103.0,81.0,4.5,28,106,75
1334,2018,8,28,101.0,75.0,3.4,24,101,74
1335,2018,8,29,102.0,76.0,2.5,22,101,77
1336,2018,8,30,102.0,81.0,2.9,27,104,74
1337,2018,8,31,102.0,79.0,3.1,31,107,76
1338,2018,9,1,101.0,84.0,4.0,30,104,75
1339,2018,9,2,99.0,80.0,4.0,33,102,74
1340,2018,9,3,96.0,76.0,2.7,34,98,74
1341,2018,9,4,97.0,77.0,2.5,33,99,74
1342,2018,9,5,101.0,80.0,2.7,28,103,76
1343,2018,9,6,103.0,78.0,2.9,27,106,77
1344,2018,9,7,103.0,79.0,3.8,26,105,78
1345,2018,9,8,105.0,80.0,4.3,23,106,78
1346,2018,9,9,105.0,80.0,4.5,31,112,77
1347,2018,9,10,104.0,81.0,4.0,27,107,77
1348,2018,9,11,104.0,76.0,4.5,21,103,75
1349,2018,9,12,103.0,76.0,4.9,15,99,78
1350,2018,9,13,102.0,72.0,2.9,11,95,78
1351,2018,9,14,105.0,77.0,3.6,15,102,76
1352,2018,9,15,107.0,80.0,4.5,17,105,77
1353,2018,9,16,102.0,81.0,3.1,28,105,75
1354,2018,9,17,105.0,81.0,3.4,24,107,78
1355,2018,9,18,101.0,79.0,4.9,25,101,75
1356,2018,9,19,89.0,73.0,3.6,56,95,76
1357,2018,9,20,96.0,71.0,3.4,54,111,76
1358,2018,9,21,99.0,77.0,2.9,32,102,74
1359,2018,9,22,100.0,77.0,5.4,29,102,74
1360,2018,9,23,100.0,77.0,6.0,27,101,75
1361,2018,9,24,97.0,80.0,4.0,33,99,74
1362,2018,9,25,97.0,72.0,3.4,27,96,78
1363,2018,9,26,100.0,74.0,2.7,24,99,76
1364,2018,9,27,101.0,74.0,3.8,18,98,78
1365,2018,9,28,101.0,71.0,3.1,19,98,78
1366,2018,9,29,100.0,75.0,3.8,25,100,75
1367,2018,9,30,94.0,73.0,4.9,41,98,75
1368,2018,10,1,77.0,70.0,3.8,79,78,78
1369,2018,10,2,78.0,69.0,6.5,79,78,78
1370,2018,10,3,84.0,72.0,2.7,72,91,77
1371,2018,10,4,85.0,70.0,3.6,60,89,87
1372,2018,10,5,84.0,65.0,2.7,46,84,80
1373,2018,10,6,82.0,65.0,4.7,47,82,81
1374,2018,10,7,73.0,54.0,4.7,65,73,73
1375,2018,10,8,73.0,57.0,2.7,52,72,72
1376,2018,10,9,78.0,58.0,3.4,44,78,78
1377,2018,10,10,80.0,59.0,3.6,40,80,79
1378,2018,10,11,80.0,65.0,5.1,57,81,79
1379,2018,10,12,82.0,67.0,4.3,61,85,80
1380,2018,10,13,74.0,61.0,4.7,77,74,74
1381,2018,10,14,73.0,61.0,2.7,72,73,73
1382,2018,10,15,77.0,58.0,5.4,50,77,77
1383,2018,10,16,65.0,57.0,6.9,58,64,60
1384,2018,10,17,75.0,56.0,6.9,51,75,75
1385,2018,10,18,80.0,57.0,4.5,49,81,79
1386,2018,10,19,84.0,57.0,5.4,47,85,81
1387,2018,10,20,89.0,69.0,8.9,46,91,75
1388,2018,10,21,87.0,70.0,10.1,44,88,87
1389,2018,10,22,85.0,69.0,5.8,45,85,79
1390,2018,10,23,87.0,64.0,4.3,58,92,78
1391,2018,10,24,82.0,59.0,3.1,56,84,81
1392,2018,10,25,84.0,61.0,2.7,46,84,83
1393,2018,10,26,86.0,60.0,4.0,40,85,79
1394,2018,10,27,87.0,58.0,4.5,36,86,83
1395,2018,10,28,87.0,58.0,3.6,36,86,81
1396,2018,10,29,84.0,61.0,2.9,41,83,82
1397,2018,10,30,81.0,63.0,4.9,46,81,79
1398,2018,10,31,77.0,54.0,4.3,37,76,76
1399,2018,11,1,75.0,52.0,3.6,30,74,74
1400,2018,11,2,79.0,51.0,3.8,39,78,78
1401,2018,11,3,78.0,52.0,2.7,37,78,78
1402,2018,11,4,78.0,56.0,3.6,31,78,78
1403,2018,11,5,79.0,54.0,2.9,33,78,78
1404,2018,11,6,79.0,55.0,3.1,37,78,78
1405,2018,11,7,79.0,53.0,2.9,39,78,78
1406,2018,11,8,78.0,56.0,3.8,41,78,78
1407,2018,11,9,77.0,55.0,6.3,28,76,76
1408,2018,11,10,76.0,54.0,4.7,43,76,76
1409,2018,11,11,74.0,48.0,5.1,33,74,74
1410,2018,11,12,66.0,45.0,7.4,27,65,65
1411,2018,11,13,64.0,42.0,4.0,30,63,61
1412,2018,11,14,68.0,42.0,4.5,34,67,67
1413,2018,11,15,74.0,45.0,4.0,33,74,74
1414,2018,11,16,74.0,46.0,3.6,31,74,74
1415,2018,11,17,70.0,43.0,2.9,31,69,69
1416,2018,11,18,70.0,46.0,2.7,34,69,69
1417,2018,11,19,73.0,44.0,5.1,31,72,72
1418,2018,11,20,77.0,52.0,4.9,28,76,76
1419,2018,11,21,73.0,48.0,2.9,39,72,72
1420,2018,11,22,65.0,50.0,2.9,53,64,63
1421,2018,11,23,69.0,47.0,2.5,54,68,68
1422,2018,11,24,68.0,46.0,2.7,46,68,68
1423,2018,11,25,71.0,47.0,4.7,31,70,70
1424,2018,11,26,74.0,49.0,5.1,31,74,74
1425,2018,11,27,74.0,48.0,4.0,32,74,74
1426,2018,11,28,85.0,48.0,3.6,36,84,83
1427,2018,11,29,68.0,47.0,4.0,51,68,68
1428,2018,11,30,60.0,49.0,4.5,73,60,61
1429,2018,12,1,62.0,46.0,2.9,60,62,62
1430,2018,12,2,60.0,44.0,3.6,56,59,65
1431,2018,12,3,61.0,41.0,3.4,40,60,60
1432,2018,12,4,65.0,39.0,6.7,34,64,64
1433,2018,12,5,70.0,48.0,5.6,36,69,69
1434,2018,12,6,58.0,51.0,2.2,70,58,63
1435,2018,12,7,68.0,52.0,2.7,79,68,68
1436,2018,12,8,65.0,46.0,3.1,61,64,64
1437,2018,12,9,69.0,44.0,4.3,45,68,68
1438,2018,12,10,71.0,48.0,6.0,36,70,70
1439,2018,12,11,70.0,50.0,4.3,35,69,69
1440,2018,12,12,65.0,43.0,3.8,49,64,64
1441,2018,12,13,68.0,43.0,3.1,31,67,67
1442,2018,12,14,64.0,36.0,5.6,33,63,63
1443,2018,12,15,66.0,50.0,3.8,32,65,65
1444,2018,12,16,69.0,45.0,3.8,32,68,68
1445,2018,12,17,67.0,45.0,3.4,43,66,66
1446,2018,12,18,67.0,44.0,3.4,43,66,66
1447,2018,12,19,67.0,41.0,2.9,43,66,66
1448,2018,12,20,73.0,43.0,3.6,37,72,72
1449,2018,12,21,66.0,46.0,3.1,37,65,65
1450,2018,12,22,70.0,45.0,2.7,35,69,69
1451,2018,12,23,70.0,44.0,4.5,36,69,69
1452,2018,12,24,69.0,45.0,3.1,38,68,68
1453,2018,12,25,61.0,43.0,3.6,57,60,60
1454,2018,12,26,58.0,40.0,3.4,63,57,64
1455,2018,12,27,55.0,40.0,3.1,47,54,64
1456,2018,12,28,52.0,34.0,2.9,44,50,64
1457,2018,12,29,56.0,34.0,4.3,38,54,63
1458,2018,12,30,54.0,31.0,4.0,36,52,64
1459,2018,12,31,47.0,36.0,4.5,49,46,62
1460,2019,1,1,50.0,34.0,3.4,61,49,60
1461,2019,1,2,51.0,32.0,3.6,44,50,61
1462,2019,1,3,54.0,30.0,3.1,44,52,64
1463,2019,1,4,64.0,33.0,4.7,43,63,65
1464,2019,1,5,65.0,39.0,3.6,49,64,64
1465,2019,1,6,51.0,45.0,2.5,84,50,63
1466,2019,1,7,62.0,42.0,3.1,69,62,61
1467,2019,1,8,70.0,41.0,4.5,49,70,70
1468,2019,1,9,72.0,46.0,4.9,45,72,72
1469,2019,1,10,65.0,47.0,3.4,58,64,65
1470,2019,1,11,63.0,43.0,2.7,60,62,61
1471,2019,1,12,66.0,46.0,6.3,47,66,66
1472,2019,1,13,60.0,48.0,2.5,69,60,65
1473,2019,1,14,67.0,50.0,3.6,57,66,66
1474,2019,1,15,63.0,52.0,3.8,76,63,65
1475,2019,1,16,66.0,50.0,2.0,74,66,66
1476,2019,1,17,67.0,44.0,3.1,64,66,66
1477,2019,1,18,69.0,51.0,4.0,59,68,68
1478,2019,1,19,70.0,43.0,4.3,37,69,69
1479,2019,1,20,70.0,46.0,4.5,32,69,69
1480,2019,1,21,65.0,45.0,6.5,44,64,63
1481,2019,1,22,64.0,41.0,4.5,41,63,63
1482,2019,1,23,60.0,37.0,3.4,33,58,62
1483,2019,1,24,68.0,35.0,3.6,35,67,67
1484,2019,1,25,68.0,41.0,4.5,35,67,67
1485,2019,1,26,73.0,44.0,4.3,35,72,72
1486,2019,1,27,71.0,41.0,3.6,37,70,70
1487,2019,1,28,70.0,41.0,3.8,39,70,70
1488,2019,1,29,70.0,51.0,4.3,36,69,69
1489,2019,1,30,72.0,53.0,3.4,35,72,72
1490,2019,1,31,71.0,48.0,3.1,38,70,70
1491,2019,2,1,71.0,53.0,2.7,46,70,70
1492,2019,2,2,69.0,52.0,3.6,60,68,68
1493,2019,2,3,66.0,55.0,3.6,78,66,66
1494,2019,2,4,61.0,51.0,4.7,67,60,63
1495,2019,2,5,63.0,49.0,6.3,73,62,62
1496,2019,2,6,54.0,38.0,6.5,56,53,63
1497,2019,2,7,55.0,32.0,3.1,36,54,60
1498,2019,2,8,65.0,36.0,4.5,33,64,64
1499,2019,2,9,58.0,39.0,4.5,46,57,62
1500,2019,2,10,61.0,35.0,4.3,47,60,60
1501,2019,2,11,57.0,38.0,3.6,47,56,62
1502,2019,2,12,68.0,34.0,4.7,31,67,67
1503,2019,2,13,67.0,46.0,4.5,31,66,66
1504,2019,2,14,58.0,52.0,4.5,66,58,65
1505,2019,2,15,65.0,50.0,3.1,69,64,65
1506,2019,2,16,60.0,43.0,5.6,57,59,64
1507,2019,2,17,57.0,39.0,5.1,50,56,63
1508,2019,2,18,54.0,36.0,3.8,59,53,63
1509,2019,2,19,55.0,33.0,4.0,48,54,65
1510,2019,2,20,54.0,30.0,3.1,36,52,62
1511,2019,2,21,50.0,37.0,7.6,80,49,60
1512,2019,2,22,46.0,35.0,4.7,79,45,70
1513,2019,2,23,54.0,33.0,3.8,59,53,60
1514,2019,2,24,64.0,35.0,4.7,52,64,60
1515,2019,2,25,65.0,38.0,2.9,49,64,63
1516,2019,2,26,70.0,42.0,3.1,41,70,70
1517,2019,2,27,73.0,53.0,2.9,35,72,72
1518,2019,2,28,73.0,47.0,2.9,39,72,72
1519,2019,3,1,74.0,51.0,3.1,48,74,74
1520,2019,3,2,70.0,57.0,4.7,53,70,70
1521,2019,3,3,71.0,52.0,4.0,67,71,71
1522,2019,3,4,72.0,48.0,2.7,55,72,72
1523,2019,3,5,78.0,49.0,3.8,43,78,78
1524,2019,3,6,81.0,56.0,6.0,41,81,79
1525,2019,3,7,72.0,56.0,3.8,54,72,72
1526,2019,3,8,66.0,49.0,7.2,54,66,66
1527,2019,3,9,63.0,42.0,2.9,45,62,62
1528,2019,3,10,68.0,43.0,4.0,43,68,68
1529,2019,3,11,68.0,47.0,4.3,61,68,68
1530,2019,3,12,57.0,49.0,5.1,78,56,64
1531,2019,3,13,65.0,43.0,9.8,59,64,62
1532,2019,3,14,63.0,37.0,2.9,41,62,62
1533,2019,3,15,72.0,45.0,7.6,42,72,72
1534,2019,3,16,77.0,56.0,7.6,44,76,76
1535,2019,3,17,78.0,58.0,4.5,43,78,78
1536,2019,3,18,80.0,56.0,4.0,42,80,79
1537,2019,3,19,81.0,57.0,3.8,40,81,79
1538,2019,3,20,81.0,55.0,4.7,39,81,79
1539,2019,3,21,66.0,51.0,4.5,52,66,66
1540,2019,3,22,70.0,43.0,2.9,41,70,70
1541,2019,3,23,74.0,47.0,3.1,37,74,74
1542,2019,3,24,77.0,48.0,2.7,36,76,76
1543,2019,3,25,84.0,53.0,4.3,35,83,79
1544,2019,3,26,84.0,54.0,3.8,34,82,80
1545,2019,3,27,80.0,57.0,2.2,31,80,79
1546,2019,3,28,82.0,51.0,3.8,33,81,79
1547,2019,3,29,80.0,47.0,4.3,35,80,79
1548,2019,3,30,81.0,51.0,4.9,31,80,79
1549,2019,3,31,79.0,54.0,4.7,32,78,78
1550,2019,4,1,81.0,53.0,5.4,27,80,79
1551,2019,4,2,82.0,54.0,5.6,31,81,79
1552,2019,4,3,75.0,57.0,4.3,41,74,74
1553,2019,4,4,79.0,57.0,4.3,38,78,78
1554,2019,4,5,78.0,52.0,4.9,42,78,78
1555,2019,4,6,78.0,60.0,3.1,49,78,78
1556,2019,4,7,87.0,56.0,3.4,35,86,85
1557,2019,4,8,94.0,60.0,4.0,29,93,77
1558,2019,4,9,93.0,61.0,7.2,27,91,74
1559,2019,4,10,75.0,55.0,10.5,32,74,74
1560,2019,4,11,75.0,50.0,5.4,31,74,74
1561,2019,4,12,73.0,56.0,2.9,40,72,72
1562,2019,4,13,77.0,50.0,3.4,36,76,76
1563,2019,4,14,82.0,52.0,3.4,28,80,79
1564,2019,4,15,84.0,56.0,4.7,29,82,81
1565,2019,4,16,78.0,58.0,7.2,47,78,78
1566,2019,4,17,76.0,52.0,3.8,53,76,76
1567,2019,4,18,90.0,57.0,4.0,31,88,87
1568,2019,4,19,97.0,61.0,5.6,23,95,78
1569,2019,4,20,90.0,68.0,5.8,27,87,81
1570,2019,4,21,85.0,64.0,5.6,32,83,81
1571,2019,4,22,85.0,56.0,3.1,27,83,79
1572,2019,4,23,85.0,60.0,3.4,34,83,81
1573,2019,4,24,91.0,58.0,4.3,35,90,76
1574,2019,4,25,97.0,63.0,3.6,26,96,75
1575,2019,4,26,98.0,66.0,4.3,23,96,76
1576,2019,4,27,94.0,64.0,4.3,23,91,76
1577,2019,4,28,93.0,66.0,4.7,25,90,74
1578,2019,4,29,83.0,59.0,6.5,35,82,81
1579,2019,4,30,80.0,56.0,4.3,42,80,79
1580,2019,5,1,84.0,59.0,3.4,33,82,79
1581,2019,5,2,83.0,57.0,3.4,26,81,80
1582,2019,5,3,90.0,59.0,3.4,21,86,81
1583,2019,5,4,92.0,60.0,3.6,20,88,82
1584,2019,5,5,91.0,61.0,3.6,21,87,81
1585,2019,5,6,83.0,63.0,4.9,34,82,80
1586,2019,5,7,76.0,56.0,3.8,43,76,76
1587,2019,5,8,85.0,60.0,4.0,45,85,79
1588,2019,5,9,85.0,58.0,5.6,38,84,81
1589,2019,5,10,83.0,60.0,5.1,37,82,81
1590,2019,5,11,84.0,62.0,2.5,43,84,82
1591,2019,5,12,82.0,62.0,2.5,43,82,80
1592,2019,5,13,90.0,62.0,3.6,36,89,80
1593,2019,5,14,96.0,65.0,3.4,27,95,74
1594,2019,5,15,96.0,66.0,4.7,25,94,75
1595,2019,5,16,91.0,71.0,9.6,27,88,86
1596,2019,5,17,78.0,57.0,6.3,30,78,78
1597,2019,5,18,83.0,56.0,2.7,23,81,80
1598,2019,5,19,77.0,67.0,6.5,28,76,76
1599,2019,5,20,70.0,56.0,7.6,37,69,69
1600,2019,5,21,79.0,48.0,8.3,35,78,78
1601,2019,5,22,73.0,55.0,6.3,42,72,72
1602,2019,5,23,73.0,50.0,4.3,42,72,72
1603,2019,5,24,84.0,56.0,3.8,26,82,80
1604,2019,5,25,90.0,59.0,4.3,19,86,81
1605,2019,5,26,81.0,56.0,7.2,26,80,79
1606,2019,5,27,77.0,62.0,7.2,33,76,76
1607,2019,5,28,81.0,56.0,3.4,23,79,79
1608,2019,5,29,88.0,60.0,2.9,24,85,82
1609,2019,5,30,93.0,64.0,3.1,22,90,78
1610,2019,5,31,96.0,65.0,4.7,18,92,78
1611,2019,6,1,94.0,65.0,5.1,19,90,75
1612,2019,6,2,92.0,67.0,4.0,22,89,88
1613,2019,6,3,94.0,66.0,4.0,19,90,75
1614,2019,6,4,95.0,71.0,3.8,17,91,78
1615,2019,6,5,100.0,68.0,4.9,18,97,78
1616,2019,6,6,100.0,73.0,5.1,18,97,77
1617,2019,6,7,98.0,71.0,5.1,23,96,77
1618,2019,6,8,85.0,61.0,3.1,19,82,80
1619,2019,6,9,85.0,61.0,3.4,13,82,81
1620,2019,6,10,85.0,61.0,5.6,17,82,79
1621,2019,6,11,85.0,61.0,5.8,22,82,81
1622,2019,6,12,85.0,61.0,4.3,12,81,79
1623,2019,6,13,104.0,61.0,3.4,15,100,78
1624,2019,6,14,101.0,76.0,6.7,13,96,78
1625,2019,6,15,100.0,72.0,3.6,12,94,75
1626,2019,6,16,85.0,73.0,4.7,15,82,79
1627,2019,6,17,101.0,78.0,4.9,16,97,75
1628,2019,6,18,100.0,72.0,4.5,15,96,76
1629,2019,6,19,100.0,71.0,4.0,10,92,74
1630,2019,6,20,101.0,68.0,5.8,13,96,76
1631,2019,6,21,100.0,76.0,7.8,19,97,74
1632,2019,6,22,96.0,74.0,6.3,23,93,77
1633,2019,6,23,97.0,71.0,4.0,16,93,76
1634,2019,6,24,100.0,67.0,3.8,11,93,75
1635,2019,6,25,100.0,68.0,4.7,11,93,77
1636,2019,6,26,99.0,71.0,5.1,14,95,74
1637,2019,6,27,101.0,70.0,4.0,10,93,74
1638,2019,6,28,108.0,76.0,4.3,9,98,75
1639,2019,6,29,111.0,80.0,5.6,13,108,76
1640,2019,6,30,108.0,79.0,4.9,18,107,75
1641,2019,7,1,107.0,79.0,5.1,13,103,74
1642,2019,7,2,105.0,79.0,5.4,14,101,74
1643,2019,7,3,104.0,78.0,6.3,15,100,77
1644,2019,7,4,102.0,76.0,4.9,12,96,74
1645,2019,7,5,102.0,71.0,3.8,13,97,76
1646,2019,7,6,102.0,77.0,3.8,13,97,75
1647,2019,7,7,104.0,77.0,5.6,12,98,74
1648,2019,7,8,101.0,72.0,6.0,11,94,74
1649,2019,7,9,102.0,69.0,3.6,12,96,77
1650,2019,7,10,109.0,76.0,4.3,11,102,78
1651,2019,7,11,113.0,82.0,5.4,15,112,78
1652,2019,7,12,110.0,88.0,2.5,17,109,77
1653,2019,7,13,109.0,87.0,4.7,20,110,77
1654,2019,7,14,109.0,90.0,4.9,23,113,78
1655,2019,7,15,111.0,85.0,4.5,20,114,75
1656,2019,7,16,112.0,84.0,5.8,14,110,78
1657,2019,7,17,103.0,87.0,5.4,22,103,75
1658,2019,7,18,106.0,81.0,5.6,20,106,75
1659,2019,7,19,106.0,83.0,4.9,16,103,78
1660,2019,7,20,85.0,61.0,5.1,13,82,79
1661,2019,7,21,85.0,61.0,6.0,24,82,79
1662,2019,7,22,103.0,61.0,5.8,27,106,76
1663,2019,7,23,104.0,61.0,5.6,41,120,77
1664,2019,7,24,85.0,61.0,3.8,46,86,82
1665,2019,7,25,105.0,88.0,4.5,37,118,76
1666,2019,7,26,85.0,61.0,5.1,28,83,81
1667,2019,7,27,85.0,61.0,5.4,22,82,81
1668,2019,7,28,85.0,61.0,4.7,20,82,79
1669,2019,7,29,85.0,61.0,5.4,22,82,81
1670,2019,7,30,105.0,75.0,4.7,34,115,76
1671,2019,7,31,92.0,75.0,3.4,63,107,77
1672,2019,8,1,102.0,61.0,2.2,42,116,75
1673,2019,8,2,108.0,61.0,3.4,32,120,77
1674,2019,8,3,85.0,61.0,4.0,29,83,80
1675,2019,8,4,85.0,61.0,4.5,35,84,80
1676,2019,8,5,114.0,61.0,8.1,33,137,76
1677,2019,8,6,85.0,61.0,3.8,33,83,79
1678,2019,8,7,104.0,61.0,3.4,33,112,78
1679,2019,8,8,105.0,61.0,4.0,29,111,78
1680,2019,8,9,97.0,61.0,3.8,29,97,76
1681,2019,8,10,101.0,61.0,4.7,29,103,76
1682,2019,8,11,85.0,61.0,4.0,41,85,82
1683,2019,8,12,85.0,61.0,3.4,18,82,81
1684,2019,8,13,107.0,61.0,3.6,14,104,76
1685,2019,8,14,111.0,61.0,4.0,13,108,75
1686,2019,8,15,112.0,61.0,4.3,11,107,78
1687,2019,8,16,85.0,61.0,5.1,21,82,79
1688,2019,8,17,85.0,61.0,3.1,23,82,80
1689,2019,8,18,85.0,61.0,2.9,18,82,81
1690,2019,8,19,106.0,61.0,3.4,14,102,74
1691,2019,8,20,111.0,61.0,3.8,11,104,77
1692,2019,8,21,112.0,61.0,5.1,10,107,77
1693,2019,8,22,107.0,80.0,4.5,18,106,76
1694,2019,8,23,101.0,81.0,3.8,29,103,74
1695,2019,8,24,100.0,84.0,5.1,33,104,77
1696,2019,8,25,101.0,81.0,5.8,36,108,78
1697,2019,8,26,105.0,85.0,5.1,32,113,77
1698,2019,8,27,109.0,83.0,5.6,26,116,76
1699,2019,8,28,107.0,74.0,4.5,25,111,78
1700,2019,8,29,102.0,77.0,4.5,44,118,76
1701,2019,8,30,108.0,83.0,4.0,28,116,78
1702,2019,8,31,105.0,83.0,4.0,30,112,77
1703,2019,9,1,105.0,83.0,3.6,33,114,75
1704,2019,9,2,104.0,81.0,4.7,43,122,77
1705,2019,9,3,107.0,83.0,3.8,30,116,78
1706,2019,9,4,108.0,86.0,4.3,28,116,77
1707,2019,9,5,107.0,86.0,3.6,26,112,77
1708,2019,9,6,105.0,84.0,4.0,29,111,74
1709,2019,9,7,105.0,86.0,5.1,27,109,76
1710,2019,9,8,100.0,83.0,5.6,30,102,77
1711,2019,9,9,95.0,80.0,3.4,35,96,75
1712,2019,9,10,96.0,79.0,6.3,38,100,78
1713,2019,9,11,93.0,75.0,3.6,36,94,78
1714,2019,9,12,102.0,74.0,3.1,24,102,77
1715,2019,9,13,104.0,76.0,3.8,16,101,75
1716,2019,9,14,100.0,78.0,6.0,32,104,77
1717,2019,9,15,95.0,75.0,3.1,38,98,74
1718,2019,9,16,96.0,77.0,4.3,41,101,76
1719,2019,9,17,94.0,73.0,3.8,46,100,78
1720,2019,9,18,99.0,75.0,4.5,27,99,75
1721,2019,9,19,97.0,72.0,5.8,19,94,77
1722,2019,9,20,93.0,66.0,4.7,17,89,87
1723,2019,9,21,91.0,66.0,3.6,18,87,86
1724,2019,9,22,95.0,63.0,3.1,17,91,76
1725,2019,9,23,83.0,67.0,2.5,59,86,81
1726,2019,9,24,86.0,66.0,3.4,62,92,76
1727,2019,9,25,89.0,69.0,3.4,56,95,74
1728,2019,9,26,85.0,70.0,3.1,62,90,74
1729,2019,9,27,84.0,66.0,2.7,59,87,81
1730,2019,9,28,89.0,67.0,4.5,48,92,78
1731,2019,9,29,86.0,70.0,5.1,46,87,83
1732,2019,9,30,87.0,63.0,3.6,30,85,84
1733,2019,10,1,86.0,59.0,4.3,28,84,80
1734,2019,10,2,89.0,60.0,3.1,30,87,84
1735,2019,10,3,93.0,66.0,3.6,32,92,78
1736,2019,10,4,91.0,68.0,3.4,35,90,76
1737,2019,10,5,92.0,67.0,3.4,32,91,78
1738,2019,10,6,92.0,66.0,3.4,28,90,75
1739,2019,10,7,95.0,67.0,5.6,25,93,77
1740,2019,10,8,93.0,65.0,3.8,27,91,78
1741,2019,10,9,90.0,63.0,4.7,31,88,85
1742,2019,10,10,87.0,66.0,4.3,30,85,79
1743,2019,10,11,86.0,58.0,5.8,18,83,80
1744,2019,10,12,86.0,63.0,5.1,26,83,82
1745,2019,10,13,87.0,58.0,3.4,26,84,82
1746,2019,10,14,86.0,61.0,3.1,39,85,84
1747,2019,10,15,90.0,65.0,2.9,33,89,79
1748,2019,10,16,94.0,65.0,6.5,22,91,77
1749,2019,10,17,92.0,72.0,7.4,27,90,76
1750,2019,10,18,83.0,61.0,4.3,32,81,79
1751,2019,10,19,82.0,58.0,3.4,22,80,79
1752,2019,10,20,84.0,53.0,4.0,20,81,80
1753,2019,10,21,84.0,54.0,4.9,18,81,79
1754,2019,10,22,88.0,60.0,4.9,20,85,79
1755,2019,10,23,87.0,59.0,4.0,22,84,82
1756,2019,10,24,84.0,61.0,7.6,14,81,79
1757,2019,10,25,82.0,60.0,5.8,15,80,79
1758,2019,10,26,81.0,53.0,3.4,17,79,79
1759,2019,10,27,83.0,59.0,6.9,24,81,79
1760,2019,10,28,71.0,50.0,3.6,25,70,70
1761,2019,10,29,70.0,42.0,4.3,15,68,68
1762,2019,10,30,67.0,46.0,8.7,11,66,66
1763,2019,10,31,74.0,44.0,6.5,10,73,73
1764,2019,11,1,77.0,50.0,4.0,11,76,76
1765,2019,11,2,86.0,50.0,7.4,13,83,79
1766,2019,11,3,83.0,58.0,4.0,19,81,79
1767,2019,11,4,83.0,52.0,3.4,22,81,80
1768,2019,11,5,86.0,57.0,3.1,24,83,79
1769,2019,11,6,83.0,61.0,3.4,30,81,80
1770,2019,11,7,84.0,56.0,3.6,35,83,79
1771,2019,11,8,86.0,61.0,5.8,28,84,81
1772,2019,11,9,84.0,58.0,4.9,28,82,81
1773,2019,11,10,84.0,63.0,2.9,38,83,79
1774,2019,11,11,83.0,60.0,3.1,32,81,80
1775,2019,11,12,79.0,59.0,6.7,28,78,78
1776,2019,11,13,75.0,51.0,3.4,30,74,74
1777,2019,11,14,78.0,52.0,2.9,23,78,78
1778,2019,11,15,81.0,56.0,4.7,20,79,79
1779,2019,11,16,79.0,57.0,3.6,22,78,78
1780,2019,11,17,84.0,51.0,4.9,21,81,79
1781,2019,11,18,81.0,53.0,3.8,17,79,79
1782,2019,11,19,78.0,55.0,6.0,46,78,78
1783,2019,11,20,64.0,53.0,8.5,85,64,63
1784,2019,11,21,59.0,50.0,3.4,80,58,60
1785,2019,11,22,64.0,49.0,2.5,68,64,60
1786,2019,11,23,72.0,47.0,5.6,45,72,72
1787,2019,11,24,71.0,50.0,4.7,37,70,70
1788,2019,11,25,65.0,45.0,5.1,43,64,61
1789,2019,11,26,59.0,41.0,3.1,33,58,64
1790,2019,11,27,65.0,40.0,5.1,49,64,63
1791,2019,11,28,66.0,55.0,10.5,62,66,66
1792,2019,11,29,60.0,44.0,9.6,73,60,65
1793,2019,11,30,57.0,39.0,2.5,59,56,63
1794,2019,12,1,67.0,40.0,4.9,46,66,66
1795,2019,12,2,67.0,44.0,3.6,49,66,66
1796,2019,12,3,65.0,45.0,2.5,50,64,61
1797,2019,12,4,71.0,55.0,3.8,70,71,71
1798,2019,12,5,67.0,51.0,2.0,68,67,67
1799,2019,12,6,71.0,53.0,2.9,59,71,71
1800,2019,12,7,68.0,49.0,3.4,59,68,68
1801,2019,12,8,59.0,54.0,2.7,86,59,60
1802,2019,12,9,65.0,50.0,3.4,74,65,65
1803,2019,12,10,65.0,44.0,3.8,50,64,64
1804,2019,12,11,66.0,47.0,2.9,53,66,66
1805,2019,12,12,65.0,44.0,2.7,53,64,61
1806,2019,12,13,67.0,45.0,2.7,50,66,66
1807,2019,12,14,67.0,46.0,3.1,55,66,66
1808,2019,12,15,63.0,45.0,5.1,63,62,60
1809,2019,12,16,61.0,39.0,4.7,42,60,63
1810,2019,12,17,62.0,38.0,6.3,34,60,65
1811,2019,12,18,63.0,45.0,8.9,31,62,61
1812,2019,12,19,63.0,40.0,3.8,40,62,64
1813,2019,12,20,65.0,37.0,4.7,38,64,61
1814,2019,12,21,70.0,45.0,5.4,32,69,69
1815,2019,12,22,71.0,53.0,5.6,34,70,70
1816,2019,12,23,64.0,52.0,5.1,50,63,62
1817,2019,12,24,57.0,50.0,3.6,83,56,63
1818,2019,12,25,54.0,44.0,2.7,76,54,65
1819,2019,12,26,60.0,44.0,4.3,70,60,63
1820,2019,12,27,48.0,45.0,4.3,80,47,61
1821,2019,12,28,54.0,39.0,5.8,61,53,62
1822,2019,12,29,49.0,31.0,3.1,48,48,60
1823,2019,12,30,56.0,37.0,5.1,57,55,63
1824,2019,12,31,60.0,41.0,4.7,62,60,61
