Year,Month,Day,Max Temp (F),Min Temp (F),Average Wind Speed (mph),Relative Humidity (%),Windchill Effect (F),Users Thermostat (F)
2015,1,1,26,5,8.05,55,17,66
2015,1,2,35,11,9.84,71,27,67
2015,1,3,35,-5,12.3,69,26,70
2015,1,4,36,-10,6.71,66,30,66
2015,1,5,56,-5,15.43,64,56,65
2015,1,6,49,20,9.17,74,45,70
2015,1,7,39,14,7.61,76,33,70
2015,1,8,49,19,13.2,61,43,70
2015,1,9,29,15,5.37,74,23,68
2015,1,10,56,22,8.95,69,56,65
2015,1,11,40,27,8.05,75,34,67
2015,1,12,28,22,8.5,80,19,70
2015,1,13,32,22,6.49,77,25,69
2015,1,14,41,19,5.82,75,37,69
2015,1,15,55,23,11.18,45,55,63
2015,1,16,60,30,12.75,46,60,65
2015,1,17,54,35,17.45,49,54,62
2015,1,18,63,37,10.74,44,63,63
2015,1,19,58,31,9.62,63,58,60
2015,1,20,43,26,5.82,70,39,70
2015,1,21,30,16,6.93,65,23,69
2015,1,22,36,6,10.51,51,28,68
2015,1,23,46,16,9.84,50,41,70
2015,1,24,53,30,13.42,60,53,60
2015,1,25,61,26,8.72,64,61,63
2015,1,26,71,35,10.74,57,71,71
2015,1,27,75,42,12.3,44,75,75
2015,1,28,61,32,14.76,60,61,63
2015,1,29,47,31,9.17,77,42,68
2015,1,30,47,30,6.04,69,44,69
2015,1,31,38,29,5.59,76,33,69
2015,2,1,29,8,9.4,71,20,70
2015,2,2,52,17,9.4,53,52,64
2015,2,3,62,33,9.62,58,62,61
2015,2,4,47,22,10.96,72,41,67
2015,2,5,63,23,10.96,59,63,60
2015,2,6,70,46,12.08,52,70,70
2015,2,7,74,41,13.65,47,74,74
2015,2,8,67,33,11.63,55,67,67
2015,2,9,70,31,8.95,55,70,70
2015,2,10,59,32,8.5,64,59,64
2015,2,11,48,30,6.49,75,45,68
2015,2,12,62,28,10.51,49,62,65
2015,2,13,62,31,9.62,51,62,65
2015,2,14,70,30,7.38,44,70,70
2015,2,15,35,26,8.95,64,27,66
2015,2,16,31,22,7.83,76,23,66
2015,2,17,34,17,9.4,55,26,67
2015,2,18,47,14,9.17,48,42,70
2015,2,19,63,22,8.72,52,63,63
2015,2,20,52,29,9.4,62,52,65
2015,2,21,33,14,10.74,78,24,67
2015,2,22,15,8,8.95,69,3,66
2015,2,23,21,6,5.37,63,13,70
2015,2,24,38,12,10.07,48,31,69
2015,2,25,40,16,12.08,65,32,67
2015,2,26,17,4,10.96,67,4,68
2015,2,27,21,-6,8.72,61,10,69
2015,2,28,22,0,4.47,67,15,68
2015,3,1,26,6,5.14,72,19,68
2015,3,2,35,12,6.49,75,29,70
2015,3,3,39,14,11.41,72,31,66
2015,3,4,16,3,9.17,61,4,69
2015,3,5,38,2,9.62,49,31,70
2015,3,6,49,19,8.5,51,45,69
2015,3,7,52,26,10.51,48,52,64
2015,3,8,52,32,8.05,58,52,64
2015,3,9,59,32,6.93,53,59,65
2015,3,10,62,34,8.95,46,62,63
2015,3,11,68,33,9.17,42,68,68
2015,3,12,64,42,10.29,47,64,65
2015,3,13,60,41,8.5,71,60,61
2015,3,14,69,30,11.41,50,69,69
2015,3,15,79,47,13.87,42,79,79
2015,3,16,81,39,13.87,34,81,81
2015,3,17,61,35,14.76,68,61,64
2015,3,18,67,38,6.71,64,67,67
2015,3,19,48,34,8.05,83,44,68
2015,3,20,64,35,8.5,58,64,60
2015,3,21,70,35,10.96,35,70,70
2015,3,22,71,43,10.51,41,71,71
2015,3,23,69,41,14.32,52,69,69
2015,3,24,60,41,13.87,52,60,60
2015,3,25,46,30,10.74,70,40,68
2015,3,26,60,31,8.5,53,60,62
2015,3,27,69,39,7.61,58,69,69
2015,3,28,79,46,13.87,47,79,79
2015,3,29,62,35,11.18,47,62,65
2015,3,30,73,34,7.16,37,73,73
2015,3,31,77,38,9.17,35,77,77
2015,4,1,73,35,11.18,38,73,73
2015,4,2,45,29,12.75,68,38,69
2015,4,3,47,27,7.61,58,43,68
2015,4,4,63,28,9.62,38,63,60
2015,4,5,74,31,9.17,35,74,74
2015,4,6,73,38,12.08,33,73,73
2015,4,7,64,39,10.51,44,64,64
2015,4,8,68,37,12.3,48,68,68
2015,4,9,51,33,12.75,59,51,65
2015,4,10,64,32,8.5,47,64,60
2015,4,11,72,35,10.07,40,72,72
2015,4,12,68,33,17,38,68,68
2015,4,13,70,28,10.74,37,70,70
2015,4,14,75,40,15.21,31,75,75
2015,4,15,69,35,15.43,35,69,69
2015,4,16,36,33,13.65,75,27,68
2015,4,17,51,33,9.84,90,51,61
2015,4,18,53,34,9.17,73,53,65
2015,4,19,51,34,15.21,68,51,61
2015,4,20,54,29,6.26,61,54,60
2015,4,21,66,36,8.05,53,66,66
2015,4,22,69,37,10.51,55,69,69
2015,4,23,69,43,8.5,54,69,69
2015,4,24,67,35,8.5,50,67,67
2015,4,25,68,39,10.07,55,68,68
2015,4,26,47,39,14.76,86,40,69
2015,4,27,46,37,5.82,86,43,68
2015,4,28,60,40,6.93,71,60,60
2015,4,29,72,40,8.72,50,72,72
2015,4,30,79,50,10.51,43,79,79
2015,5,1,64,47,6.71,77,64,62
2015,5,2,76,47,10.29,58,76,76
2015,5,3,74,49,11.63,56,74,74
2015,5,4,60,48,8.5,81,60,60
2015,5,5,56,47,11.41,89,56,65
2015,5,6,65,47,7.61,84,65,65
2015,5,7,61,43,8.05,82,61,61
2015,5,8,51,47,12.97,86,51,64
2015,5,9,51,27,14.99,92,51,61
2015,5,10,43,27,9.62,75,37,67
2015,5,11,55,30,6.93,66,55,63
2015,5,12,73,37,8.95,61,73,73
2015,5,13,62,47,11.41,71,62,62
2015,5,14,74,41,10.74,65,74,74
2015,5,15,68,43,7.16,68,68,68
2015,5,16,64,44,8.95,73,64,65
2015,5,17,66,43,8.28,66,66,66
2015,5,18,57,42,8.95,79,57,65
2015,5,19,49,37,15.21,84,43,67
2015,5,20,44,35,8.05,78,39,70
2015,5,21,55,40,8.28,76,55,64
2015,5,22,58,46,8.28,77,58,65
2015,5,23,64,43,6.04,77,64,65
2015,5,24,61,40,7.83,79,61,60
2015,5,25,67,42,7.38,73,67,67
2015,5,26,71,46,8.05,71,71,71
2015,5,27,76,50,8.5,67,76,76
2015,5,28,73,50,8.05,63,73,73
2015,5,29,67,47,9.4,76,67,67
2015,5,30,72,40,8.5,70,72,72
2015,5,31,85,53,10.96,60,85,82
2015,6,1,85,52,12.08,62,85,79
2015,6,2,86,53,9.4,49,86,81
2015,6,3,74,51,8.95,55,74,74
2015,6,4,82,52,9.84,60,82,84
2015,6,5,70,55,7.61,80,70,70
2015,6,6,76,52,7.16,70,76,76
2015,6,7,77,52,7.61,60,77,77
2015,6,8,80,53,7.38,63,80,80
2015,6,9,85,59,10.74,55,85,82
2015,6,10,75,61,7.61,80,75,75
2015,6,11,76,54,8.28,76,76,76
2015,6,12,70,54,7.16,82,70,70
2015,6,13,85,54,10.29,57,85,84
2015,6,14,83,56,10.07,63,83,84
2015,6,15,71,53,7.61,75,71,71
2015,6,16,85,57,11.41,76,85,80
2015,6,17,82,53,6.93,66,82,81
2015,6,18,80,58,7.83,56,80,80
2015,6,19,93,61,8.72,50,93,74
2015,6,20,85,57,7.61,45,85,84
2015,6,21,92,57,10.74,43,92,78
2015,6,22,79,58,9.84,42,79,79
2015,6,23,91,56,9.62,51,91,75
2015,6,24,91,63,12.3,47,91,77
2015,6,25,89,57,9.4,51,89,84
2015,6,26,81,58,8.72,69,81,82
2015,6,27,89,57,8.05,62,89,81
2015,6,28,93,56,9.17,52,93,77
2015,6,29,88,61,8.05,67,88,84
2015,6,30,94,63,10.29,51,94,76
2015,7,1,91,62,7.83,60,91,77
2015,7,2,85,56,9.4,72,85,84
2015,7,3,85,55,6.93,74,85,80
2015,7,4,96,58,9.4,55,96,77
2015,7,5,91,61,8.95,53,91,75
2015,7,6,65,59,9.4,83,65,65
2015,7,7,75,54,12.53,77,75,75
2015,7,8,73,53,8.28,84,73,73
2015,7,9,82,54,7.16,75,82,79
2015,7,10,85,56,8.5,66,85,80
2015,7,11,89,56,9.17,52,89,83
2015,7,12,94,54,7.61,51,94,76
2015,7,13,90,61,9.84,48,90,74
2015,7,14,90,62,9.62,67,90,76
2015,7,15,87,53,6.04,71,87,83
2015,7,16,91,56,9.4,55,91,78
2015,7,17,93,61,10.96,42,93,74
2015,7,18,90,58,8.5,46,90,78
2015,7,19,84,54,5.82,73,84,79
2015,7,20,86,58,8.95,56,86,83
2015,7,21,82,58,10.07,68,82,79
2015,7,22,91,56,9.4,62,91,78
2015,7,23,95,61,8.05,43,95,76
2015,7,24,89,64,8.95,41,89,81
2015,7,25,92,62,10.51,45,92,76
2015,7,26,94,66,10.96,49,94,77
2015,7,27,97,62,8.5,50,97,75
2015,7,28,86,52,14.32,38,86,82
2015,7,29,85,55,13.65,46,85,80
2015,7,30,91,58,9.84,45,91,74
2015,7,31,91,61,10.29,53,91,75
2015,8,1,96,61,10.51,44,96,76
2015,8,2,94,66,9.4,44,94,75
2015,8,3,88,61,10.74,47,88,79
2015,8,4,91,59,8.28,47,91,74
2015,8,5,96,59,10.29,41,96,77
2015,8,6,93,63,8.5,37,93,77
2015,8,7,95,62,8.95,43,95,78
2015,8,8,87,60,7.61,57,87,80
2015,8,9,88,63,8.72,44,88,83
2015,8,10,86,54,11.18,66,86,79
2015,8,11,91,58,8.95,72,91,75
2015,8,12,91,60,7.38,63,91,74
2015,8,13,95,66,9.62,54,95,74
2015,8,14,95,66,10.96,56,95,76
2015,8,15,98,64,8.95,52,98,74
2015,8,16,91,63,12.53,55,91,76
2015,8,17,80,57,9.17,63,80,80
2015,8,18,74,47,12.08,63,74,74
2015,8,19,70,47,7.16,64,70,70
2015,8,20,86,55,10.74,43,86,79
2015,8,21,93,58,11.63,36,93,77
2015,8,22,92,53,14.32,35,92,75
2015,8,23,80,43,7.16,54,80,80
2015,8,24,92,54,7.83,38,92,78
2015,8,25,96,58,10.07,40,96,78
2015,8,26,97,61,10.29,41,97,76
2015,8,27,89,56,9.62,57,89,81
2015,8,28,85,58,8.28,57,85,84
2015,8,29,91,52,11.41,44,91,78
2015,8,30,96,63,9.17,34,96,74
2015,8,31,88,60,6.93,49,88,80
2015,9,1,90,54,8.72,54,90,77
2015,9,2,92,63,8.5,45,92,77
2015,9,3,87,58,8.5,51,87,84
2015,9,4,89,53,10.51,54,89,84
2015,9,5,89,60,8.5,50,89,83
2015,9,6,87,53,8.95,46,87,79
2015,9,7,82,56,9.17,46,82,79
2015,9,8,83,50,8.72,45,83,84
2015,9,9,90,53,8.72,31,90,76
2015,9,10,89,54,9.17,28,89,80
2015,9,11,79,54,7.16,52,79,79
2015,9,12,86,51,7.83,44,86,81
2015,9,13,91,57,10.74,30,91,78
2015,9,14,91,53,10.51,30,91,75
2015,9,15,88,56,10.29,45,88,84
2015,9,16,90,53,9.84,44,90,76
2015,9,17,79,49,13.42,47,79,79
2015,9,18,72,48,12.08,53,72,72
2015,9,19,80,44,5.59,44,80,80
2015,9,20,85,51,8.28,33,85,81
2015,9,21,89,54,8.05,29,89,79
2015,9,22,81,57,8.28,38,81,84
2015,9,23,83,56,7.61,51,83,81
2015,9,24,85,52,7.38,39,85,80
2015,9,25,84,51,8.28,40,84,82
2015,9,26,87,49,8.95,40,87,80
2015,9,27,90,55,8.95,36,90,74
2015,9,28,80,55,10.07,41,80,80
2015,9,29,78,54,13.2,74,78,78
2015,9,30,81,53,5.82,54,81,83
2015,10,1,84,56,10.07,50,84,81
2015,10,2,79,52,8.95,63,79,79
2015,10,3,68,46,9.62,66,68,68
2015,10,4,65,44,6.26,71,65,65
2015,10,5,71,39,6.49,67,71,71
2015,10,6,58,46,4.92,74,58,64
2015,10,7,75,45,7.38,72,75,75
2015,10,8,78,50,9.62,54,78,78
2015,10,9,76,45,5.37,66,76,76
2015,10,10,85,52,10.51,47,85,80
2015,10,11,87,52,12.08,40,87,79
2015,10,12,80,36,11.18,36,80,80
2015,10,13,81,51,9.62,30,81,79
2015,10,14,83,46,9.62,31,83,83
2015,10,15,66,43,8.95,41,66,66
2015,10,16,69,39,8.95,50,69,69
2015,10,17,79,42,9.62,44,79,79
2015,10,18,80,46,7.16,51,80,80
2015,10,19,75,44,8.05,52,75,75
2015,10,20,72,45,8.05,52,72,72
2015,10,21,50,43,7.61,92,46,61
2015,10,22,46,43,5.14,92,43,68
2015,10,23,62,38,11.86,76,62,65
2015,10,24,65,35,9.17,65,65,65
2015,10,25,71,39,8.5,46,71,71
2015,10,26,62,44,9.17,56,62,61
2015,10,27,61,33,12.08,58,61,60
2015,10,28,63,28,7.61,51,63,60
2015,10,29,61,34,7.16,50,61,61
2015,10,30,52,34,10.29,70,52,61
2015,10,31,69,37,10.96,53,69,69
2015,11,1,72,41,10.07,50,72,72
2015,11,2,73,39,9.84,44,73,73
2015,11,3,75,43,16.11,36,75,75
2015,11,4,61,35,12.3,48,61,61
2015,11,5,46,31,5.82,84,43,68
2015,11,6,46,27,7.83,56,41,67
2015,11,7,54,25,9.62,49,54,62
2015,11,8,68,25,7.61,35,68,68
2015,11,9,58,31,9.17,45,58,65
2015,11,10,67,33,14.09,47,67,67
2015,11,11,44,31,18.57,65,36,66
2015,11,12,48,21,9.62,50,43,69
2015,11,13,59,23,8.95,49,59,62
2015,11,14,65,29,8.95,39,65,65
2015,11,15,64,34,9.4,38,64,64
2015,11,16,50,30,14.32,51,44,69
2015,11,17,40,26,19.91,74,30,66
2015,11,18,51,21,19.01,57,51,63
2015,11,19,47,21,6.71,57,43,69
2015,11,20,52,20,11.86,64,52,64
2015,11,21,44,5,8.5,57,39,66
2015,11,22,60,20,7.61,41,60,64
2015,11,23,59,32,9.84,43,59,60
2015,11,24,64,32,9.62,41,64,64
2015,11,25,45,25,12.3,55,39,66
2015,11,26,25,14,10.96,75,14,70
2015,11,27,20,3,7.61,63,10,68
2015,11,28,24,17,4.7,66,18,67
2015,11,29,25,20,4.03,72,19,68
2015,11,30,31,16,7.61,63,23,67
2015,12,1,40,16,10.07,47,33,67
2015,12,2,50,18,8.05,46,46,65
2015,12,3,47,27,10.29,47,42,69
2015,12,4,59,26,5.59,48,59,65
2015,12,5,45,22,6.93,66,41,66
2015,12,6,56,22,9.62,44,56,60
2015,12,7,62,25,9.17,43,62,62
2015,12,8,59,34,14.76,51,59,65
2015,12,9,69,36,13.42,60,69,69
2015,12,10,64,34,16.11,54,64,63
2015,12,11,51,31,11.18,52,51,60
2015,12,12,33,24,8.05,80,26,67
2015,12,13,40,19,7.38,66,34,67
2015,12,14,40,18,8.5,58,34,70
2015,12,15,25,12,16.33,76,12,67
2015,12,16,28,11,9.84,53,18,67
2015,12,17,20,0,9.84,55,8,69
2015,12,18,48,11,8.95,55,43,70
2015,12,19,52,24,13.87,62,52,61
2015,12,20,48,26,11.63,62,43,68
2015,12,21,46,24,9.17,59,41,68
2015,12,22,47,27,10.51,59,42,68
2015,12,23,37,21,10.51,67,29,70
2015,12,24,35,15,11.86,42,26,70
2015,12,25,26,15,8.28,61,17,67
2015,12,26,19,3,10.07,67,7,68
2015,12,27,26,3,10.51,58,16,70
2015,12,28,26,0,4.7,52,20,70
2015,12,29,20,5,5.82,62,12,69
2015,12,30,26,2,5.37,57,19,67
2015,12,31,24,4,7.16,56,15,67
2016,1,1,35,6,8.95,52,27,68
2016,1,2,41,16,10.07,34,34,69
2016,1,3,46,15,6.93,45,42,67
2016,1,4,45,18,5.82,48,41,70
2016,1,5,45,23,6.71,60,41,67
2016,1,6,46,19,7.83,64,41,66
2016,1,7,35,28,5.14,72,30,66
2016,1,8,29,18,5.59,82,23,66
2016,1,9,28,6,4.25,70,23,69
2016,1,10,32,5,7.61,56,25,66
2016,1,11,40,12,8.5,48,34,70
2016,1,12,45,19,8.72,46,40,70
2016,1,13,51,22,12.3,55,51,61
2016,1,14,44,28,14.54,45,37,70
2016,1,15,33,19,10.07,56,24,68
2016,1,16,37,11,6.93,58,31,67
2016,1,17,38,12,6.04,59,33,70
2016,1,18,51,22,6.71,56,51,63
2016,1,19,40,26,8.95,67,34,68
2016,1,20,49,25,9.62,57,44,70
2016,1,21,40,21,7.61,53,34,70
2016,1,22,52,21,9.62,55,52,65
2016,1,23,57,32,7.16,55,57,60
2016,1,24,45,28,9.4,51,40,68
2016,1,25,37,18,10.74,61,29,68
2016,1,26,42,18,10.51,48,35,66
2016,1,27,52,24,8.5,49,52,63
2016,1,28,58,27,10.51,55,58,61
2016,1,29,55,35,11.41,52,55,63
2016,1,30,65,28,9.17,54,65,65
2016,1,31,34,22,8.05,72,27,66
2016,2,1,30,22,13.2,76,19,66
2016,2,2,22,9,14.54,80,8,70
2016,2,3,28,1,9.62,60,18,70
2016,2,4,34,6,10.07,53,26,66
2016,2,5,37,11,8.5,64,30,70
2016,2,6,48,17,14.32,60,42,67
2016,2,7,43,14,13.42,59,36,67
2016,2,8,42,15,8.72,62,36,67
2016,2,9,55,23,9.17,55,55,63
2016,2,10,66,34,12.75,39,66,66
2016,2,11,64,29,12.3,46,64,64
2016,2,12,52,27,7.38,58,52,65
2016,2,13,63,27,7.83,59,63,62
2016,2,14,52,27,9.84,56,52,65
2016,2,15,59,25,15.21,57,59,62
2016,2,16,59,28,8.5,63,59,61
2016,2,17,68,28,8.5,53,68,68
2016,2,18,73,39,19.01,48,73,73
2016,2,19,64,33,12.3,38,64,62
2016,2,20,62,27,12.53,56,62,62
2016,2,21,46,23,10.96,60,40,70
2016,2,22,51,28,7.38,60,51,62
2016,2,23,43,27,12.3,61,36,66
2016,2,24,50,22,12.08,44,45,68
2016,2,25,48,17,7.38,51,44,70
2016,2,26,61,28,8.72,49,61,60
2016,2,27,72,30,14.54,42,72,72
2016,2,28,60,36,13.2,47,60,65
2016,3,1,58,27,8.95,48,58,61
2016,3,2,61,30,19.69,51,61,62
2016,3,3,64,22,10.07,45,64,60
2016,3,4,58,33,11.63,46,58,60
2016,3,5,67,36,13.2,55,67,67
2016,3,6,69,36,10.07,47,69,69
2016,3,7,55,29,12.08,56,55,60
2016,3,8,51,26,5.82,60,51,63
2016,3,9,57,22,8.05,50,57,62
2016,3,10,67,25,8.95,48,67,67
2016,3,11,74,36,11.63,40,74,74
2016,3,12,66,35,11.41,45,66,66
2016,3,13,63,38,8.28,45,63,62
2016,3,14,65,36,15.88,46,65,65
2016,3,15,47,32,16.55,47,40,69
2016,3,16,48,31,15.43,45,41,69
2016,3,17,36,24,10.29,54,28,67
2016,3,18,30,21,8.05,71,22,66
2016,3,19,37,20,6.93,56,31,68
2016,3,20,58,19,10.74,40,58,65
2016,3,21,73,41,10.74,45,73,73
2016,3,22,73,39,13.42,42,73,73
2016,3,23,42,13,22.82,77,32,70
2016,3,24,40,10,11.63,70,32,68
2016,3,25,43,27,8.72,65,37,70
2016,3,26,34,23,9.17,75,26,70
2016,3,27,50,23,14.09,50,44,68
2016,3,28,65,29,10.96,47,65,65
2016,3,29,61,36,11.86,57,61,62
2016,3,30,47,29,13.2,67,41,70
2016,3,31,44,28,13.87,61,37,70
2016,4,1,51,25,9.4,51,51,63
2016,4,2,63,32,8.72,48,63,64
2016,4,3,69,34,8.28,45,69,69
2016,4,4,72,38,7.61,47,72,72
2016,4,5,67,38,15.21,51,67,67
2016,4,6,71,30,14.09,37,71,71
2016,4,7,65,36,8.72,47,65,65
2016,4,8,66,34,8.95,55,66,66
2016,4,9,72,39,8.5,51,72,72
2016,4,10,68,38,10.07,59,68,68
2016,4,11,60,38,5.82,75,60,60
2016,4,12,71,36,8.72,59,71,71
2016,4,13,72,41,9.62,58,72,72
2016,4,14,77,47,12.3,47,77,77
2016,4,15,54,34,13.65,57,54,61
2016,4,16,34,31,19.24,91,22,69
2016,4,17,36,30,13.42,87,27,66
2016,4,18,39,29,8.05,80,33,66
2016,4,19,44,31,8.05,69,39,66
2016,4,20,55,32,6.49,64,55,63
2016,4,21,64,37,7.16,61,64,60
2016,4,22,77,39,9.84,49,77,77
2016,4,23,77,49,21.03,43,77,77
2016,4,24,67,39,13.2,45,67,67
2016,4,25,72,38,16.55,47,72,72
2016,4,26,53,33,12.3,60,53,62
2016,4,27,54,27,9.4,66,54,61
2016,4,28,40,35,10.51,71,33,66
2016,4,29,36,31,6.26,87,30,70
2016,4,30,35,31,15.88,84,25,69
2016,5,1,42,32,9.4,82,36,67
2016,5,2,59,28,5.82,60,59,60
2016,5,3,66,40,11.41,49,66,66
2016,5,4,74,44,9.84,43,74,74
2016,5,5,79,44,10.07,45,79,79
2016,5,6,80,50,10.07,48,80,80
2016,5,7,55,35,14.76,64,55,60
2016,5,8,65,32,9.84,58,65,65
2016,5,9,67,41,8.05,61,67,67
2016,5,10,65,43,10.51,62,65,65
2016,5,11,61,38,9.17,64,61,60
2016,5,12,71,37,9.4,51,71,71
2016,5,13,71,46,14.09,40,71,71
2016,5,14,55,40,12.75,65,55,64
2016,5,15,59,41,8.28,77,59,60
2016,5,16,48,39,10.74,88,43,70
2016,5,17,48,39,6.71,84,44,69
2016,5,18,66,38,9.62,69,66,66
2016,5,19,73,43,9.17,57,73,73
2016,5,20,79,49,13.42,49,79,79
2016,5,21,83,53,15.21,41,83,79
2016,5,22,77,47,13.42,38,77,77
2016,5,23,68,42,12.08,55,68,68
2016,5,24,73,43,10.74,52,73,73
2016,5,25,73,45,9.17,48,73,73
2016,5,26,67,44,8.5,56,67,67
2016,5,27,58,45,10.74,82,58,60
2016,5,28,72,43,9.17,60,72,72
2016,5,29,76,44,9.4,49,76,76
2016,5,30,78,46,8.95,45,78,78
2016,5,31,66,47,7.61,65,66,66
2016,6,1,73,51,8.72,74,73,73
2016,6,2,79,49,8.95,56,79,79
2016,6,3,78,58,8.5,45,78,78
2016,6,4,77,55,6.93,55,77,77
2016,6,5,82,50,6.71,48,82,79
2016,6,6,83,56,9.17,51,83,83
2016,6,7,80,51,8.05,62,80,80
2016,6,8,83,53,8.5,53,83,82
2016,6,9,88,57,8.5,52,88,83
2016,6,10,90,57,10.29,40,90,74
2016,6,11,90,55,10.74,39,90,76
2016,6,12,85,59,7.83,49,85,79
2016,6,13,76,55,7.38,71,76,76
2016,6,14,81,52,11.18,60,81,79
2016,6,15,86,55,10.96,36,86,79
2016,6,16,90,54,8.28,25,90,76
2016,6,17,85,57,8.5,32,85,84
2016,6,18,90,59,12.08,41,90,75
2016,6,19,97,65,10.29,35,97,75
2016,6,20,73,61,7.38,52,73,73
2016,6,21,98,56,8.72,49,98,75
2016,6,22,80,63,9.62,44,80,80
2016,6,23,92,57,8.72,51,92,78
2016,6,24,92,58,9.17,46,92,76
2016,6,25,84,58,10.07,45,84,79
2016,6,26,92,53,8.28,48,92,74
2016,6,27,93,61,9.62,36,93,75
2016,6,28,93,57,9.62,48,93,74
2016,6,29,92,56,8.05,50,92,76
2016,6,30,82,57,8.05,71,82,82
2016,7,1,78,60,7.16,80,78,78
2016,7,2,79,59,5.59,73,79,79
2016,7,3,89,59,8.95,54,89,79
2016,7,4,92,63,10.96,37,92,76
2016,7,5,92,60,9.17,42,92,76
2016,7,6,96,55,7.61,43,96,75
2016,7,7,88,59,9.4,30,88,84
2016,7,8,90,62,11.63,46,90,75
2016,7,9,97,61,9.84,35,97,75
2016,7,10,102,65,11.63,27,102,78
2016,7,11,89,58,11.41,30,89,80
2016,7,12,91,51,10.96,36,91,75
2016,7,13,90,54,8.5,29,90,76
2016,7,14,86,57,11.41,39,86,79
2016,7,15,88,59,13.42,35,88,79
2016,7,16,97,58,10.51,36,97,74
2016,7,17,91,60,12.3,35,91,76
2016,7,18,95,58,9.84,45,95,78
2016,7,19,95,65,8.95,60,95,76
2016,7,20,94,62,8.72,49,94,75
2016,7,21,96,63,9.17,49,96,74
2016,7,22,96,70,8.95,45,96,77
2016,7,23,99,67,11.41,39,99,75
2016,7,24,96,61,12.75,52,96,75
2016,7,25,97,59,12.08,55,97,77
2016,7,26,93,63,8.05,38,93,77
2016,7,27,93,60,11.63,42,93,76
2016,7,28,85,59,10.07,45,85,82
2016,7,29,89,60,11.41,56,89,84
2016,7,30,94,64,11.63,47,94,78
2016,7,31,95,64,10.51,43,95,78
2016,8,1,96,59,9.62,46,96,76
2016,8,2,94,63,12.3,35,94,77
2016,8,3,96,60,10.29,53,96,74
2016,8,4,75,63,9.62,44,75,75
2016,8,5,76,61,10.29,63,76,76
2016,8,6,83,61,7.61,70,83,81
2016,8,7,90,58,8.72,66,90,78
2016,8,8,91,64,9.84,58,91,74
2016,8,9,97,62,10.74,37,97,78
2016,8,10,95,59,9.4,43,95,77
2016,8,11,90,59,10.51,45,90,77
2016,8,12,83,52,7.61,62,83,84
2016,8,13,89,53,12.97,44,89,83
2016,8,14,90,57,13.42,42,90,75
2016,8,15,92,60,11.41,29,92,77
2016,8,16,91,52,10.07,47,91,75
2016,8,17,90,57,9.84,48,90,74
2016,8,18,90,59,12.97,44,90,78
2016,8,19,81,50,8.05,65,81,82
2016,8,20,76,47,7.61,66,76,76
2016,8,21,91,51,10.07,47,91,77
2016,8,22,93,58,9.62,35,93,76
2016,8,23,87,61,12.3,37,87,80
2016,8,24,68,49,8.95,58,68,68
2016,8,25,71,47,8.72,64,71,71
2016,8,26,80,50,7.38,56,80,80
2016,8,27,85,48,8.5,42,85,81
2016,8,28,86,60,9.17,37,86,83
2016,8,29,84,57,11.86,56,84,80
2016,8,30,82,55,8.5,69,82,81
2016,8,31,82,51,8.28,73,82,80
2016,9,1,87,54,11.18,63,87,81
2016,9,2,84,62,9.84,58,84,80
2016,9,3,90,58,9.84,47,90,76
2016,9,4,90,51,9.4,54,90,77
2016,9,5,93,50,8.5,36,93,75
2016,9,6,87,59,10.29,42,87,83
2016,9,7,88,52,6.93,39,88,79
2016,9,8,89,49,7.16,36,89,80
2016,9,9,75,44,10.51,35,75,75
2016,9,10,83,37,10.51,43,83,83
2016,9,11,90,53,9.4,24,90,77
2016,9,12,74,52,11.41,43,74,74
2016,9,13,68,48,13.42,65,68,68
2016,9,14,84,46,6.93,63,84,83
2016,9,15,78,50,7.83,50,78,78
2016,9,16,73,39,8.05,55,73,73
2016,9,17,78,44,10.51,46,78,78
2016,9,18,88,52,9.17,31,88,79
2016,9,19,90,60,11.63,31,90,78
2016,9,20,90,60,6.04,28,90,74
2016,9,21,84,57,9.62,35,84,82
2016,9,22,76,49,9.4,55,76,76
2016,9,23,88,51,16.11,58,88,79
2016,9,24,71,38,10.51,40,71,71
2016,9,25,68,39,7.83,47,68,68
2016,9,26,76,42,7.16,38,76,76
2016,9,27,83,46,6.49,35,83,80
2016,9,28,82,49,9.84,32,82,84
2016,9,29,87,47,9.4,40,87,80
2016,9,30,74,52,10.29,51,74,74
2016,10,1,80,50,8.28,57,80,80
2016,10,2,81,52,13.42,45,81,80
2016,10,3,81,53,19.69,43,81,84
2016,10,4,65,36,14.09,33,65,65
2016,10,5,66,34,9.4,33,66,66
2016,10,6,55,32,9.4,59,55,64
2016,10,7,67,32,8.95,47,67,67
2016,10,8,73,36,10.07,33,73,73
2016,10,9,76,38,6.49,33,76,76
2016,10,10,79,49,11.18,41,79,79
2016,10,11,79,44,9.84,44,79,79
2016,10,12,49,34,7.61,68,45,69
2016,10,13,78,38,8.28,44,78,78
2016,10,14,84,55,10.07,36,84,83
2016,10,15,85,50,8.95,31,85,83
2016,10,16,86,46,11.18,31,86,81
2016,10,17,77,36,11.63,41,77,77
2016,10,18,65,33,14.09,45,65,65
2016,10,19,61,37,6.71,54,61,62
2016,10,20,63,25,8.5,41,63,64
2016,10,21,78,37,9.17,25,78,78
2016,10,22,82,41,8.72,29,82,81
2016,10,23,74,35,6.71,37,74,74
2016,10,24,79,44,9.4,36,79,79
2016,10,25,72,49,8.5,44,72,72
2016,10,26,75,37,10.07,52,75,75
2016,10,27,83,44,10.51,34,83,84
2016,10,28,82,55,9.84,34,82,80
2016,10,29,77,41,11.41,44,77,77
2016,10,30,77,38,7.61,55,77,77
2016,10,31,79,45,10.51,42,79,79
2016,11,1,70,40,15.21,51,70,70
2016,11,2,62,37,6.49,58,62,63
2016,11,3,69,36,7.16,49,69,69
2016,11,4,72,35,10.96,38,72,72
2016,11,5,69,38,7.16,44,69,69
2016,11,6,67,41,8.5,61,67,67
2016,11,7,64,35,8.28,47,64,65
2016,11,8,65,32,6.93,47,65,65
2016,11,9,74,34,8.95,33,74,74
2016,11,10,69,42,10.51,35,69,69
2016,11,11,61,26,9.62,62,61,65
2016,11,12,71,28,7.38,44,71,71
2016,11,13,66,34,10.07,42,66,66
2016,11,14,72,35,9.84,46,72,72
2016,11,15,77,38,10.74,34,77,77
2016,11,16,80,39,14.99,25,80,80
2016,11,17,39,22,11.18,64,31,70
2016,11,18,32,14,8.05,59,24,66
2016,11,19,45,16,6.71,41,41,69
2016,11,20,69,37,8.95,46,69,69
2016,11,21,65,41,9.4,49,65,65
2016,11,22,42,29,12.75,79,35,68
2016,11,23,50,23,6.93,62,47,62
2016,11,24,49,23,12.53,50,44,68
2016,11,25,63,22,11.41,38,63,64
2016,11,26,60,31,10.51,28,60,63
2016,11,27,52,31,12.75,45,52,61
2016,11,28,45,23,10.07,43,39,66
2016,11,29,38,19,12.3,46,30,69
2016,11,30,40,10,8.05,40,34,67
2016,12,1,41,15,8.05,42,35,69
2016,12,2,33,15,7.83,51,26,67
2016,12,3,42,13,4.92,57,38,70
2016,12,4,55,11,9.62,46,55,60
2016,12,5,54,17,14.54,48,54,60
2016,12,6,30,4,14.09,40,19,68
2016,12,7,17,-8,7.61,58,6,67
2016,12,8,19,-10,3.58,48,13,67
2016,12,9,54,3,6.93,57,54,61
2016,12,10,55,15,6.26,63,55,64
2016,12,11,39,22,8.72,71,33,70
2016,12,12,44,19,8.5,57,39,69
2016,12,13,48,18,9.4,51,43,67
2016,12,14,29,11,9.62,62,20,70
2016,12,15,57,12,7.16,72,57,61
2016,12,16,50,4,12.3,68,45,70
2016,12,17,3,-15,7.83,67,-11,70
2016,12,18,17,-10,6.71,45,7,68
2016,12,19,43,4,11.63,48,36,70
2016,12,20,53,30,12.3,50,53,64
2016,12,21,53,26,12.53,60,53,62
2016,12,22,37,24,5.37,63,32,68
2016,12,23,49,24,8.95,68,45,70
2016,12,24,57,24,8.28,51,57,61
2016,12,25,46,20,14.32,70,39,69
2016,12,26,44,16,7.83,41,39,69
2016,12,27,53,13,8.72,44,53,62
2016,12,28,48,18,10.51,49,43,67
2016,12,29,47,17,9.84,48,42,70
2016,12,30,65,35,12.97,42,65,65
2016,12,31,41,13,7.16,56,36,66
2017,1,1,47,16,8.5,54,42,70
2017,1,2,52,15,12.53,51,52,60
2017,1,3,32,10,8.28,66,24,70
2017,1,4,12,4,8.72,70,-1,66
2017,1,5,5,-2,4.92,68,-5,66
2017,1,6,20,-7,8.95,49,9,66
2017,1,7,26,2,6.93,47,18,67
2017,1,8,48,12,9.62,65,43,70
2017,1,9,62,31,14.09,71,62,63
2017,1,10,52,32,14.54,60,52,63
2017,1,11,56,21,12.53,59,56,65
2017,1,12,40,18,10.96,63,33,66
2017,1,13,39,18,3.8,72,36,67
2017,1,14,42,22,5.82,70,38,68
2017,1,15,35,22,5.82,82,29,68
2017,1,16,35,27,10.51,78,27,66
2017,1,17,46,17,7.61,57,42,69
2017,1,18,52,21,8.5,43,52,63
2017,1,19,54,22,8.5,49,54,64
2017,1,20,45,26,7.61,66,40,69
2017,1,21,42,19,6.49,62,37,68
2017,1,22,47,26,7.83,55,43,70
2017,1,23,54,23,8.95,51,54,65
2017,1,24,32,17,10.51,61,23,69
2017,1,25,30,10,7.16,55,22,66
2017,1,26,31,8,8.5,47,23,68
2017,1,27,40,11,9.84,40,33,67
2017,1,28,50,17,7.61,47,46,60
2017,1,29,61,28,10.96,47,61,63
2017,1,30,63,33,14.32,47,63,65
2017,1,31,61,31,9.17,44,61,62
2017,2,1,31,20,8.95,51,23,70
2017,2,2,26,17,6.49,63,18,70
2017,2,3,38,16,9.4,64,31,68
2017,2,4,60,29,13.2,60,60,62
2017,2,5,58,29,9.62,57,58,63
2017,2,6,61,37,14.76,53,61,65
2017,2,7,62,32,8.5,55,62,62
2017,2,8,58,38,19.69,57,58,63
2017,2,9,68,31,11.86,57,68,68
2017,2,10,80,40,13.2,57,80,80
2017,2,11,56,33,11.41,58,56,63
2017,2,12,49,29,8.5,64,45,68
2017,2,13,48,28,8.5,60,44,68
2017,2,14,49,24,8.05,49,45,70
2017,2,15,67,27,9.62,48,67,67
2017,2,16,75,39,11.41,35,75,75
2017,2,17,66,25,11.18,40,66,66
2017,2,18,67,29,11.18,52,67,67
2017,2,19,64,35,12.53,56,64,63
2017,2,20,63,24,9.84,54,63,60
2017,2,21,73,39,14.76,47,73,73
2017,2,22,57,30,14.09,49,57,61
2017,2,23,33,18,11.86,70,24,70
2017,2,24,26,17,6.71,61,18,67
2017,2,25,38,15,9.62,45,31,69
2017,2,26,42,11,7.83,41,37,69
2017,2,27,58,14,14.09,42,58,65
2017,2,28,35,20,10.29,63,27,68
2017,3,1,48,14,12.97,42,42,70
2017,3,2,53,19,6.49,43,53,63
2017,3,3,64,25,11.41,40,64,60
2017,3,4,71,32,10.07,34,71,71
2017,3,5,69,42,14.32,47,69,69
2017,3,6,53,24,24.16,44,53,61
2017,3,7,53,18,18.34,32,53,63
2017,3,8,67,21,11.18,44,67,67
2017,3,9,72,33,12.75,50,72,72
2017,3,10,65,26,6.93,54,65,65
2017,3,11,48,32,6.26,63,45,69
2017,3,12,61,31,13.87,56,61,65
2017,3,13,57,19,7.38,55,57,65
2017,3,14,69,37,7.61,49,69,69
2017,3,15,77,38,13.87,39,77,77
2017,3,16,76,48,13.42,36,76,76
2017,3,17,71,37,13.2,45,71,71
2017,3,18,81,35,7.38,44,81,80
2017,3,19,80,48,10.96,36,80,80
2017,3,20,77,45,10.96,36,77,77
2017,3,21,70,34,11.18,49,70,70
2017,3,22,71,37,9.62,49,71,71
2017,3,23,77,37,19.24,37,77,77
2017,3,24,53,31,19.24,71,53,61
2017,3,25,62,28,10.96,51,62,65
2017,3,26,54,35,9.17,68,54,60
2017,3,27,64,30,8.95,60,64,65
2017,3,28,46,35,15.43,73,39,70
2017,3,29,57,34,12.75,74,57,60
2017,3,30,67,31,8.72,51,67,67
2017,3,31,51,32,14.32,73,51,65
2017,4,1,41,30,6.26,80,36,70
2017,4,2,63,31,7.16,59,63,63
2017,4,3,58,34,11.63,57,58,61
2017,4,4,42,31,9.84,74,36,69
2017,4,5,56,28,8.28,59,56,63
2017,4,6,66,30,11.41,45,66,66
2017,4,7,76,47,10.74,42,76,76
2017,4,8,77,45,10.96,44,77,77
2017,4,9,59,35,19.46,38,59,61
2017,4,10,58,24,10.51,34,58,63
2017,4,11,70,30,10.74,31,70,70
2017,4,12,74,40,9.62,35,74,74
2017,4,13,79,37,14.99,42,79,79
2017,4,14,79,39,10.96,33,79,79
2017,4,15,68,37,10.51,45,68,68
2017,4,16,72,31,10.29,47,72,72
2017,4,17,77,40,8.05,45,77,77
2017,4,18,78,40,13.2,45,78,78
2017,4,19,73,46,13.65,41,73,73
2017,4,20,64,32,14.32,61,64,61
2017,4,21,48,37,14.99,77,42,69
2017,4,22,57,35,7.83,73,57,62
2017,4,23,76,40,12.53,43,76,76
2017,4,24,67,42,12.75,46,67,67
2017,4,25,58,31,12.3,62,58,60
2017,4,26,61,26,6.04,59,61,65
2017,4,27,54,32,10.07,58,54,60
2017,4,28,54,29,15.21,51,54,61
2017,4,29,31,29,16.11,76,19,67
2017,4,30,60,28,18.79,55,60,65
2017,5,1,64,38,7.61,60,64,61
2017,5,2,63,37,9.17,68,63,65
2017,5,3,56,34,10.07,72,56,65
2017,5,4,71,32,9.62,45,71,71
2017,5,5,79,42,8.95,45,79,79
2017,5,6,86,48,12.53,38,86,83
2017,5,7,80,50,12.08,43,80,80
2017,5,8,74,49,12.53,54,74,74
2017,5,9,68,51,8.05,78,68,68
2017,5,10,54,47,12.97,79,54,60
2017,5,11,63,44,11.41,77,63,60
2017,5,12,78,42,13.87,46,78,78
2017,5,13,85,48,10.29,38,85,83
2017,5,14,76,44,11.41,38,76,76
2017,5,15,84,50,10.96,34,84,83
2017,5,16,72,43,11.86,42,72,72
2017,5,17,73,40,12.75,49,73,73
2017,5,18,42,33,14.54,90,34,70
2017,5,19,39,33,14.32,84,30,66
2017,5,20,62,34,7.83,67,62,62
2017,5,21,67,35,8.72,54,67,67
2017,5,22,67,43,10.74,67,67,67
2017,5,23,63,41,11.18,65,63,65
2017,5,24,84,36,10.96,49,84,80
2017,5,25,79,47,14.09,47,79,79
2017,5,26,74,45,10.96,70,74,74
2017,5,27,58,45,7.61,69,58,62
2017,5,28,71,41,8.05,55,71,71
2017,5,29,69,47,6.93,61,69,69
2017,5,30,75,45,8.95,62,75,75
2017,5,31,82,46,8.5,53,82,80
2017,6,1,80,49,9.17,51,80,80
2017,6,2,79,51,10.07,60,79,79
2017,6,3,77,47,8.72,67,77,77
2017,6,4,81,47,7.61,54,81,79
2017,6,5,86,51,8.95,48,86,81
2017,6,6,78,50,6.93,55,78,78
2017,6,7,85,53,10.29,70,85,80
2017,6,8,85,52,8.5,60,85,84
2017,6,9,92,60,12.53,33,92,77
2017,6,10,94,65,15.21,27,94,78
2017,6,11,80,60,9.84,33,80,80
2017,6,12,93,56,16.78,42,93,77
2017,6,13,82,42,12.08,23,82,81
2017,6,14,87,50,9.4,33,87,82
2017,6,15,89,52,7.61,32,89,81
2017,6,16,95,53,12.3,31,95,77
2017,6,17,86,60,12.3,36,86,79
2017,6,18,86,58,8.05,59,86,81
2017,6,19,86,55,9.62,43,86,80
2017,6,20,99,61,8.5,35,99,75
2017,6,21,98,61,11.18,34,98,75
2017,6,22,93,61,12.3,30,93,76
2017,6,23,63,48,9.17,66,63,62
2017,6,24,79,45,10.96,58,79,79
2017,6,25,74,49,9.4,56,74,74
2017,6,26,89,54,10.51,53,89,79
2017,6,27,97,59,8.5,36,97,74
2017,6,28,90,52,11.41,39,90,78
2017,6,29,87,54,10.51,45,87,80
2017,6,30,74,52,5.82,57,74,74
2017,7,1,89,51,6.93,44,89,82
2017,7,2,94,58,9.17,29,94,76
2017,7,3,92,53,9.62,35,92,78
2017,7,4,95,61,10.74,31,95,76
2017,7,5,98,62,10.51,36,98,78
2017,7,6,100,67,12.3,32,100,75
2017,7,7,88,63,10.29,41,88,81
2017,7,8,93,61,8.95,46,93,78
2017,7,9,97,63,8.72,38,97,75
2017,7,10,96,61,7.61,37,96,75
2017,7,11,96,65,10.96,45,96,78
2017,7,12,82,63,9.4,59,82,79
2017,7,13,87,57,8.72,73,87,84
2017,7,14,91,56,9.84,56,91,76
2017,7,15,78,60,9.62,63,78,78
2017,7,16,87,54,6.93,66,87,81
2017,7,17,97,59,9.62,45,97,78
2017,7,18,95,65,10.96,44,95,75
2017,7,19,100,66,10.07,42,100,77
2017,7,20,95,65,9.4,46,95,75
2017,7,21,96,62,9.4,42,96,75
2017,7,22,91,61,8.05,70,91,78
2017,7,23,91,63,10.51,51,91,75
2017,7,24,99,67,12.75,38,99,77
2017,7,25,95,68,10.07,42,95,75
2017,7,26,83,64,8.5,68,83,82
2017,7,27,88,60,10.74,73,88,81
2017,7,28,93,64,10.51,59,93,77
2017,7,29,80,64,8.05,65,80,80
2017,7,30,84,59,9.17,67,84,79
2017,7,31,87,58,10.51,61,87,82
2017,8,1,88,59,9.17,48,88,80
2017,8,2,90,62,11.86,38,90,77
2017,8,3,67,52,9.17,68,67,67
2017,8,4,92,51,6.93,62,92,78
2017,8,5,86,57,9.84,53,86,84
2017,8,6,76,53,8.05,71,76,76
2017,8,7,68,56,8.28,83,68,68
2017,8,8,77,57,7.83,80,77,77
2017,8,9,80,57,7.83,70,80,80
2017,8,10,78,53,7.61,71,78,78
2017,8,11,82,53,8.28,75,82,79
2017,8,12,87,57,9.17,53,87,80
2017,8,13,87,56,8.05,51,87,79
2017,8,14,90,57,9.17,50,90,74
2017,8,15,85,56,9.84,53,85,83
2017,8,16,76,57,7.38,71,76,76
2017,8,17,87,55,11.18,50,87,84
2017,8,18,89,56,6.71,39,89,83
2017,8,19,95,61,10.51,36,95,78
2017,8,20,89,60,9.17,30,89,82
2017,8,21,87,61,10.74,39,87,84
2017,8,22,88,56,10.96,52,88,84
2017,8,23,91,59,10.96,42,91,77
2017,8,24,88,56,9.62,50,88,83
2017,8,25,90,58,9.4,43,90,76
2017,8,26,93,59,8.5,40,93,74
2017,8,27,86,62,8.05,38,86,80
2017,8,28,90,59,9.4,49,90,74
2017,8,29,93,63,9.84,41,93,76
2017,8,30,92,56,11.86,40,92,76
2017,8,31,89,61,9.62,49,89,79
2017,9,1,87,59,10.07,58,87,82
2017,9,2,90,58,8.72,43,90,77
2017,9,3,97,61,10.51,33,97,77
2017,9,4,94,56,12.3,32,94,77
2017,9,5,71,49,7.83,55,71,71
2017,9,6,81,50,7.83,53,81,81
2017,9,7,86,55,6.26,40,86,80
2017,9,8,85,55,7.61,41,85,82
2017,9,9,92,58,8.95,42,92,75
2017,9,10,90,62,7.83,51,90,74
2017,9,11,88,58,9.62,63,88,80
2017,9,12,92,59,8.72,53,92,77
2017,9,13,91,61,9.84,38,91,76
2017,9,14,90,60,10.29,38,90,78
2017,9,15,84,50,9.84,42,84,82
2017,9,16,70,46,9.62,57,70,70
2017,9,17,74,46,8.5,58,74,74
2017,9,18,82,49,10.29,44,82,81
2017,9,19,89,42,14.09,28,89,82
2017,9,20,80,40,15.43,50,80,80
2017,9,21,92,57,16.11,31,92,74
2017,9,22,86,49,12.3,30,86,81
2017,9,23,54,44,9.62,77,54,61
2017,9,24,50,45,8.05,84,46,60
2017,9,25,55,43,7.83,80,55,62
2017,9,26,63,44,6.26,65,63,62
2017,9,27,55,49,7.61,80,55,63
2017,9,28,62,47,9.62,81,62,63
2017,9,29,67,42,7.61,76,67,67
2017,9,30,72,44,9.62,65,72,72
2017,10,1,75,45,11.63,60,75,75
2017,10,2,47,37,9.62,79,42,68
2017,10,3,61,34,8.28,75,61,64
2017,10,4,73,50,10.74,69,73,73
2017,10,5,65,51,8.28,67,65,65
2017,10,6,66,45,10.29,68,66,66
2017,10,7,78,45,12.08,40,78,78
2017,10,8,67,33,14.54,38,67,67
2017,10,9,36,29,10.74,81,28,69
2017,10,10,59,29,10.29,55,59,63
2017,10,11,72,29,6.71,44,72,72
2017,10,12,78,41,10.07,45,78,78
2017,10,13,65,35,8.05,51,65,65
2017,10,14,57,27,14.32,44,57,62
2017,10,15,64,24,7.38,35,64,63
2017,10,16,78,39,10.51,32,78,78
2017,10,17,77,41,9.62,27,77,77
2017,10,18,77,45,10.51,26,77,77
2017,10,19,75,42,8.28,37,75,75
2017,10,20,77,46,11.18,43,77,77
2017,10,21,53,30,13.65,46,53,60
2017,10,22,70,34,11.18,39,70,70
2017,10,23,63,34,9.62,52,63,61
2017,10,24,62,24,6.71,47,62,65
2017,10,25,84,47,13.2,37,84,79
2017,10,26,59,25,14.99,53,59,63
2017,10,27,41,13,6.49,53,36,68
2017,10,28,58,39,8.05,50,58,63
2017,10,29,73,39,13.65,50,73,73
2017,10,30,38,29,8.95,74,31,68
2017,10,31,52,26,9.17,62,52,63
2017,11,1,68,40,10.74,35,68,68
2017,11,2,47,27,7.38,56,43,68
2017,11,3,59,24,5.14,63,59,61
2017,11,4,72,32,16.78,56,72,72
2017,11,5,52,27,9.84,60,52,61
2017,11,6,45,28,7.61,70,40,70
2017,11,7,36,24,6.26,77,30,68
2017,11,8,61,25,7.16,65,61,60
2017,11,9,49,23,7.83,52,45,69
2017,11,10,60,24,5.14,56,60,62
2017,11,11,60,30,9.17,58,60,63
2017,11,12,59,22,9.4,61,59,64
2017,11,13,73,37,7.83,42,73,73
2017,11,14,68,32,9.4,42,68,68
2017,11,15,59,22,10.74,56,59,65
2017,11,16,74,29,10.29,42,74,74
2017,11,17,68,37,17.67,56,68,68
2017,11,18,45,24,10.74,59,39,68
2017,11,19,61,23,9.62,36,61,64
2017,11,20,69,30,12.08,30,69,69
2017,11,21,55,30,9.62,58,55,62
2017,11,22,69,31,7.83,67,69,69
2017,11,23,72,44,11.18,66,72,72
2017,11,24,71,33,12.53,49,71,71
2017,11,25,62,33,9.62,60,62,65
2017,11,26,74,36,10.29,40,74,74
2017,11,27,81,39,14.09,40,81,81
2017,11,28,46,28,8.05,59,41,68
2017,11,29,65,24,9.62,53,65,65
2017,11,30,54,24,8.72,43,54,60
2017,12,1,62,31,11.63,52,62,61
2017,12,2,66,30,9.4,59,66,66
2017,12,3,67,35,12.97,52,67,67
2017,12,4,51,14,18.12,47,51,65
2017,12,5,51,15,9.62,40,51,62
2017,12,6,38,15,14.99,43,29,67
2017,12,7,36,11,9.62,48,28,69
2017,12,8,57,35,12.75,43,57,65
2017,12,9,61,31,8.5,33,61,60
2017,12,10,62,34,10.07,28,62,60
2017,12,11,57,25,10.96,28,57,63
2017,12,12,69,29,9.84,43,69,69
2017,12,13,51,28,7.61,37,51,65
2017,12,14,38,20,9.84,65,31,68
2017,12,15,63,22,12.75,38,63,60
2017,12,16,51,28,8.5,41,51,62
2017,12,17,41,22,4.7,63,37,66
2017,12,18,56,18,6.93,50,56,62
2017,12,19,55,21,8.5,54,55,61
2017,12,20,66,29,9.84,45,66,66
2017,12,21,37,4,11.63,63,29,68
2017,12,22,45,6,10.51,50,39,70
2017,12,23,41,7,9.62,52,35,66
2017,12,24,24,-4,10.96,52,13,70
2017,12,25,19,2,6.49,57,10,67
2017,12,26,10,4,4.47,74,1,67
2017,12,27,49,1,9.4,61,45,68
2017,12,28,46,25,10.74,49,40,70
2017,12,29,64,9,13.42,48,64,61
2017,12,30,39,8,8.28,48,33,69
2017,12,31,25,4,8.5,59,15,67
2018,1,1,28,3,5.37,51,22,67
2018,1,2,43,11,8.05,51,38,69
2018,1,3,53,17,10.74,24,53,60
2018,1,4,50,23,8.28,29,46,60
2018,1,5,56,25,5.82,36,56,60
2018,1,6,62,26,5.82,43,62,61
2018,1,7,48,26,7.61,58,44,69
2018,1,8,49,24,5.37,45,46,64
2018,1,9,68,34,9.17,44,68,68
2018,1,10,57,24,11.41,66,57,60
2018,1,11,43,21,9.4,55,37,70
2018,1,12,46,24,10.29,48,40,68
2018,1,13,48,19,6.26,56,45,69
2018,1,14,56,21,9.4,50,56,63
2018,1,15,30,-3,9.4,62,21,67
2018,1,16,34,-4,7.16,34,27,67
2018,1,17,51,15,5.82,32,51,60
2018,1,18,65,28,10.96,39,65,65
2018,1,19,67,35,10.51,39,67,67
2018,1,20,48,27,9.84,49,43,69
2018,1,21,28,23,18.79,76,15,67
2018,1,22,44,9,7.61,47,39,69
2018,1,23,37,14,8.5,45,30,66
2018,1,24,47,18,13.42,46,41,66
2018,1,25,54,28,16.78,35,54,62
2018,1,26,40,17,11.18,41,33,67
2018,1,27,45,16,8.28,39,40,69
2018,1,28,52,19,9.17,45,52,63
2018,1,29,58,22,6.71,53,58,64
2018,1,30,63,38,13.87,41,63,63
2018,1,31,54,24,8.95,45,54,62
2018,2,1,34,18,8.5,62,26,67
2018,2,2,60,22,7.61,55,60,64
2018,2,3,58,31,12.08,53,58,64
2018,2,4,47,10,9.62,59,42,70
2018,2,5,56,21,14.32,55,56,63
2018,2,6,47,21,7.16,58,43,66
2018,2,7,53,16,9.62,47,53,61
2018,2,8,61,35,13.87,49,61,63
2018,2,9,48,16,10.96,52,43,67
2018,2,10,17,9,8.05,70,6,68
2018,2,11,43,0,11.18,43,36,67
2018,2,12,25,14,7.83,50,16,70
2018,2,13,58,17,9.17,60,58,62
2018,2,14,66,34,12.53,50,66,66
2018,2,15,48,16,11.18,49,43,70
2018,2,16,42,7,9.62,48,36,69
2018,2,17,56,24,10.96,37,56,63
2018,2,18,69,20,13.42,37,69,69
2018,2,19,20,3,11.41,60,8,66
2018,2,20,13,-3,6.71,55,2,68
2018,2,21,22,-7,7.38,41,13,68
2018,2,22,26,8,6.26,52,18,66
2018,2,23,35,8,8.5,52,28,68
2018,2,24,36,15,14.76,45,26,70
2018,2,25,41,15,12.53,40,33,67
2018,2,26,57,18,7.83,36,57,63
2018,2,27,56,21,7.61,35,56,65
2018,2,28,50,21,8.05,43,46,61
2018,3,1,59,18,10.29,46,59,61
2018,3,2,70,26,13.65,37,70,70
2018,3,3,71,42,12.08,32,71,71
2018,3,4,68,30,20.58,30,68,68
2018,3,5,42,25,23.94,33,32,68
2018,3,6,46,15,7.61,32,42,67
2018,3,7,51,13,9.84,35,51,64
2018,3,8,64,24,6.71,32,64,63
2018,3,9,65,31,12.3,38,65,65
2018,3,10,52,24,13.2,46,52,62
2018,3,11,49,16,6.49,40,46,60
2018,3,12,57,23,9.17,35,57,62
2018,3,13,58,26,10.51,45,58,60
2018,3,14,67,30,8.5,41,67,67
2018,3,15,67,34,13.2,44,67,67
2018,3,16,56,28,12.75,51,56,62
2018,3,17,64,25,13.42,36,64,65
2018,3,18,52,31,12.75,41,52,61
2018,3,19,46,27,12.3,59,40,68
2018,3,20,52,25,11.63,47,52,61
2018,3,21,62,26,6.26,42,62,64
2018,3,22,73,36,9.84,46,73,73
2018,3,23,72,38,13.87,44,72,72
2018,3,24,68,30,13.2,44,68,68
2018,3,25,66,31,12.97,36,66,66
2018,3,26,55,32,9.17,51,55,64
2018,3,27,47,24,10.51,62,42,67
2018,3,28,46,30,9.17,58,41,69
2018,3,29,47,24,10.96,58,41,70
2018,3,30,63,25,7.38,48,63,62
2018,3,31,59,23,14.09,47,59,63
2018,4,1,54,23,8.95,56,54,61
2018,4,2,74,29,10.51,36,74,74
2018,4,3,48,27,13.42,35,42,66
2018,4,4,62,24,8.05,28,62,65
2018,4,5,65,33,9.4,38,65,65
2018,4,6,43,21,14.54,62,35,66
2018,4,7,58,22,9.17,61,58,60
2018,4,8,64,40,14.99,51,64,65
2018,4,9,55,33,8.05,51,55,64
2018,4,10,71,32,10.51,38,71,71
2018,4,11,79,46,14.54,30,79,79
2018,4,12,79,37,13.87,31,79,79
2018,4,13,44,30,26.62,45,34,67
2018,4,14,56,27,19.69,44,56,64
2018,4,15,61,26,7.61,42,61,63
2018,4,16,73,34,10.07,35,73,73
2018,4,17,73,34,24.16,24,73,73
2018,4,18,56,25,9.62,30,56,61
2018,4,19,69,27,20.58,27,69,69
2018,4,20,60,33,16.78,44,60,60
2018,4,21,39,31,7.83,68,33,68
2018,4,22,65,31,6.93,52,65,65
2018,4,23,73,38,10.51,41,73,73
2018,4,24,40,32,9.62,57,33,69
2018,4,25,66,31,7.16,45,66,66
2018,4,26,59,36,14.76,40,59,65
2018,4,27,73,34,9.84,34,73,73
2018,4,28,80,42,12.3,30,80,80
2018,4,29,83,50,14.32,35,83,84
2018,4,30,73,46,10.07,25,73,73
2018,5,1,69,41,11.86,48,69,69
2018,5,2,52,40,8.72,64,52,65
2018,5,3,52,40,14.76,76,52,60
2018,5,4,69,41,9.84,54,69,69
2018,5,5,75,48,9.4,36,75,75
2018,5,6,80,47,8.5,37,80,80
2018,5,7,80,49,8.28,34,80,80
2018,5,8,77,48,7.61,38,77,77
2018,5,9,80,46,6.93,32,80,80
2018,5,10,90,50,11.86,32,90,75
2018,5,11,80,44,11.63,44,80,80
2018,5,12,66,50,12.53,54,66,66
2018,5,13,61,49,9.84,54,61,62
2018,5,14,65,49,6.71,58,65,65
2018,5,15,77,45,8.95,53,77,77
2018,5,16,81,51,8.28,36,81,80
2018,5,17,86,51,10.74,26,86,79
2018,5,18,65,50,10.07,37,65,65
2018,5,19,51,41,12.53,72,51,63
2018,5,20,58,40,7.61,60,58,60
2018,5,21,79,42,8.5,45,79,79
2018,5,22,81,48,8.72,40,81,79
2018,5,23,82,47,8.28,43,82,80
2018,5,24,86,52,6.49,33,86,81
2018,5,25,91,54,9.62,29,91,76
2018,5,26,94,55,10.51,22,94,78
2018,5,27,87,57,13.87,26,87,84
2018,5,28,70,51,11.63,49,70,70
2018,5,29,78,46,9.84,41,78,78
2018,5,30,84,48,10.07,38,84,84
2018,5,31,92,50,14.32,34,92,77
2018,6,1,92,54,9.17,16,92,77
2018,6,2,79,44,9.17,27,79,79
2018,6,3,79,48,6.71,32,79,79
2018,6,4,93,57,9.17,31,93,74
2018,6,5,95,60,9.4,23,95,77
2018,6,6,95,61,10.51,23,95,75
2018,6,7,92,58,16.78,30,92,78
2018,6,8,96,57,10.29,17,96,77
2018,6,9,95,61,9.84,17,95,77
2018,6,10,97,61,10.74,16,97,78
2018,6,11,82,51,10.74,20,82,80
2018,6,12,87,56,9.62,24,87,81
2018,6,13,94,57,10.96,33,94,75
2018,6,14,97,66,13.42,21,97,75
2018,6,15,95,61,9.84,24,95,74
2018,6,16,87,58,8.5,36,87,81
2018,6,17,77,56,10.51,54,77,77
2018,6,18,82,54,10.51,57,82,81
2018,6,19,79,55,14.32,50,79,79
2018,6,20,78,51,9.62,55,78,78
2018,6,21,86,50,8.5,39,86,81
2018,6,22,90,55,10.51,34,90,74
2018,6,23,89,51,9.4,34,89,82
2018,6,24,70,51,7.83,49,70,70
2018,6,25,83,48,7.83,38,83,84
2018,6,26,97,56,9.62,23,97,74
2018,6,27,101,64,11.18,20,101,75
2018,6,28,105,63,12.3,23,105,76
2018,6,29,97,66,15.21,16,97,78
2018,6,30,76,51,13.2,35,76,76
2018,7,1,90,47,7.38,45,90,78
2018,7,2,95,56,10.51,24,95,77
2018,7,3,99,57,9.17,22,99,74
2018,7,4,93,58,10.29,26,93,76
2018,7,5,87,62,16.11,49,87,82
2018,7,6,92,60,11.18,50,92,77
2018,7,7,98,62,10.29,36,98,78
2018,7,8,98,67,10.74,38,98,78
2018,7,9,95,63,11.63,32,95,74
2018,7,10,98,64,12.75,29,98,75
2018,7,11,96,60,10.07,29,96,78
2018,7,12,88,62,11.63,42,88,84
2018,7,13,90,61,8.28,52,90,76
2018,7,14,97,64,10.74,43,97,78
2018,7,15,75,59,11.41,53,75,75
2018,7,16,91,59,6.49,62,91,75
2018,7,17,88,60,10.07,55,88,84
2018,7,18,95,63,9.84,45,95,76
2018,7,19,98,64,8.5,25,98,77
2018,7,20,97,66,9.4,30,97,76
2018,7,21,97,68,8.05,35,97,75
2018,7,22,95,65,11.86,41,95,74
2018,7,23,78,63,8.95,66,78,78
2018,7,24,90,63,9.62,62,90,77
2018,7,25,80,60,11.41,54,80,80
2018,7,26,83,58,9.4,65,83,84
2018,7,27,85,58,11.63,55,85,80
2018,7,28,79,56,8.5,49,79,79
2018,7,29,84,56,8.05,51,84,84
2018,7,30,79,55,9.62,59,79,79
2018,7,31,87,54,9.62,39,87,84
2018,8,1,85,60,7.83,34,85,80
2018,8,2,93,56,8.95,37,93,77
2018,8,3,84,64,10.96,49,84,82
2018,8,4,95,62,12.3,36,95,74
2018,8,5,88,63,9.62,42,88,81
2018,8,6,84,58,9.62,53,84,80
2018,8,7,88,56,10.51,58,88,82
2018,8,8,83,57,10.29,51,83,80
2018,8,9,88,56,8.5,42,88,81
2018,8,10,88,62,10.51,39,88,79
2018,8,11,92,59,12.53,36,92,75
2018,8,12,90,61,15.88,30,90,75
2018,8,13,89,53,8.5,31,89,80
2018,8,14,84,58,11.41,43,84,83
2018,8,15,88,62,10.74,48,88,84
2018,8,16,89,59,6.49,32,89,81
2018,8,17,89,63,12.75,40,89,82
2018,8,18,79,57,10.51,60,79,79
2018,8,19,72,51,11.18,52,72,72
2018,8,20,76,46,7.61,44,76,76
2018,8,21,80,53,10.29,46,80,80
2018,8,22,81,56,8.5,55,81,79
2018,8,23,89,58,14.32,45,89,81
2018,8,24,90,61,8.28,33,90,75
2018,8,25,92,61,8.95,33,92,77
2018,8,26,94,60,14.32,37,94,74
2018,8,27,93,62,12.3,34,93,77
2018,8,28,75,50,9.4,37,75,75
2018,8,29,91,54,10.07,38,91,78
2018,8,30,92,60,7.83,26,92,78
2018,8,31,90,61,9.4,29,90,77
2018,9,1,88,53,7.61,35,88,82
2018,9,2,82,57,8.05,35,82,79
2018,9,3,82,58,7.61,43,82,81
2018,9,4,83,56,8.72,39,83,82
2018,9,5,70,54,10.29,64,70,70
2018,9,6,78,51,8.5,66,78,78
2018,9,7,75,52,7.38,61,75,75
2018,9,8,86,52,9.4,46,86,81
2018,9,9,88,55,9.4,41,88,82
2018,9,10,93,55,9.62,28,93,78
2018,9,11,93,60,10.51,27,93,74
2018,9,12,93,62,12.3,26,93,76
2018,9,13,96,64,13.87,17,96,74
2018,9,14,92,60,10.51,16,92,78
2018,9,15,94,58,13.65,21,94,78
2018,9,16,93,60,10.51,28,93,76
2018,9,17,92,64,6.71,27,92,78
2018,9,18,91,59,9.84,30,91,78
2018,9,19,84,59,10.29,26,84,84
2018,9,20,84,52,9.4,50,84,80
2018,9,21,79,44,14.99,36,79,79
2018,9,22,86,49,8.95,24,86,84
2018,9,23,88,56,9.4,23,88,80
2018,9,24,80,54,12.53,34,80,80
2018,9,25,64,36,9.17,36,64,65
2018,9,26,73,42,7.16,30,73,73
2018,9,27,80,49,8.72,22,80,80
2018,9,28,50,37,10.51,37,45,68
2018,9,29,84,36,9.4,27,84,82
2018,9,30,61,40,6.93,41,61,63
2018,10,1,71,43,4.92,44,71,71
2018,10,2,81,52,8.05,45,81,82
2018,10,3,86,47,15.43,46,86,79
2018,10,4,68,47,10.96,54,68,68
2018,10,5,75,37,11.86,44,75,75
2018,10,6,61,33,12.97,63,61,62
2018,10,7,47,38,8.95,59,42,66
2018,10,8,40,36,8.28,74,34,66
2018,10,9,38,34,8.28,77,32,69
2018,10,10,37,31,8.72,70,30,66
2018,10,11,48,34,5.59,65,45,67
2018,10,12,64,32,7.83,55,64,63
2018,10,13,63,26,14.32,37,63,63
2018,10,14,27,20,9.62,62,17,66
2018,10,15,48,18,8.05,42,44,70
2018,10,16,56,29,7.61,33,56,62
2018,10,17,61,36,16.33,52,61,61
2018,10,18,69,40,13.87,52,69,69
2018,10,19,67,40,9.4,40,67,67
2018,10,20,70,38,9.84,33,70,70
2018,10,21,74,41,7.38,32,74,74
2018,10,22,74,44,11.18,38,74,74
2018,10,23,70,44,11.86,55,70,70
2018,10,24,60,42,6.04,66,60,61
2018,10,25,66,43,7.61,43,66,66
2018,10,26,69,37,7.83,44,69,69
2018,10,27,73,42,14.76,43,73,73
2018,10,28,77,34,9.62,50,77,77
2018,10,29,79,40,10.51,32,79,79
2018,10,30,43,33,6.04,66,39,68
2018,10,31,46,30,8.05,67,41,68
2018,11,1,55,34,8.72,48,55,60
2018,11,2,65,29,14.99,54,65,65
2018,11,3,54,30,14.99,53,54,61
2018,11,4,56,26,7.83,58,56,61
2018,11,5,56,27,9.4,53,56,64
2018,11,6,51,26,10.07,47,51,65
2018,11,7,44,27,7.61,48,39,70
2018,11,8,38,19,7.38,49,32,68
2018,11,9,49,15,9.17,37,45,69
2018,11,10,58,27,10.51,32,58,64
2018,11,11,30,22,11.41,65,20,68
2018,11,12,25,10,8.72,59,15,68
2018,11,13,48,12,7.16,43,44,70
2018,11,14,63,34,9.62,48,63,64
2018,11,15,59,31,10.07,41,59,60
2018,11,16,55,32,9.84,40,55,60
2018,11,17,34,20,9.84,64,26,66
2018,11,18,48,19,5.37,53,45,69
2018,11,19,49,21,9.62,30,44,70
2018,11,20,58,22,7.83,39,58,61
2018,11,21,61,30,9.4,32,61,61
2018,11,22,61,36,10.07,28,61,61
2018,11,23,53,29,16.33,44,53,61
2018,11,24,59,27,14.99,51,59,61
2018,11,25,41,17,9.17,48,35,66
2018,11,26,51,20,7.83,39,51,63
2018,11,27,55,24,10.29,42,55,61
2018,11,28,58,29,10.51,41,58,63
2018,11,29,49,29,7.16,54,45,69
2018,11,30,35,26,8.28,59,28,70
2018,12,1,44,20,9.84,55,38,66
2018,12,2,37,15,6.71,50,31,70
2018,12,3,34,19,4.47,60,29,69
2018,12,4,38,14,9.84,47,31,69
2018,12,5,49,16,9.17,33,45,70
2018,12,6,31,18,8.5,56,23,70
2018,12,7,43,18,9.17,59,37,69
2018,12,8,49,19,8.28,55,45,69
2018,12,9,45,17,6.04,51,41,66
2018,12,10,59,16,10.51,29,59,60
2018,12,11,59,26,12.75,30,59,62
2018,12,12,57,32,17,36,57,64
2018,12,13,40,21,11.18,44,33,66
2018,12,14,54,19,10.51,33,54,64
2018,12,15,55,28,7.38,39,55,62
2018,12,16,60,25,10.29,44,60,65
2018,12,17,59,26,7.61,35,59,63
2018,12,18,57,25,7.61,47,57,62
2018,12,19,50,28,15.66,48,44,70
2018,12,20,48,19,8.72,46,44,70
2018,12,21,63,24,12.3,41,63,61
2018,12,22,38,15,11.63,51,30,69
2018,12,23,52,11,7.16,37,52,62
2018,12,24,47,20,6.71,53,43,66
2018,12,25,47,20,7.61,52,43,67
2018,12,26,37,19,9.84,61,29,70
2018,12,27,30,13,12.97,55,19,67
2018,12,28,22,9,6.26,53,14,66
2018,12,29,39,5,7.61,47,33,67
2018,12,30,53,27,10.07,46,53,60
2018,12,31,32,0,14.09,59,21,69
2019,1,1,12,-5,5.14,50,3,70
2019,1,2,38,2,8.95,39,31,67
2019,1,3,56,16,9.62,39,56,63
2019,1,4,62,30,9.4,46,62,62
2019,1,5,60,33,7.61,38,60,65
2019,1,6,58,30,9.4,44,58,60
2019,1,7,52,16,14.99,45,52,62
2019,1,8,50,22,10.96,50,45,69
2019,1,9,50,23,4.92,44,48,65
2019,1,10,61,28,8.05,40,61,61
2019,1,11,44,32,11.41,75,38,66
2019,1,12,35,17,6.71,79,29,69
2019,1,13,35,17,7.61,67,28,70
2019,1,14,43,20,11.63,49,36,66
2019,1,15,46,21,10.96,42,40,70
2019,1,16,46,29,7.61,59,42,66
2019,1,17,54,32,10.96,52,54,64
2019,1,18,41,23,10.51,63,34,70
2019,1,19,48,22,8.5,55,44,66
2019,1,20,55,33,11.18,53,55,63
2019,1,21,58,22,11.18,47,58,64
2019,1,22,30,13,19.01,58,17,69
2019,1,23,41,16,10.51,45,34,69
2019,1,24,29,12,10.07,59,19,67
2019,1,25,32,8,9.4,51,24,66
2019,1,26,42,19,9.4,51,36,67
2019,1,27,50,28,13.87,53,44,69
2019,1,28,31,7,12.97,60,21,67
2019,1,29,27,7,7.38,46,19,66
2019,1,30,48,9,9.4,42,43,68
2019,1,31,48,21,9.62,43,43,70
2019,2,1,54,28,10.07,44,54,65
2019,2,2,60,34,9.62,46,60,65
2019,2,3,65,37,12.3,51,65,65
2019,2,4,57,21,11.86,49,57,60
2019,2,5,49,18,5.82,57,46,65
2019,2,6,24,-3,10.74,60,13,70
2019,2,7,15,-11,7.83,44,4,67
2019,2,8,26,-7,5.14,36,19,66
2019,2,9,48,11,10.29,38,43,68
2019,2,10,47,18,7.38,49,43,67
2019,2,11,34,11,8.5,42,26,70
2019,2,12,49,22,8.05,37,45,67
2019,2,13,60,26,10.51,37,60,62
2019,2,14,58,28,10.51,46,58,65
2019,2,15,57,22,8.72,57,57,60
2019,2,16,40,16,8.95,47,34,68
2019,2,17,29,11,11.86,38,19,67
2019,2,18,20,6,12.3,49,7,70
2019,2,19,20,13,8.72,51,9,70
2019,2,20,34,6,10.51,42,25,70
2019,2,21,33,13,10.07,46,24,66
2019,2,22,28,21,8.5,62,19,68
2019,2,23,35,20,10.07,59,27,69
2019,2,24,35,10,13.42,45,25,66
2019,2,25,41,7,9.4,49,35,70
2019,2,26,46,18,5.59,51,43,67
2019,2,27,27,12,8.95,54,18,69
2019,2,28,50,20,10.96,57,45,66
2019,3,1,47,30,13.2,53,41,70
2019,3,2,33,1,13.87,67,23,69
2019,3,3,6,-6,5.82,63,-5,69
2019,3,4,15,-5,4.03,58,8,68
2019,3,5,33,-1,6.93,55,26,67
2019,3,6,36,17,6.04,58,30,66
2019,3,7,51,22,5.59,64,51,65
2019,3,8,53,28,8.5,53,53,63
2019,3,9,48,27,11.63,51,43,67
2019,3,10,52,23,11.18,48,52,65
2019,3,11,54,29,6.71,52,54,64
2019,3,12,60,32,6.93,53,60,65
2019,3,13,43,26,32.88,77,32,67
2019,3,14,32,14,19.24,64,20,69
2019,3,15,39,14,12.97,55,31,67
2019,3,16,42,24,9.62,48,36,67
2019,3,17,49,26,7.83,48,45,67
2019,3,18,46,28,8.5,51,41,69
2019,3,19,46,27,10.07,56,41,70
2019,3,20,57,27,8.72,39,57,64
2019,3,21,60,30,13.65,36,60,64
2019,3,22,55,33,10.51,57,55,65
2019,3,23,45,31,9.84,63,39,67
2019,3,24,57,25,7.83,57,57,62
2019,3,25,56,31,7.61,54,56,60
2019,3,26,71,32,10.07,36,71,71
2019,3,27,73,44,10.74,37,73,73
2019,3,28,60,36,10.51,42,60,65
2019,3,29,42,31,10.74,61,35,67
2019,3,30,38,28,7.83,65,32,66
2019,3,31,49,25,7.83,51,45,66
2019,4,1,58,29,10.74,48,58,60
2019,4,2,55,32,6.26,52,55,64
2019,4,3,61,36,5.82,59,61,65
2019,4,4,66,35,7.61,50,66,66
2019,4,5,70,41,9.62,42,70,70
2019,4,6,69,44,7.16,38,69,69
2019,4,7,71,33,9.62,43,71,71
2019,4,8,76,38,10.51,39,76,76
2019,4,9,78,47,12.97,38,78,78
2019,4,10,56,17,18.57,55,56,61
2019,4,11,35,17,8.95,53,27,67
2019,4,12,41,23,9.84,53,34,67
2019,4,13,46,27,7.61,59,42,70
2019,4,14,66,28,11.41,48,66,66
2019,4,15,71,39,11.41,44,71,71
2019,4,16,69,34,8.05,50,69,69
2019,4,17,61,36,9.84,57,61,61
2019,4,18,62,36,10.51,49,62,60
2019,4,19,72,30,9.62,40,72,72
2019,4,20,80,48,10.51,32,80,80
2019,4,21,70,44,11.86,44,70,70
2019,4,22,46,40,8.05,67,41,67
2019,4,23,64,42,6.93,58,64,63
2019,4,24,72,44,8.5,42,72,72
2019,4,25,63,42,10.96,49,63,63
2019,4,26,77,43,10.51,40,77,77
2019,4,27,67,39,16.11,49,67,67
2019,4,28,78,41,20.8,41,78,78
2019,4,29,42,30,10.29,58,36,67
2019,4,30,39,32,8.28,60,33,70
2019,5,1,47,30,11.41,61,41,66
2019,5,2,64,31,9.17,49,64,64
2019,5,3,67,34,8.5,39,67,67
2019,5,4,72,41,7.61,34,72,72
2019,5,5,74,44,9.17,37,74,74
2019,5,6,70,46,9.4,46,70,70
2019,5,7,57,44,12.3,68,57,65
2019,5,8,51,33,14.32,69,51,61
2019,5,9,40,31,11.41,68,33,68
2019,5,10,56,31,6.26,59,56,61
2019,5,11,62,38,10.96,47,62,65
2019,5,12,72,38,8.5,47,72,72
2019,5,13,78,47,8.28,38,78,78
2019,5,14,80,49,9.62,37,80,80
2019,5,15,83,50,7.83,37,83,81
2019,5,16,81,54,11.86,40,81,80
2019,5,17,74,40,12.3,41,74,74
2019,5,18,62,37,8.95,52,62,65
2019,5,19,59,37,11.18,55,59,64
2019,5,20,44,32,9.62,72,38,66
2019,5,21,39,31,10.74,74,32,68
2019,5,22,51,30,7.61,62,51,61
2019,5,23,46,34,7.38,68,42,66
2019,5,24,71,34,10.51,44,71,71
2019,5,25,74,42,13.42,41,74,74
2019,5,26,76,46,10.29,43,76,76
2019,5,27,69,45,14.32,51,69,69
2019,5,28,59,41,11.41,60,59,65
2019,5,29,60,40,9.17,62,60,62
2019,5,30,68,42,7.61,51,68,68
2019,5,31,76,44,8.5,45,76,76
2019,6,1,73,49,9.84,46,73,73
2019,6,2,81,49,11.86,53,81,81
2019,6,3,82,50,9.62,43,82,83
2019,6,4,78,50,9.62,47,78,78
2019,6,5,78,50,8.28,53,78,78
2019,6,6,81,54,10.51,51,81,84
2019,6,7,86,55,9.4,41,86,81
2019,6,8,78,47,14.32,43,78,78
2019,6,9,63,42,6.71,52,63,65
2019,6,10,78,42,12.3,34,78,78
2019,6,11,78,49,9.62,37,78,78
2019,6,12,73,53,7.16,53,73,73
2019,6,13,86,49,9.62,43,86,82
2019,6,14,85,58,10.96,41,85,83
2019,6,15,79,50,9.62,49,79,79
2019,6,16,83,49,6.71,48,83,82
2019,6,17,75,49,6.93,66,75,75
2019,6,18,71,51,8.28,68,71,71
2019,6,19,83,50,7.83,57,83,81
2019,6,20,82,53,9.84,41,82,81
2019,6,21,67,49,10.29,53,67,67
2019,6,22,65,45,9.62,69,65,65
2019,6,23,65,44,8.5,56,65,65
2019,6,24,80,50,9.4,41,80,80
2019,6,25,83,51,12.75,36,83,83
2019,6,26,90,56,10.07,30,90,74
2019,6,27,94,53,10.74,30,94,77
2019,6,28,96,60,11.18,29,96,78
2019,6,29,96,66,9.84,34,96,78
2019,6,30,94,62,9.62,42,94,75
2019,7,1,85,62,8.72,55,85,83
2019,7,2,86,57,8.72,58,86,82
2019,7,3,92,54,8.95,42,92,77
2019,7,4,86,61,11.41,32,86,83
2019,7,5,81,59,10.07,47,81,83
2019,7,6,85,57,9.17,55,85,84
2019,7,7,90,57,8.72,49,90,75
2019,7,8,85,58,8.28,48,85,80
2019,7,9,91,54,7.83,37,91,77
2019,7,10,86,52,10.29,41,86,83
2019,7,11,96,63,9.62,43,96,74
2019,7,12,94,61,12.75,31,94,75
2019,7,13,97,57,10.51,42,97,77
2019,7,14,92,64,10.51,53,92,75
2019,7,15,92,62,11.41,46,92,75
2019,7,16,96,60,9.4,50,96,74
2019,7,17,97,72,12.08,33,97,74
2019,7,18,99,63,9.84,26,99,75
2019,7,19,101,61,8.72,23,101,74
2019,7,20,87,62,12.97,35,87,81
2019,7,21,88,58,8.05,58,88,79
2019,7,22,87,57,8.05,61,87,82
2019,7,23,90,61,8.28,56,90,78
2019,7,24,95,64,8.5,41,95,77
2019,7,25,90,64,10.29,53,90,77
2019,7,26,94,62,9.17,46,94,76
2019,7,27,89,65,6.71,49,89,81
2019,7,28,90,60,9.62,48,90,77
2019,7,29,94,57,11.41,39,94,78
2019,7,30,96,64,11.41,42,96,76
2019,7,31,92,64,10.51,42,92,77
2019,8,1,89,61,8.05,51,89,84
2019,8,2,89,61,8.28,59,89,80
2019,8,3,94,62,7.61,48,94,77
2019,8,4,95,68,9.17,37,95,75
2019,8,5,89,63,8.28,43,89,81
2019,8,6,97,61,9.17,37,97,77
2019,8,7,92,64,8.95,39,92,74
2019,8,8,84,63,7.83,60,84,84
2019,8,9,92,63,9.62,55,92,76
2019,8,10,84,61,8.95,45,84,81
2019,8,11,86,64,7.38,57,86,80
2019,8,12,89,56,7.83,42,89,84
2019,8,13,88,60,10.51,34,88,81
2019,8,14,93,55,10.51,49,93,75
2019,8,15,95,61,10.51,28,95,75
2019,8,16,90,57,8.5,34,90,76
2019,8,17,93,63,11.18,33,93,74
2019,8,18,95,55,8.28,33,95,74
2019,8,19,99,61,8.05,27,99,76
2019,8,20,98,64,9.62,30,98,78
2019,8,21,83,59,9.4,41,83,80
2019,8,22,93,57,11.18,42,93,78
2019,8,23,92,65,12.75,46,92,76
2019,8,24,88,55,9.17,35,88,79
2019,8,25,97,63,12.3,26,97,77
2019,8,26,80,57,8.72,33,80,80
2019,8,27,78,56,9.17,48,78,78
2019,8,28,92,51,8.72,34,92,76
2019,8,29,94,62,12.53,21,94,77
2019,8,30,88,56,7.16,41,88,84
2019,8,31,91,61,9.62,33,91,74
2019,9,1,98,64,7.16,30,98,75
2019,9,2,100,66,8.5,25,100,78
2019,9,3,83,62,10.51,32,83,82
2019,9,4,92,61,10.74,47,92,74
2019,9,5,98,66,11.63,36,98,78
2019,9,6,84,64,10.74,49,84,79
2019,9,7,89,60,8.5,50,89,82
2019,9,8,79,51,9.84,55,79,79
2019,9,9,83,54,7.61,50,83,81
2019,9,10,89,58,9.62,41,89,80
2019,9,11,82,52,9.17,41,82,80
2019,9,12,76,48,10.07,44,76,76
2019,9,13,81,45,6.71,35,81,79
2019,9,14,89,53,8.5,26,89,83
2019,9,15,90,56,10.96,28,90,74
2019,9,16,89,61,9.84,33,89,84
2019,9,17,88,57,9.62,37,88,83
2019,9,18,84,46,13.42,36,84,84
2019,9,19,87,53,12.3,33,87,80
2019,9,20,88,56,16.55,33,88,81
2019,9,21,80,46,15.66,25,80,80
2019,9,22,75,40,7.61,38,75,75
2019,9,23,82,48,7.61,26,82,79
2019,9,24,85,54,6.49,25,85,84
2019,9,25,80,49,6.71,31,80,80
2019,9,26,89,43,6.93,39,89,81
2019,9,27,79,46,12.53,42,79,79
2019,9,28,80,41,16.11,55,80,80
2019,9,29,89,46,17.9,33,89,81
2019,9,30,76,50,11.41,32,76,76
2019,10,1,53,42,10.96,56,53,63
2019,10,2,65,40,8.5,54,65,65
2019,10,3,70,44,11.18,37,70,70
2019,10,4,81,40,8.72,34,81,81
2019,10,5,67,37,11.86,25,67,67
2019,10,6,62,40,8.72,30,62,62
2019,10,7,78,39,8.5,20,78,78
2019,10,8,80,46,8.95,20,80,80
2019,10,9,83,28,15.21,23,83,81
2019,10,10,29,13,11.86,57,19,70
2019,10,11,50,9,9.17,36,46,64
2019,10,12,67,27,7.16,26,67,67
2019,10,13,73,35,8.28,23,73,73
2019,10,14,75,39,7.83,24,75,75
2019,10,15,59,32,7.61,29,59,65
2019,10,16,80,37,8.5,30,80,80
2019,10,17,81,51,11.18,21,81,81
2019,10,18,63,30,10.51,38,63,61
2019,10,19,63,27,7.38,34,63,62
2019,10,20,53,33,19.91,33,53,65
2019,10,21,53,28,7.16,40,53,60
2019,10,22,64,23,12.75,44,64,65
2019,10,23,53,31,12.3,50,53,60
2019,10,24,42,25,6.93,58,37,66
2019,10,25,64,28,10.74,43,64,62
2019,10,26,76,29,13.42,43,76,76
2019,10,27,29,17,11.86,61,19,68
2019,10,28,21,10,5.37,59,13,69
2019,10,29,18,7,12.3,58,5,70
2019,10,30,19,3,8.95,55,8,69
2019,10,31,42,7,5.82,43,38,70
2019,11,1,34,16,8.95,50,26,67
2019,11,2,44,16,6.71,43,40,66
2019,11,3,53,23,9.62,36,53,60
2019,11,4,50,29,7.61,48,46,61
2019,11,5,58,29,6.93,53,58,62
2019,11,6,60,26,11.41,43,60,63
2019,11,7,49,23,4.7,56,47,62
2019,11,8,70,25,7.61,34,70,70
2019,11,9,77,39,11.63,30,77,77
2019,11,10,66,23,11.63,29,66,66
2019,11,11,24,10,7.38,57,15,67
2019,11,12,64,16,8.95,29,64,60
2019,11,13,55,29,9.84,27,55,64
2019,11,14,55,29,8.5,57,55,62
2019,11,15,67,33,7.16,39,67,67
2019,11,16,64,34,9.84,39,64,64
2019,11,17,59,23,8.05,62,59,62
2019,11,18,67,37,10.74,42,67,67
2019,11,19,65,35,9.17,41,65,65
2019,11,20,51,29,11.18,47,51,61
2019,11,21,29,25,8.28,74,21,66
2019,11,22,32,25,7.61,67,25,67
2019,11,23,56,27,11.41,47,56,63
2019,11,24,64,30,15.21,37,64,61
2019,11,25,49,25,11.63,47,44,66
2019,11,26,25,1,14.76,77,12,68
2019,11,27,21,-2,8.28,62,11,68
2019,11,28,23,10,6.04,71,15,67
2019,11,29,26,7,7.16,74,18,69
2019,11,30,34,8,10.51,55,25,70
2019,12,1,29,8,9.17,47,20,67
2019,12,2,46,18,7.61,51,42,69
2019,12,3,51,27,8.95,54,51,61
2019,12,4,48,31,7.61,52,44,68
2019,12,5,41,30,8.28,66,35,70
2019,12,6,43,24,7.61,64,38,70
2019,12,7,58,28,7.61,49,58,61
2019,12,8,56,34,8.72,56,56,64
2019,12,9,38,20,8.05,61,32,69
2019,12,10,40,16,6.49,49,35,69
2019,12,11,51,24,9.62,45,51,63
2019,12,12,52,28,10.96,51,52,60
2019,12,13,47,24,12.08,53,41,66
2019,12,14,37,21,8.72,54,30,68
2019,12,15,31,17,4.25,64,26,68
2019,12,16,32,16,8.28,57,24,69
2019,12,17,42,15,11.63,42,35,69
2019,12,18,57,27,11.18,43,57,63
2019,12,19,44,20,6.71,37,40,67
2019,12,20,54,17,9.84,46,54,63
2019,12,21,65,29,11.18,40,65,65
2019,12,22,67,36,11.41,34,67,67
2019,12,23,62,37,7.38,32,62,64
2019,12,24,51,33,5.82,40,51,64
2019,12,25,54,23,8.05,50,54,65
2019,12,26,39,17,7.38,49,33,70
2019,12,27,35,20,4.7,55,30,69
2019,12,28,29,20,19.24,73,16,70
2019,12,29,30,3,9.4,45,21,66
2019,12,30,31,3,11.41,40,21,69
2019,12,31,44,18,12.08,38,37,70