Year,Month,Day,Max Temp (F),Min Temp (F),DHI (w/m2),DNI (w/m2),Wind Speed (m/s),Relative Humidity (%),Pressure (mbar)
2015,1,1,28.04,5.18,27,120,0.2,75.54,998
2015,1,2,34.34,13.64,30,127,0.4,73.16,993
2015,1,3,14,5.36,22,223,0.4,54.87,1017
2015,1,4,46.58,7.88,15,157,0.4,86.75,1001
2015,1,5,46.76,9.14,25,106,0.6,81.97,983
2015,1,6,9.32,2.84,24,190,0.5,64.41,1000
2015,1,7,11.12,-2.92,29,128,0.3,66.43,992
2015,1,8,8.42,-0.22,23,259,0.4,72.34,999
2015,1,9,38.48,1.76,30,12,0.5,84.9,1000
2015,1,10,22.46,12.92,28,210,0.4,71.51,1004
2015,1,11,24.44,12.92,29,144,0.4,73.26,1017
2015,1,12,39.02,24.44,31,7,0.3,95.11,1006
2015,1,13,26.6,0.86,34,160,0.5,76.78,1010
2015,1,14,21.2,-0.58,22,246,0.5,74.64,1015
2015,1,15,28.04,10.22,31,149,0.4,88.96,1001
2015,1,16,35.78,10.94,29,141,0.4,93.19,983
2015,1,17,10.94,1.76,28,238,0.6,71.1,1000
2015,1,18,41.72,1.58,36,140,0.5,84.84,1010
2015,1,19,45.5,33.8,22,3,0.5,99.73,988
2015,1,20,36.32,17.78,26,239,0.5,81.15,983
2015,1,21,20.48,10.22,21,279,0.4,63.55,1000
2015,1,22,23,8.42,30,1,0.4,79.46,1005
2015,1,23,25.7,18.86,24,251,0.4,73.53,1000
2015,1,24,49.64,25.7,39,48,0.3,92.61,983
2015,1,25,47.48,14.18,40,49,0.6,81.28,972
2015,1,26,19.94,10.58,22,306,0.4,57.61,1002
2015,1,27,25.88,13.1,33,21,0.7,79.86,990
2015,1,28,34.34,13.28,29,14,0.4,89.79,985
2015,1,29,23.36,9.86,22,305,0.5,82.69,1003
2015,1,30,26.96,14.72,44,74,0.3,83.32,996
2015,1,31,33.62,21.92,34,44,0.5,94.48,976
2015,2,1,21.92,3.56,40,164,0.8,80.58,987
2015,2,2,20.84,0.14,36,116,0.4,77.29,994
2015,2,3,21.2,5,29,290,0.6,86.26,988
2015,2,4,28.94,0.14,38,193,0.6,81.01,1008
2015,2,5,38.66,10.94,38,2,0.4,96.36,993
2015,2,6,11.84,3.56,31,287,0.5,81.24,994
2015,2,7,19.76,1.4,52,100,0.5,81.28,1000
2015,2,8,11.12,2.48,55,91,0.4,80.34,1008
2015,2,9,10.22,-0.04,53,121,0.5,80.8,1010
2015,2,10,20.84,6.44,51,27,0.4,84.38,1002
2015,2,11,13.1,3.74,44,163,0.5,84.38,999
2015,2,12,24.8,8.78,39,219,0.5,83.88,990
2015,2,13,15.44,2.3,52,63,0.5,83.33,983
2015,2,14,15.44,-3.28,33,312,0.4,78.21,1000
2015,2,15,35.24,8.24,30,43,0.8,90.66,966
2015,2,16,10.22,6.08,55,77,0.9,82.76,970
2015,2,17,20.84,5.72,37,272,0.4,82.1,997
2015,2,18,25.88,8.24,53,117,0.3,85.65,995
2015,2,19,32.54,20.66,43,10,0.4,91.59,985
2015,2,20,24.26,10.4,42,248,0.7,84.59,988
2015,2,21,28.22,6.44,35,337,0.5,81.18,1013
2015,2,22,41.9,25.7,48,3,0.4,96.42,1003
2015,2,23,29.3,-2.2,67,49,0.4,88.17,995
2015,2,24,11.48,-7.06,39,347,0.5,75.27,1000
2015,2,25,35.78,6.62,46,35,0.6,87.03,990
2015,2,26,19.4,11.66,58,93,0.4,78.87,998
2015,2,27,18.5,6.62,45,319,0.4,75.08,1006
2015,2,28,25.34,5.36,34,375,0.5,76.03,1018
2015,3,1,29.3,9.14,43,321,0.5,77.37,1017
2015,3,2,32,18.14,59,11,0.4,91.2,991
2015,3,3,18.5,7.88,43,355,0.7,77.66,1001
2015,3,4,39.02,13.28,69,128,0.4,91,989
2015,3,5,32,9.32,77,42,0.5,81.82,994
2015,3,6,19.22,0.68,41,378,0.4,70.85,1009
2015,3,7,29.84,7.88,67,192,0.4,79.63,1003
2015,3,8,33.08,19.4,62,225,0.4,80.16,999
2015,3,9,32.18,16.16,71,156,0.4,85.56,1000
2015,3,10,36.68,18.14,74,217,0.4,86.99,1007
2015,3,11,48.02,27.5,58,209,0.4,96.13,990
2015,3,12,28.58,12.38,83,71,0.6,72.88,997
2015,3,13,17.6,7.16,39,401,0.6,64.52,1010
2015,3,14,32,9.68,43,329,0.3,69.99,1009
2015,3,15,29.3,21.02,62,56,0.8,90.15,981
2015,3,16,23,17.96,82,42,0.8,84.37,983
2015,3,17,34.16,12.2,71,218,0.3,80.57,984
2015,3,18,25.52,18.32,84,23,0.8,89.39,972
2015,3,19,23.54,15.26,82,217,0.7,87.56,990
2015,3,20,30.2,14.18,43,399,0.6,84.53,1008
2015,3,21,35.96,16.88,94,123,0.4,92.66,999
2015,3,22,33.8,7.34,96,37,0.8,91.93,979
2015,3,23,17.06,6.98,97,163,0.6,83.6,993
2015,3,24,36.14,12.02,54,361,0.3,88.55,1005
2015,3,25,39.56,18.86,48,388,0.5,92.61,1010
2015,3,26,39.74,25.7,75,39,0.3,96.69,996
2015,3,27,37.76,32.9,79,5,0.2,99.45,990
2015,3,28,32.9,21.02,73,5,0.5,90.01,990
2015,3,29,34.52,19.04,50,402,0.5,83.12,998
2015,3,30,34.34,16.52,69,286,0.5,83.95,997
2015,3,31,40.1,29.66,101,73,0.3,94.86,984
2015,4,1,35.24,20.84,52,409,0.4,76.9,992
2015,4,2,35.24,17.24,53,383,0.5,68.82,1000
2015,4,3,52.52,26.78,89,120,0.2,97.54,992
2015,4,4,41.72,23.36,77,49,0.4,96.33,981
2015,4,5,33.26,17.6,61,318,0.5,64.61,999
2015,4,6,34.52,14.72,67,336,0.4,65.89,1010
2015,4,7,34.16,27.68,111,48,0.2,90.06,1010
2015,4,8,34.34,21.74,63,364,0.3,74.2,1013
2015,4,9,36.5,20.3,70,312,0.2,71.45,1016
2015,4,10,44.78,18.86,102,37,0.5,86.59,1002
2015,4,11,49.82,36.14,96,186,0.4,89.97,983
2015,4,12,49.1,33.8,67,378,0.4,81.28,1001
2015,4,13,53.06,33.44,66,368,0.3,86.67,1010
2015,4,14,47.48,36.68,92,90,0.3,97.07,1001
2015,4,15,49.28,24.44,58,418,0.3,78.19,1001
2015,4,16,41.36,24.26,57,433,0.4,68.23,1010
2015,4,17,56.48,30.74,99,191,0.4,88.04,994
2015,4,18,45.14,26.96,61,417,0.3,80.24,997
2015,4,19,44.42,26.6,68,407,0.3,72.58,1003
2015,4,20,51.08,28.4,66,358,0.3,79.98,1010
2015,4,21,42.08,33.98,106,17,0.6,97.12,1002
2015,4,22,48.92,35.42,118,164,0.2,97.49,990
2015,4,23,40.82,32.72,105,108,0.3,94.78,987
2015,4,24,42.98,31.28,102,121,0.2,89.86,980
2015,4,25,44.42,30.38,119,205,0.2,87.61,988
2015,4,26,46.04,28.76,111,238,0.2,86.35,984
2015,4,27,36.68,32.18,111,44,0.3,95.15,980
2015,4,28,37.04,32.54,139,117,0.4,95.28,977
2015,4,29,44.06,32.36,90,290,0.4,89.1,983
2015,4,30,43.34,32.36,103,52,0.4,92.24,992
2015,5,1,47.3,32.18,113,185,0.3,87.09,1000
2015,5,2,52.52,30.2,104,280,0.2,78.54,1000
2015,5,3,63.86,32.36,80,358,0.4,87.05,1000
2015,5,4,71.06,36.86,64,399,0.3,84.2,1003
2015,5,5,68.18,44.24,91,286,0.3,85.94,1000
2015,5,6,60.98,40.46,53,440,0.3,78.2,1000
2015,5,7,63.5,34.88,104,270,0.3,80.21,1000
2015,5,8,53.6,32.72,77,236,0.2,71.37,1010
2015,5,9,54.68,31.28,125,109,0.3,77.43,1010
2015,5,10,77.54,48.02,130,88,0.2,95.53,1000
2015,5,11,59,42.62,116,30,0.2,86.18,1005
2015,5,12,59.36,40.28,91,13,0.3,96.49,991
2015,5,13,57.56,37.94,105,101,0.5,89.52,990
2015,5,14,64.04,37.58,55,443,0.3,78.31,1005
2015,5,15,72.32,40.28,59,421,0.4,73.37,1010
2015,5,16,72.5,42.26,55,427,0.2,75.11,1010
2015,5,17,54.86,41.9,130,27,0.2,92.15,1010
2015,5,18,65.3,38.48,56,446,0.3,75.51,1008
2015,5,19,66.74,42.62,87,229,0.3,80.01,996
2015,5,20,57.56,44.24,81,42,0.3,93.6,985
2015,5,21,68.9,43.16,88,381,0.4,77.64,992
2015,5,22,48.02,41.18,71,2,0.3,95.8,995
2015,5,23,48.74,37.94,110,181,0.5,82.99,999
2015,5,24,63.86,37.22,102,266,0.4,85.79,1001
2015,5,25,80.24,48.2,96,333,0.3,84.39,1002
2015,5,26,59,49.82,111,35,0.3,96.95,1004
2015,5,27,78.8,49.82,108,264,0.3,90.38,1000
2015,5,28,74.12,52.88,138,134,0.3,94.13,1000
2015,5,29,74.12,50,106,148,0.2,91.27,1008
2015,5,30,73.04,49.46,129,202,0.3,90.05,1004
2015,5,31,71.6,41.9,58,111,0.3,96.28,1003
2015,6,1,48.2,41.72,110,8,0.3,95.48,1010
2015,6,2,43.16,40.82,80,3,0.4,97.82,1008
2015,6,3,55.04,41.18,119,61,0.4,91.32,1001
2015,6,4,63.32,38.84,132,167,0.3,83,1010
2015,6,5,61.34,39.38,93,346,0.2,86.89,1004
2015,6,6,52.88,40.46,80,2,0.3,98.19,995
2015,6,7,61.88,39.56,56,468,0.4,78.54,1001
2015,6,8,68.54,41.54,82,403,0.4,81.45,1000
2015,6,9,69.98,53.6,113,244,0.4,93.63,999
2015,6,10,62.06,49.82,124,77,0.3,95.99,990
2015,6,11,69.8,47.84,144,231,0.3,89.27,994
2015,6,12,78.62,56.3,127,247,0.3,89.16,990
2015,6,13,74.48,55.76,75,281,0.3,89.71,990
2015,6,14,59.54,44.24,147,162,0.4,83.87,998
2015,6,15,70.52,44.6,48,485,0.3,78.36,1002
2015,6,16,61.7,46.04,146,34,0.3,92.84,998
2015,6,17,68.36,51.44,69,444,0.4,81.65,997
2015,6,18,71.42,46.94,69,393,0.3,84.02,1000
2015,6,19,57.38,47.48,77,28,0.3,95.61,996
2015,6,20,70.34,49.82,75,411,0.3,81.97,1000
2015,6,21,63.32,48.02,118,80,0.4,91.11,998
2015,6,22,60.62,50.9,91,152,0.4,94.13,988
2015,6,23,64.04,50.18,139,96,0.3,89.07,1000
2015,6,24,71.78,53.96,97,231,0.3,87.9,990
2015,6,25,73.4,52.52,58,378,0.3,83.43,993
2015,6,26,66.38,46.04,127,249,0.2,86.14,1000
2015,6,27,66.74,42.44,78,380,0.3,82.4,1003
2015,6,28,57.38,45.86,121,13,0.4,92.72,1004
2015,6,29,71.78,53.6,77,329,0.3,92.02,992
2015,6,30,73.76,53.42,139,228,0.3,89.57,1000
2015,7,1,73.4,54.32,111,233,0.2,88.72,999
2015,7,2,76.46,56.66,98,306,0.3,91.73,990
2015,7,3,76.64,56.3,82,318,0.3,86.79,992
2015,7,4,79.52,54.86,122,226,0.3,86.86,1000
2015,7,5,78.62,57.56,128,191,0.2,84.07,1000
2015,7,6,78.26,56.12,93,347,0.2,84.51,1000
2015,7,7,78.98,57.56,113,297,0.3,88.2,1000
2015,7,8,76.46,58.64,131,93,0.3,94.8,996
2015,7,9,75.56,56.3,131,259,0.2,88.47,1000
2015,7,10,74.48,56.48,143,208,0.2,82.04,990
2015,7,11,78.8,55.58,126,270,0.3,84.73,1000
2015,7,12,77,55.76,108,219,0.3,90.01,995
2015,7,13,86,60.08,85,357,0.2,85.71,998
2015,7,14,79.34,57.56,98,297,0.3,89.85,994
2015,7,15,77.9,58.82,148,67,0.2,95,990
2015,7,16,72.5,53.24,56,441,0.4,82.82,994
2015,7,17,73.94,52.88,58,410,0.4,79.42,1000
2015,7,18,72.14,54.68,136,50,0.2,88.08,1000
2015,7,19,63.32,55.94,73,3,0.3,99.62,994
2015,7,20,69.98,60.62,104,63,0.2,98.73,990
2015,7,21,64.22,58.1,112,23,0.3,94.89,990
2015,7,22,69.44,58.64,77,47,0.2,95.73,983
2015,7,23,73.58,55.94,91,271,0.3,91.55,990
2015,7,24,67.46,53.42,117,75,0.3,97.38,994
2015,7,25,62.24,54.14,75,6,0.2,95.89,1000
2015,7,26,66.56,53.42,129,112,0.3,94.03,1000
2015,7,27,69.08,57.74,86,7,0.3,96.64,1000
2015,7,28,69.62,62.78,129,37,0.2,99.27,1000
2015,7,29,77.54,57.02,83,205,0.2,91.17,993
2015,7,30,79.34,54.68,62,337,0.2,86.13,995
2015,7,31,80.96,62.42,81,257,0.3,95.98,990
2015,8,1,82.4,60.26,83,351,0.2,87.83,990
2015,8,2,81.32,60.26,80,321,0.3,87,992
2015,8,3,80.78,59.18,66,394,0.3,86.56,1000
2015,8,4,79.34,64.22,112,197,0.3,95.71,1000
2015,8,5,80.24,57.74,104,215,0.2,91.05,990
2015,8,6,76.28,57.92,43,440,0.3,84.87,990
2015,8,7,76.64,57.74,73,316,0.3,86.17,998
2015,8,8,71.6,55.94,85,119,0.3,96.63,1000
2015,8,9,63.5,57.74,77,2,0.3,98.95,1000
2015,8,10,72.32,57.38,116,155,0.5,89.58,995
2015,8,11,73.04,54.68,92,299,0.4,88.45,1000
2015,8,12,72.32,62.96,95,9,0.3,99.28,992
2015,8,13,74.66,62.6,137,82,0.2,93.86,999
2015,8,14,80.06,60.62,72,331,0.3,88.23,1000
2015,8,15,80.24,58.64,91,250,0.3,91.03,1000
2015,8,16,82.94,61.16,90,275,0.2,90.83,1000
2015,8,17,84.56,63.32,90,278,0.2,88.97,1000
2015,8,18,83.66,61.52,77,291,0.2,89.71,1000
2015,8,19,84.92,63.14,70,314,0.2,89.57,1000
2015,8,20,80.06,62.78,67,307,0.2,91.2,1010
2015,8,21,78.98,68.72,121,119,0.3,95.75,1006
2015,8,22,75.74,70.7,123,36,0.2,97.58,1000
2015,8,23,78.8,68.54,131,71,0.2,94.08,1000
2015,8,24,77.18,62.96,121,95,0.3,93.42,995
2015,8,25,81.68,63.14,96,226,0.2,88.88,998
2015,8,26,67.1,61.52,94,20,0.3,93.96,1000
2015,8,27,72.5,60.62,64,60,0.3,97.64,995
2015,8,28,75.02,58.64,38,414,0.3,86.25,1000
2015,8,29,79.16,59,95,237,0.3,86.9,1000
2015,8,30,76.64,59.54,111,76,0.2,89.29,1000
2015,8,31,78.26,59.36,83,252,0.3,87.89,993
2015,9,1,65.66,50.9,105,157,0.5,83.45,997
2015,9,2,75.02,49.46,103,165,0.4,85.17,995
2015,9,3,81.32,51.98,76,258,0.3,88.47,992
2015,9,4,67.82,48.2,47,371,0.4,82.15,1003
2015,9,5,75.56,45.86,61,322,0.3,81.68,1005
2015,9,6,84.56,58.82,48,353,0.2,87.07,1000
2015,9,7,81.14,57.74,44,360,0.4,87.98,995
2015,9,8,74.66,57.92,65,12,0.3,94.84,995
2015,9,9,67.1,58.28,85,19,0.3,93.18,996
2015,9,10,77.36,66.38,57,13,0.2,97.52,993
2015,9,11,74.84,59.9,93,52,0.3,97.39,993
2015,9,12,69.62,54.86,79,66,0.3,96.85,990
2015,9,13,63.32,56.48,67,3,0.2,94.63,997
2015,9,14,75.2,55.4,92,57,0.3,97.18,992
2015,9,15,67.64,57.2,72,112,0.3,92.44,999
2015,9,16,74.3,54.32,53,312,0.4,90.01,1000
2015,9,17,82.76,53.96,43,343,0.3,88.61,1000
2015,9,18,83.48,61.88,43,318,0.3,88.67,1000
2015,9,19,74.3,58.64,44,335,0.3,90.33,1000
2015,9,20,75.56,52.16,78,145,0.3,94.06,999
2015,9,21,66.02,44.78,32,398,0.4,79.55,1005
2015,9,22,66.02,44.78,87,141,0.4,84.89,1010
2015,9,23,71.06,50.9,54,274,0.3,81.76,1005
2015,9,24,68,44.78,43,343,0.4,79.52,1008
2015,9,25,62.06,43.88,43,295,0.4,72.2,1010
2015,9,26,58.46,41.9,32,370,0.5,72.68,1010
2015,9,27,66.2,41.36,31,380,0.5,77.39,1010
2015,9,28,72.14,49.1,32,363,0.4,86.34,1005
2015,9,29,75.2,62.24,77,111,0.3,92.67,1003
2015,9,30,74.3,65.48,80,55,0.3,97.42,1000
2015,10,1,69.8,47.84,44,183,0.5,99.74,1001
2015,10,2,49.28,47.12,34,183,0.5,98.42,1009
2015,10,3,50.36,37.4,48,27,0.5,92.12,1010
2015,10,4,61.52,35.06,30,360,0.4,85.36,1010
2015,10,5,64.04,41.9,38,295,0.3,89.4,1006
2015,10,6,59.72,49.28,61,28,0.2,94.99,995
2015,10,7,65.48,46.76,38,242,0.4,89.85,990
2015,10,8,56.66,41.72,28,342,0.4,83.89,998
2015,10,9,58.28,38.48,54,174,0.4,78.53,998
2015,10,10,57.92,35.6,35,265,0.5,82.67,992
2015,10,11,54.14,37.22,55,11,0.4,89.05,995
2015,10,12,70.52,48.56,39,256,0.3,92.81,992
2015,10,13,66.02,51.44,34,5,0.2,100,986
2015,10,14,73.04,51.26,36,277,0.3,93.13,983
2015,10,15,61.34,37.58,36,261,0.4,85.48,993
2015,10,16,64.76,36.5,46,152,0.5,89.85,995
2015,10,17,52.34,33.62,28,289,0.3,83.26,998
2015,10,18,43.88,29.12,48,228,0.4,80.91,998
2015,10,19,40.46,29.3,24,340,0.4,78.06,1001
2015,10,20,56.48,33.44,43,36,0.4,91.54,1000
2015,10,21,51.08,33.8,25,336,0.5,77.87,1008
2015,10,22,57.56,30.92,56,27,0.5,81.85,1005
2015,10,23,55.22,32,38,169,0.4,84.07,998
2015,10,24,53.06,37.76,32,289,0.3,86.89,1010
2015,10,25,56.84,42.26,52,4,0.4,94.65,1003
2015,10,26,50,30.74,45,213,0.5,85.79,1006
2015,10,27,44.6,27.32,24,323,0.4,79.87,1015
2015,10,28,48.2,33.08,35,227,0.3,85.14,1017
2015,10,29,64.04,43.52,19,134,0.5,97.62,991
2015,10,30,55.22,35.78,36,214,0.6,77.73,984
2015,10,31,46.76,32,24,308,0.4,77.84,999
2015,11,1,52.88,36.14,33,134,0.3,96.47,997
2015,11,2,55.76,39.56,41,93,0.4,93.48,994
2015,11,3,43.34,37.22,40,8,0.3,94.92,1000
2015,11,4,44.96,33.62,41,42,0.4,91.99,1008
2015,11,5,44.96,36.32,51,26,0.2,92.51,1010
2015,11,6,59.36,41.72,31,12,0.3,99.24,995
2015,11,7,60.8,40.28,35,184,0.4,82.08,990
2015,11,8,41.54,32.54,42,164,0.6,68.65,998
2015,11,9,52.7,31.64,25,251,0.4,83.62,1010
2015,11,10,55.94,37.22,25,246,0.4,91.68,1005
2015,11,11,44.6,37.58,40,20,0.4,91.49,1000
2015,11,12,47.84,38.66,31,171,0.2,93.08,993
2015,11,13,56.84,43.16,27,78,0.3,99.38,980
2015,11,14,48.92,36.68,29,66,0.5,91.54,983
2015,11,15,39.74,35.6,34,93,0.6,84.09,991
2015,11,16,43.52,32.18,30,177,0.4,90.96,1000
2015,11,17,37.76,29.48,31,167,0.4,88.16,1011
2015,11,18,34.7,30.56,34,14,0.4,82.12,1020
2015,11,19,41.54,30.02,38,78,0.4,89.04,1015
2015,11,20,46.4,41.54,31,8,0.4,91.06,1010
2015,11,21,50.72,44.96,28,17,0.2,98.84,1005
2015,11,22,58.82,49.46,30,5,0.3,99.79,999
2015,11,23,59.36,32.72,15,93,0.5,99.04,986
2015,11,24,32.9,24.26,34,12,0.5,71.51,1002
2015,11,25,31.64,21.38,17,268,0.5,69.44,1023
2015,11,26,43.16,22.64,21,227,0.4,81.28,1029
2015,11,27,55.22,42.08,22,205,0.4,94.92,1012
2015,11,28,48.56,30.92,16,93,0.3,97.29,1000
2015,11,29,31.64,19.76,36,7,0.4,76.47,1002
2015,11,30,25.88,18.5,30,158,0.3,61.42,1010
2015,12,1,35.78,24.44,19,220,0.4,80.64,1010
2015,12,2,49.46,30.56,29,4,0.3,100,995
2015,12,3,49.82,32.18,20,1,0.3,100,981
2015,12,4,32.54,25.7,32,55,0.5,80.96,1002
2015,12,5,35.24,27.86,35,64,0.4,92.64,1016
2015,12,6,48.92,35.24,20,222,0.3,99.59,1010
2015,12,7,50.72,30.02,20,201,0.3,97.29,1000
2015,12,8,36.86,26.24,32,93,0.3,90.75,1002
2015,12,9,39.02,29.48,28,4,0.4,91.61,1001
2015,12,10,42.44,34.52,24,53,0.4,96.58,1003
2015,12,11,54.32,39.74,26,3,0.2,99.99,999
2015,12,12,51.08,36.86,21,75,0.3,97.84,994
2015,12,13,42.08,28.94,16,241,0.4,86.02,1000
2015,12,14,31.82,28.04,25,3,0.2,88.67,1000
2015,12,15,37.58,30.74,19,40,0.7,99.17,980
2015,12,16,35.24,28.04,22,189,0.5,92.25,996
2015,12,17,43.52,25.88,34,29,0.3,89.58,1007
2015,12,18,52.7,43.52,25,5,0.2,100,983
2015,12,19,49.1,27.32,23,144,0.6,80.36,982
2015,12,20,28.76,21.92,19,231,0.6,65.94,1001
2015,12,21,44.78,22.64,27,1,0.3,88.36,1005
2015,12,22,41.54,31.64,26,25,0.3,99.88,1003
2015,12,23,40.1,33.44,25,26,0.3,99.19,1006
2015,12,24,55.04,37.4,28,3,0.4,99.77,1002
2015,12,25,53.96,40.64,22,157,0.2,98.59,1000
2015,12,26,40.82,29.66,15,254,0.3,86.53,1009
2015,12,27,32.54,27.14,16,87,0.3,89.76,1000
2015,12,28,27.32,5.9,33,73,0.5,79.91,1005
2015,12,29,19.76,5.18,16,87,0.3,74.32,1016
2015,12,30,27.68,17.6,33,56,0.4,84.96,1010
2015,12,31,37.22,25.7,25,94,0.3,92.21,998
2016,1,1,32.72,23.54,16,126,0.4,91.44,990
2016,1,2,34.34,23,21,132,0.4,89,990
2016,1,3,36.86,27.68,19,3,0.3,93.96,990
2016,1,4,31.1,10.4,37,62,0.4,88.89,994
2016,1,5,16.52,6.44,29,166,0.6,80.65,1008
2016,1,6,33.26,12.38,21,256,0.6,87.83,1010
2016,1,7,35.42,22.46,23,234,0.5,88.9,1010
2016,1,8,28.4,17.78,29,164,0.4,84.68,1010
2016,1,9,27.68,21.56,36,24,0.4,85.37,1010
2016,1,10,44.42,25.88,38,90,0.4,94.94,1006
2016,1,11,49.1,24.26,33,92,0.5,93.01,985
2016,1,12,28.76,19.58,21,267,0.4,61.13,999
2016,1,13,33.8,21.2,27,106,0.6,88.27,975
2016,1,14,21.38,11.3,28,185,0.5,77.14,989
2016,1,15,21.56,10.58,22,280,0.6,76.53,996
2016,1,16,25.52,14.18,21,149,0.5,82.76,983
2016,1,17,31.64,24.26,35,10,0.4,91.19,989
2016,1,18,27.5,17.78,40,69,0.3,89.66,978
2016,1,19,18.32,11.48,38,58,0.5,86.71,971
2016,1,20,28.04,16.52,30,220,0.6,87.08,984
2016,1,21,21.56,14.36,30,206,0.5,86.46,990
2016,1,22,20.12,9.68,27,243,0.4,86.02,995
2016,1,23,19.76,6.62,29,200,0.3,86.05,1000
2016,1,24,26.96,13.82,29,193,0.4,87.43,990
2016,1,25,27.5,14,23,291,0.6,84.76,1003
2016,1,26,43.16,17.78,36,165,0.5,93.08,1001
2016,1,27,41.9,23.36,31,2,0.3,98.48,991
2016,1,28,34.16,17.06,23,298,0.3,77.45,999
2016,1,29,33.98,29.66,16,127,0.4,96.86,979
2016,1,30,29.66,24.08,36,1,0.5,84.65,991
2016,1,31,37.76,26.78,51,72,0.2,96.2,995
2016,2,1,43.7,33.98,46,103,0.3,100,988
2016,2,2,35.96,17.06,23,308,0.4,79.42,1004
2016,2,3,41.54,12.38,47,93,0.4,72.89,1012
2016,2,4,49.64,41.36,27,1,0.4,99.84,1000
2016,2,5,41.36,23.54,34,2,0.4,98.44,995
2016,2,6,26.78,17.96,25,293,0.5,76.43,1005
2016,2,7,39.56,16.16,36,154,0.5,83.95,1003
2016,2,8,24.26,15.44,36,4,0.6,75.12,995
2016,2,9,28.04,22.46,48,84,0.4,88.33,980
2016,2,10,29.48,17.24,47,71,0.4,87.6,984
2016,2,11,30.56,17.24,52,88,0.4,90.55,980
2016,2,12,21.38,7.16,38,225,0.5,85.05,995
2016,2,13,15.08,7.34,46,79,0.4,83.43,993
2016,2,14,13.46,2.48,51,160,0.5,85.21,995
2016,2,15,21.02,1.22,29,335,0.6,83.54,1016
2016,2,16,51.44,15.98,45,82,0.5,94.19,1010
2016,2,17,52.52,29.84,58,94,0.4,98.53,991
2016,2,18,37.04,23.72,39,288,0.3,79.8,1005
2016,2,19,32,18.86,29,338,0.4,65.13,1010
2016,2,20,43.52,21.38,50,46,0.5,85.75,1004
2016,2,21,44.24,34.52,51,17,0.3,100,990
2016,2,22,34.52,15.62,41,237,0.4,72.98,999
2016,2,23,28.58,10.58,30,336,0.3,56.4,1017
2016,2,24,45.32,18.5,41,6,0.4,91.49,1010
2016,2,25,56.48,39.92,25,180,0.5,99.98,983
2016,2,26,41.18,23.9,41,3,0.5,89.18,979
2016,2,27,31.64,17.96,28,363,0.5,62.7,995
2016,2,28,45.86,27.68,58,120,0.4,87.81,992
2016,3,1,41.9,23.18,41,279,0.5,77.78,995
2016,3,2,50.36,19.58,45,42,0.6,84.95,992
2016,3,3,33.26,12.56,40,283,0.8,64.36,994
2016,3,4,27.14,9.32,36,321,0.4,58.22,1010
2016,3,5,24.62,14.54,73,27,0.8,80.7,996
2016,3,6,29.12,12.38,42,343,0.5,73.51,1008
2016,3,7,37.22,21.74,48,301,0.5,82.6,1005
2016,3,8,42.08,23.18,52,309,0.4,82.9,1001
2016,3,9,41.18,21.38,48,8,0.4,87.93,1002
2016,3,10,44.24,28.4,84,23,0.3,91.27,997
2016,3,11,29.66,23.9,72,26,0.5,84.36,997
2016,3,12,34.34,20.48,79,170,0.4,83.14,999
2016,3,13,41.18,24.08,63,209,0.6,80.98,990
2016,3,14,36.14,20.3,40,384,0.4,62.29,1010
2016,3,15,35.24,19.22,77,154,0.4,81.41,1007
2016,3,16,47.66,33.26,87,107,0.3,99.44,995
2016,3,17,36.86,28.4,82,67,0.2,94.67,990
2016,3,18,38.84,22.64,54,7,0.3,95.67,984
2016,3,19,29.66,18.32,57,290,0.5,63.43,993
2016,3,20,31.82,14.54,39,420,0.4,57.52,1000
2016,3,21,37.94,21.02,54,134,0.5,88.59,985
2016,3,22,29.84,23.54,55,343,0.8,73.99,991
2016,3,23,39.56,21.56,76,53,0.4,92.33,997
2016,3,24,26.42,15.44,88,24,0.4,64.12,1009
2016,3,25,49.1,25.7,88,17,0.4,91.11,997
2016,3,26,38.3,20.84,89,157,0.5,82.33,1005
2016,3,27,39.02,20.66,73,277,0.2,75.61,1010
2016,3,28,48.02,29.12,93,92,0.3,96.6,995
2016,3,29,45.68,28.4,100,141,0.7,89.36,973
2016,3,30,45.5,25.7,41,401,0.4,70.38,999
2016,3,31,62.78,34.52,86,142,0.4,92.06,1000
2016,4,1,55.58,48.38,61,4,0.5,99.24,987
2016,4,2,51.08,41.72,48,2,0.2,97.04,981
2016,4,3,42.8,19.58,65,41,0.4,87.4,971
2016,4,4,30.74,15.98,61,351,0.6,52.63,998
2016,4,5,27.86,14.9,53,347,0.5,63.51,1000
2016,4,6,31.46,14.36,42,428,0.5,60.37,1008
2016,4,7,52.88,29.3,104,115,0.6,88.16,1004
2016,4,8,50.54,42.62,73,31,0.5,98.96,990
2016,4,9,49.1,32.36,84,238,0.2,90.22,990
2016,4,10,33.98,26.78,83,257,0.6,83.5,995
2016,4,11,42.8,24.8,73,271,0.4,82.37,1010
2016,4,12,54.86,42.98,110,67,0.5,99.34,1009
2016,4,13,51.62,29.84,106,171,0.3,89.34,1008
2016,4,14,43.7,28.76,113,119,0.5,80.91,1010
2016,4,15,34.52,29.66,78,3,0.7,89.92,1010
2016,4,16,38.48,29.84,117,24,0.6,86.96,1011
2016,4,17,52.7,28.22,67,339,0.2,78.47,1010
2016,4,18,46.58,26.6,104,196,0.3,77.75,1002
2016,4,19,46.76,25.7,92,281,0.2,73.41,1000
2016,4,20,47.66,27.14,59,343,0.5,73.82,1000
2016,4,21,65.66,31.82,54,309,0.4,78.86,993
2016,4,22,68.72,36.14,43,432,0.3,79.48,990
2016,4,23,60.98,39.74,88,47,0.3,87.68,990
2016,4,24,47.12,28.94,76,192,0.5,77.46,992
2016,4,25,47.48,27.68,61,407,0.4,74.27,998
2016,4,26,46.22,28.22,115,151,0.2,77.71,993
2016,4,27,51.98,28.4,52,431,0.3,75.74,990
2016,4,28,39.92,28.22,97,244,0.5,73.1,996
2016,4,29,50.18,26.6,42,480,0.3,66.27,1000
2016,4,30,57.38,30.2,47,451,0.2,72.5,1007
2016,5,1,59.36,32,55,431,0.3,71.91,1010
2016,5,2,54.68,36.14,132,99,0.3,77.77,1005
2016,5,3,51.62,38.48,115,22,0.3,96.34,990
2016,5,4,49.82,35.96,142,51,0.3,85.84,998
2016,5,5,45.86,37.76,103,6,0.3,97.68,991
2016,5,6,51.62,40.46,143,38,0.2,97.37,993
2016,5,7,57.02,39.92,131,103,0.2,92.75,997
2016,5,8,65.48,45.5,117,166,0.2,95.36,987
2016,5,9,53.78,39.02,76,302,0.6,75.32,989
2016,5,10,54.86,39.2,76,377,0.4,80.1,999
2016,5,11,56.66,39.38,97,325,0.4,77.09,1000
2016,5,12,62.42,36.5,68,322,0.4,78.97,1000
2016,5,13,59,33.98,110,287,0.3,77.01,1000
2016,5,14,64.4,44.06,90,90,0.2,97.57,986
2016,5,15,61.88,43.88,108,101,0.3,93.79,985
2016,5,16,50.18,38.12,134,75,0.6,83.28,984
2016,5,17,58.46,39.74,87,286,0.4,84.98,997
2016,5,18,66.92,42.44,54,439,0.3,75.59,1000
2016,5,19,65.66,41.36,102,303,0.3,78.34,1000
2016,5,20,66.2,45.14,127,209,0.3,86.41,1000
2016,5,21,79.34,53.78,79,365,0.3,80.23,1000
2016,5,22,61.7,51.26,122,29,0.3,89.48,998
2016,5,23,56.84,43.7,116,47,0.3,94.73,993
2016,5,24,64.22,42.08,142,85,0.2,96.04,1000
2016,5,25,69.62,48.2,107,242,0.2,92.18,1000
2016,5,26,69.44,42.98,129,104,0.3,92.94,1001
2016,5,27,54.86,42.44,132,31,0.2,88.21,1007
2016,5,28,66.56,42.08,148,66,0.3,89.84,1002
2016,5,29,63.32,41.54,126,140,0.2,82.3,1010
2016,5,30,59.9,45.14,95,15,0.3,98.8,998
2016,5,31,75.38,54.86,122,183,0.2,92.92,990
2016,6,1,62.06,38.3,54,451,0.3,83.22,1003
2016,6,2,57.2,35.24,59,458,0.2,81.36,1010
2016,6,3,58.28,44.24,156,131,0.2,92.69,1004
2016,6,4,69.26,46.76,148,107,0.1,92.17,1000
2016,6,5,70.52,48.02,142,147,0.2,92.59,1000
2016,6,6,55.4,47.66,119,37,0.3,98.42,991
2016,6,7,64.4,51.08,159,105,0.2,92.7,989
2016,6,8,66.56,51.98,81,105,0.3,94.45,978
2016,6,9,58.46,44.96,135,74,0.3,90.02,980
2016,6,10,56.12,44.96,120,95,0.3,90.92,987
2016,6,11,69.08,49.1,131,177,0.2,87.5,993
2016,6,12,56.12,50.9,76,22,0.2,97.48,983
2016,6,13,57.38,50.18,144,55,0.2,94.18,980
2016,6,14,51.62,47.12,102,9,0.3,95.56,983
2016,6,15,56.3,47.12,147,54,0.2,92.36,990
2016,6,16,54.86,44.24,116,39,0.2,87.36,990
2016,6,17,65.3,40.82,59,418,0.3,76.16,994
2016,6,18,74.48,42.8,47,493,0.2,73.52,1006
2016,6,19,80.42,53.78,50,477,0.3,74.23,1010
2016,6,20,74.12,50.36,49,490,0.3,77.77,1005
2016,6,21,71.42,53.42,134,147,0.3,90.48,990
2016,6,22,74.48,54.68,140,210,0.2,89.05,990
2016,6,23,74.48,53.6,85,239,0.3,87.39,992
2016,6,24,73.22,50.9,52,472,0.3,81.87,1000
2016,6,25,75.02,53.96,79,360,0.3,79.97,1009
2016,6,26,78.8,51.08,67,415,0.2,83.7,1007
2016,6,27,77.72,56.66,61,409,0.3,86.54,1000
2016,6,28,76.82,55.76,89,355,0.3,87.21,1000
2016,6,29,69.08,36.41,140,29,0.3,98.56,1000
2016,6,30,79.52,61.52,128,145,0.2,94.13,998
2016,7,1,80.06,55.94,101,365,0.2,85.52,1000
2016,7,2,67.28,54.5,131,38,0.3,96.45,994
2016,7,3,72.32,55.22,98,374,0.4,81.02,991
2016,7,4,80.78,53.96,54,441,0.3,82.02,994
2016,7,5,80.42,59.18,109,291,0.3,86.14,990
2016,7,6,72.14,51.26,134,143,0.3,87.65,993
2016,7,7,61.16,51.44,124,32,0.2,90.52,999
2016,7,8,59.9,51.44,129,15,0.3,93.17,996
2016,7,9,63.32,51.08,129,47,0.2,87.39,1000
2016,7,10,57.38,52.52,88,21,0.2,96.06,995
2016,7,11,69.26,54.14,131,208,0.4,89.63,993
2016,7,12,83.48,54.68,62,366,0.2,85.06,1000
2016,7,13,78.8,57.74,63,390,0.2,84.58,1000
2016,7,14,77.18,58.46,66,405,0.4,87.83,1000
2016,7,15,83.3,62.6,99,245,0.3,91.4,990
2016,7,16,86,62.42,76,381,0.2,87.66,999
2016,7,17,78.44,60.98,98,62,0.2,92.58,1000
2016,7,18,74.3,61.52,150,157,0.3,91.96,1000
2016,7,19,78.98,58.1,83,314,0.3,86.51,993
2016,7,20,74.66,55.4,52,446,0.4,82.38,1000
2016,7,21,82.4,57.92,83,346,0.3,85.48,1000
2016,7,22,76.28,58.64,111,281,0.3,92.38,993
2016,7,23,79.16,59.72,129,155,0.2,92.03,990
2016,7,24,84.74,58.82,89,240,0.1,84.91,992
2016,7,25,84.38,61.7,105,260,0.2,87.8,998
2016,7,26,73.22,61.34,93,25,0.3,94.85,990
2016,7,27,83.3,64.22,73,359,0.2,85.28,992
2016,7,28,82.76,61.34,86,317,0.3,86.24,1000
2016,7,29,80.96,61.7,142,111,0.2,93.19,1000
2016,7,30,81.5,64.76,92,235,0.3,87.63,998
2016,7,31,81.14,60.62,71,385,0.2,81.75,1000
2016,8,1,80.06,57.02,112,250,0.3,81.33,1000
2016,8,2,77.9,55.4,120,241,0.3,82.74,1000
2016,8,3,76.64,50.72,61,367,0.3,80.67,1000
2016,8,4,75.74,57.02,94,180,0.3,84.83,1000
2016,8,5,81.14,59,76,306,0.4,85.13,1000
2016,8,6,76.46,64.04,110,194,0.4,88.25,990
2016,8,7,80.96,62.06,93,284,0.3,85.24,990
2016,8,8,75.92,58.64,52,408,0.4,81.15,992
2016,8,9,73.76,54.14,49,425,0.4,80.29,1000
2016,8,10,82.22,55.76,85,285,0.3,80.09,1005
2016,8,11,84.2,62.78,112,178,0.2,88.64,1000
2016,8,12,78.44,58.64,115,51,0.2,92.96,990
2016,8,13,73.94,56.48,129,99,0.2,80.76,1000
2016,8,14,64.94,60.08,51,14,0.2,96.36,996
2016,8,15,71.06,58.82,118,40,0.2,90.69,1000
2016,8,16,78.8,56.84,87,269,0.2,84.14,1003
2016,8,17,73.04,58.1,73,39,0.4,97.84,993
2016,8,18,80.42,60.44,62,340,0.3,85.77,991
2016,8,19,76.82,58.28,79,322,0.3,82.19,993
2016,8,20,72.68,56.3,112,200,0.2,88.85,1000
2016,8,21,73.94,60.08,100,220,0.3,89.3,1000
2016,8,22,80.06,61.88,90,48,0.3,96.11,993
2016,8,23,74.3,56.48,37,431,0.5,81.43,999
2016,8,24,80.42,55.76,101,225,0.3,86.8,1000
2016,8,25,80.06,59.18,87,232,0.4,90.93,1000
2016,8,26,72.32,61.7,69,57,0.3,92.88,1000
2016,8,27,74.84,53.78,108,198,0.3,85.89,1003
2016,8,28,73.76,52.88,51,359,0.2,77.1,1010
2016,8,29,72.14,58.46,98,102,0.4,93.5,996
2016,8,30,73.4,55.76,75,315,0.3,80.47,1000
2016,8,31,77.36,58.28,103,162,0.3,86.52,995
2016,9,1,73.4,60.8,80,7,0.2,96.08,990
2016,9,2,63.86,49.64,92,109,0.5,89.43,996
2016,9,3,69.44,36.41,58,321,0.4,79.98,1002
2016,9,4,70.16,48.74,42,393,0.3,77.93,1010
2016,9,5,70.88,50,67,279,0.4,81.54,1010
2016,9,6,78.26,65.84,103,53,0.2,96.88,1002
2016,9,7,82.76,65.66,56,310,0.2,90.27,1000
2016,9,8,80.24,65.48,82,157,0.3,91.19,1000
2016,9,9,75.92,63.14,73,41,0.3,94.97,991
2016,9,10,78.98,59.72,35,379,0.2,83.95,1000
2016,9,11,76.46,55.58,88,114,0.5,92.39,996
2016,9,12,69.8,50.72,32,406,0.5,74.1,1000
2016,9,13,78.08,51.8,34,387,0.4,83.93,1000
2016,9,14,73.76,52.52,49,332,0.4,87.46,996
2016,9,15,62.06,47.3,80,173,0.5,76.78,1003
2016,9,16,67.46,44.96,44,362,0.5,75.83,1010
2016,9,17,69.62,46.4,43,334,0.4,85.31,1009
2016,9,18,73.58,56.3,80,75,0.4,91.02,1000
2016,9,19,72.14,62.6,54,9,0.2,99.2,1000
2016,9,20,74.12,61.88,72,98,0.2,96.09,1000
2016,9,21,75.2,59,50,310,0.3,82.87,1000
2016,9,22,71.78,53.06,35,359,0.4,80.37,1000
2016,9,23,53.08,52.16,71,4,0.4,94.05,998
2016,9,24,59.72,41.72,52,303,0.4,79.14,996
2016,9,25,54.14,40.28,75,211,0.4,88.98,993
2016,9,26,57.2,42.26,67,234,0.4,84.18,1000
2016,9,27,55.04,42.26,34,0,0.3,94.96,1000
2016,9,28,56.48,48.56,79,39,0.4,90.88,1008
2016,9,29,60.08,41.72,61,189,0.5,85.41,1010
2016,9,30,63.5,40.46,40,306,0.5,75.34,1013
2016,10,1,64.58,45.14,80,138,0.3,73.86,1010
2016,10,2,55.22,49.64,56,66,0.4,95.55,1003
2016,10,3,57.38,38.3,52,127,0.4,91.14,999
2016,10,4,58.1,35.06,29,363,0.5,82.02,1010
2016,10,5,65.3,39.74,28,367,0.4,86.74,1010
2016,10,6,69.44,45.5,27,365,0.3,89.24,1010
2016,10,7,72.68,49.28,47,266,0.3,87.49,1010
2016,10,8,71.78,49.64,32,322,0.4,86.67,1005
2016,10,9,68.72,50,78,53,0.2,96.45,1000
2016,10,10,50.36,43.7,23,241,0.9,94.88,990
2016,10,11,53.96,40.28,28,323,0.5,79.99,1008
2016,10,12,61.52,39.74,50,238,0.5,85.09,1010
2016,10,13,65.48,44.96,55,150,0.3,95.74,1004
2016,10,14,59.54,37.04,47,114,0.4,89.25,1003
2016,10,15,51.8,36.14,44,249,0.4,84.96,1010
2016,10,16,57.2,34.16,34,267,0.4,80.86,1002
2016,10,17,64.4,43.34,43,174,0.3,91.94,991
2016,10,18,59.36,42.62,29,300,0.3,89.09,1000
2016,10,19,68,48.02,39,72,0.3,98.98,993
2016,10,20,59.18,41.72,25,316,0.4,85.87,1008
2016,10,21,64.58,47.3,26,38,0.4,96.58,1003
2016,10,22,68,56.84,38,8,0.4,99.9,979
2016,10,23,56.84,40.64,49,91,0.7,82.22,980
2016,10,24,55.04,38.66,30,288,0.5,77.82,988
2016,10,25,45.32,35.42,45,79,0.4,88.9,993
2016,10,26,50.18,34.34,47,125,0.3,96.72,1003
2016,10,27,46.4,32.18,56,103,0.4,90.9,1013
2016,10,28,48.2,30.74,45,17,0.5,94.69,1007
2016,10,29,53.24,46.58,45,144,0.4,99.66,990
2016,10,30,48.2,41.54,32,49,0.3,96.45,990
2016,10,31,48.38,41.18,49,9,0.3,94.92,997
2016,11,1,46.22,40.64,34,86,0.3,95.57,1009
2016,11,2,50,39.92,49,115,0.2,93.38,1005
2016,11,3,47.66,42.98,46,39,0.2,96.13,997
2016,11,4,47.12,33.8,27,2,0.2,97.82,993
2016,11,5,39.74,29.66,41,164,0.3,85.14,1000
2016,11,6,38.66,33.62,27,115,0.3,97.53,1003
2016,11,7,44.06,27.68,35,226,0.4,88.33,1010
2016,11,8,51.62,27.5,20,296,0.5,87.17,1000
2016,11,9,57.74,32,36,172,0.2,96.45,990
2016,11,10,43.16,33.26,32,150,0.3,88.79,990
2016,11,11,54.86,36.32,26,68,0.3,91.14,979
2016,11,12,41.54,30.92,21,274,0.3,82.05,995
2016,11,13,51.62,37.76,31,198,0.3,87.73,993
2016,11,14,56.48,37.04,27,226,0.4,95.63,1000
2016,11,15,56.48,39.92,37,152,0.2,98.46,1000
2016,11,16,55.04,50.18,20,145,0.2,100,995
2016,11,17,52.52,47.48,42,23,0.2,99.86,993
2016,11,18,47.84,43.16,15,145,0.3,99.48,1000
2016,11,19,48.02,43.16,18,80,0.3,99.68,994
2016,11,20,53.24,41,18,239,0.2,99.97,980
2016,11,21,50,34.88,25,209,0.3,92.75,980
2016,11,22,38.3,32.54,37,11,0.2,94.9,986
2016,11,23,40.64,33.08,36,93,0.3,95.41,993
2016,11,24,38.84,31.46,28,188,0.3,87.76,1009
2016,11,25,36.5,31.64,31,4,0.3,79.15,1010
2016,11,26,41.36,29.12,29,163,0.2,88.02,1005
2016,11,27,34.88,31.1,20,145,0.5,97.87,988
2016,11,28,35.96,30.92,26,67,0.3,88.62,993
2016,11,29,35.6,30.2,27,163,0.3,88.93,1007
2016,11,30,36.14,32.18,29,84,0.3,99.75,998
2016,12,1,46.58,32.36,25,40,0.3,99.8,986
2016,12,2,39.92,31.82,29,152,0.4,93.89,982
2016,12,3,38.48,28.22,36,95,0.3,93.4,984
2016,12,4,32.9,25.7,31,117,0.3,85.26,997
2016,12,5,29.12,22.28,28,153,0.2,71.59,1000
2016,12,6,33.08,21.92,18,233,0.2,76.51,1000
2016,12,7,30.38,21.74,33,48,0.2,79.01,1000
2016,12,8,39.02,28.04,27,7,0.2,91.84,992
2016,12,9,31.46,23.54,26,151,0.3,82.8,987
2016,12,10,23.54,9.68,23,124,0.3,68.92,999
2016,12,11,20.84,8.6,23,207,0.3,69.48,1009
2016,12,12,32.9,11.3,16,124,0.3,84.22,998
2016,12,13,30.74,18.14,32,114,0.4,87.81,994
2016,12,14,35.24,17.6,18,1,0.3,90.85,994
2016,12,15,29.66,5.9,19,124,0.4,87.41,982
2016,12,16,5.9,1.22,27,167,0.7,77.25,994
2016,12,17,39.38,2.66,37,34,0.4,85.95,1005
2016,12,18,52.34,32.18,11,124,0.3,99.92,993
2016,12,19,32,6.98,25,160,0.3,52.98,1016
2016,12,20,22.82,4.28,16,257,0.2,66.87,1015
2016,12,21,38.66,22.28,23,142,0.2,89.53,998
2016,12,22,35.78,24.8,16,124,0.2,93.65,1000
2016,12,23,33.62,27.68,25,76,0.2,91.66,1003
2016,12,24,42.8,31.1,34,21,0.2,97.13,1003
2016,12,25,36.86,16.34,18,90,0.5,75.39,999
2016,12,26,24.26,11.84,17,243,0.2,64.8,1018
2016,12,27,50.18,24.26,10,44,0.3,94.59,988
2016,12,28,33.62,24.44,29,68,0.2,90.96,994
2016,12,29,37.04,21.38,20,217,0.2,84.37,1000
2016,12,30,46.58,29.12,28,149,0.5,88.05,976
2016,12,31,29.66,19.04,20,225,0.3,78.3,995
2017,1,1,41.9,26.24,15,75,0.3,94.83,998
2017,1,2,33.8,21.56,19,241,0.3,79,1011
2017,1,3,30.92,18.32,21,217,0.1,76.19,1009
2017,1,4,47.12,30.92,23,186,0.4,97.68,982
2017,1,5,40.28,24.8,33,105,0.4,79.6,987
2017,1,6,31.28,19.4,15,1,0.2,78.06,1000
2017,1,7,19.22,11.66,36,43,0.3,67,1007
2017,1,8,23.36,9.14,35,14,0.4,86.02,992
2017,1,9,9.32,1.04,23,239,0.5,82.76,1015
2017,1,10,32,2.48,27,208,0.5,85.09,1022
2017,1,11,42.8,29.48,30,19,0.4,96.64,1013
2017,1,12,50,29.48,15,5,0.3,99.93,1003
2017,1,13,47.3,13.64,27,191,0.5,78.07,1000
2017,1,14,16.34,7.16,17,291,0.3,52.36,1013
2017,1,15,23.9,5.9,29,170,0.2,67.96,1004
2017,1,16,32.36,5.18,23,265,0.2,68.62,1008
2017,1,17,29.48,36.41,25,259,0.3,73.41,1004
2017,1,18,26.96,9.86,23,254,0.2,77.88,1005
2017,1,19,32.54,21.56,34,11,0.3,87.61,1000
2017,1,20,29.84,25.7,35,1,0.3,90.32,997
2017,1,21,33.98,23.72,21,1,0.2,86.34,993
2017,1,22,30.38,25.34,36,13,0.2,85.57,993
2017,1,23,32,23.36,21,295,0.2,75.6,1002
2017,1,24,37.76,19.4,31,19,0.4,87.25,996
2017,1,25,44.6,33.98,37,34,0.4,99.91,974
2017,1,26,41,32.72,29,85,0.3,94.11,974
2017,1,27,39.56,30.56,35,39,0.5,86.04,968
2017,1,28,32.36,25.88,44,115,0.5,70.31,973
2017,1,29,37.22,24.8,42,50,0.3,83.76,985
2017,1,30,35.78,25.88,27,95,0.2,83.18,990
2017,1,31,27.32,17.6,38,193,0.3,68.36,994
2017,2,1,30.56,12.38,42,122,0.2,78.81,995
2017,2,2,29.66,19.4,33,255,0.3,81.65,992
2017,2,3,20.48,10.58,27,301,0.4,67.13,1000
2017,2,4,15.8,8.6,27,297,0.3,69.37,1000
2017,2,5,32.72,5.72,43,106,0.2,77.41,996
2017,2,6,32.18,12.92,32,160,0.4,76.14,990
2017,2,7,14.36,5.72,27,277,0.4,63.84,1007
2017,2,8,43.16,10.04,36,2,0.3,92.92,988
2017,2,9,32.9,19.94,40,136,0.5,79.77,984
2017,2,10,20.84,2.84,57,70,0.7,79.57,985
2017,2,11,14.18,1.22,53,106,0.3,71.7,1008
2017,2,12,26.78,36.41,34,268,0.4,79.09,1007
2017,2,13,28.22,21.38,7,187,0.8,89.15,977
2017,2,14,26.06,19.22,43,14,0.7,89.26,983
2017,2,15,27.14,19.58,63,32,0.2,87.37,989
2017,2,16,29.12,22.64,25,1,0.7,90.01,963
2017,2,17,28.58,22.28,50,43,0.5,89.92,973
2017,2,18,35.24,18.5,52,160,0.3,87.67,987
2017,2,19,42.98,31.28,56,50,0.3,98.52,984
2017,2,20,31.28,24.08,65,63,0.4,90.91,997
2017,2,21,32.72,20.12,32,348,0.5,87.64,1008
2017,2,22,43.16,19.94,38,300,0.4,89.25,1000
2017,2,23,42.8,28.58,39,310,0.3,97.51,993
2017,2,24,51.98,37.22,48,221,0.3,99.83,997
2017,2,25,54.14,35.96,58,184,0.3,100,998
2017,2,26,51.08,26.24,61,120,0.4,88.22,984
2017,2,27,37.94,22.28,43,326,0.4,71.15,1005
2017,2,28,41.54,26.78,45,318,0.3,77.25,1010
2017,3,1,46.4,33.44,38,187,0.3,98.85,993
2017,3,2,49.46,23,58,148,0.5,89.92,972
2017,3,3,27.32,13.64,39,287,0.6,52.61,993
2017,3,4,13.46,6.62,53,145,0.6,52.13,1000
2017,3,5,24.98,6.98,55,255,0.7,58.6,1000
2017,3,6,29.66,14,50,258,0.4,70.47,1008
2017,3,7,40.28,17.06,45,308,0.3,76.06,1013
2017,3,8,47.66,30.2,30,187,0.4,98.76,997
2017,3,9,43.52,25.34,73,170,0.5,86,987
2017,3,10,27.5,14.54,45,295,0.5,54.01,989
2017,3,11,14.36,-2.92,42,317,0.7,55.7,987
2017,3,12,14.72,-3.28,72,206,0.5,62.63,994
2017,3,13,30.38,8.78,51,325,0.3,70.37,1006
2017,3,14,42.62,16.16,74,127,0.7,79.98,1004
2017,3,15,43.16,26.42,66,116,0.4,90.38,980
2017,3,16,32.9,24.98,84,100,0.5,74.49,985
2017,3,17,28.58,20.48,85,157,0.3,80.25,997
2017,3,18,34.52,21.56,79,198,0.5,82.16,1008
2017,3,19,33.44,20.12,75,139,0.4,87.35,1008
2017,3,20,34.88,28.22,96,60,0.6,95.31,994
2017,3,21,39.02,27.14,45,347,0.6,84.55,988
2017,3,22,44.24,19.76,69,242,0.4,90.51,987
2017,3,23,19.76,11.84,80,238,0.8,63.01,1000
2017,3,24,29.48,11.66,71,230,0.4,66.39,1009
2017,3,25,38.66,23.36,97,140,0.3,86.34,1003
2017,3,26,32.54,18.32,43,423,0.5,61.78,1010
2017,3,27,53.08,22.1,97,45,0.4,68.89,1010
2017,3,28,31.28,24.8,81,109,0.3,89.74,1000
2017,3,29,30.02,26.78,92,18,0.3,87.65,995
2017,3,30,30.38,26.24,94,11,0.8,86.42,993
2017,3,31,31.46,24.98,106,23,0.6,83.07,1000
2017,4,1,40.46,22.28,80,240,0.3,85.96,1000
2017,4,2,33.08,27.5,110,64,0.4,88.91,991
2017,4,3,35.96,26.78,87,248,0.5,84.47,994
2017,4,4,44.24,25.34,60,339,0.3,80.51,1000
2017,4,5,37.04,29.66,115,116,0.4,83.76,1000
2017,4,6,44.24,31.82,103,138,0.4,94.81,1000
2017,4,7,52.88,36.86,89,28,0.4,97.52,982
2017,4,8,45.5,33.98,100,196,0.3,94.45,982
2017,4,9,48.38,34.16,95,170,0.3,88.53,996
2017,4,10,52.34,32.54,110,135,0.3,83.34,1007
2017,4,11,73.58,38.3,76,266,0.2,88.14,1000
2017,4,12,57.56,35.06,86,244,0.2,91.99,1000
2017,4,13,58.1,35.6,81,311,0.3,87.29,1000
2017,4,14,51.98,35.06,85,214,0.3,82.13,1008
2017,4,15,59,35.42,52,390,0.3,78.94,1004
2017,4,16,64.22,37.58,86,43,0.3,96.45,993
2017,4,17,51.62,29.84,98,44,0.3,88.51,992
2017,4,18,41.54,20.84,82,250,0.4,69.17,1012
2017,4,19,41,17.6,55,414,0.3,65.42,1016
2017,4,20,36.86,26.06,99,11,0.2,77.97,1010
2017,4,21,51.08,26.96,95,288,0.3,82.37,1007
2017,4,22,42.8,24.98,114,40,0.2,82.27,1000
2017,4,23,40.82,31.82,88,9,0.3,91.69,998
2017,4,24,58.82,32.72,84,264,0.3,91.07,1003
2017,4,25,54.68,27.5,69,348,0.3,72.6,1012
2017,4,26,51.44,39.02,72,2,0.3,97.38,1010
2017,4,27,59.54,49.28,59,36,0.3,98.45,1000
2017,4,28,60.08,47.3,126,49,0.2,94.76,1000
2017,4,29,68.72,42.44,105,132,0.3,88.33,994
2017,4,30,52.34,38.12,52,422,0.5,71.29,1003
2017,5,1,41.18,34.88,99,10,0.3,89.86,1006
2017,5,2,55.76,37.4,104,12,0.4,99.27,989
2017,5,3,62.24,47.48,106,140,0.3,87.21,988
2017,5,4,59.18,41.9,52,410,0.4,75.96,1002
2017,5,5,59.18,39.38,142,111,0.4,80.23,1009
2017,5,6,59.72,48.38,88,5,0.5,98.48,1000
2017,5,7,60.62,51.08,87,4,0.4,97.47,990
2017,5,8,59,37.76,76,310,0.3,88,994
2017,5,9,54.5,38.48,82,27,0.2,89.6,995
2017,5,10,47.66,39.56,134,76,0.1,95.51,998
2017,5,11,48.56,38.48,118,57,0.3,94.85,1000
2017,5,12,57.56,37.58,108,173,0.3,87.51,1000
2017,5,13,64.94,36.32,50,420,0.2,83.36,1000
2017,5,14,48.92,35.42,126,175,0.5,88.24,994
2017,5,15,50.18,43.52,128,26,0.3,94.84,980
2017,5,16,53.96,40.1,86,51,0.3,94.63,986
2017,5,17,70.52,48.02,69,350,0.3,83.82,990
2017,5,18,85.46,50.9,102,295,0.2,88.71,990
2017,5,19,85.64,48.02,104,225,0.3,88.08,990
2017,5,20,53.42,42.26,113,238,0.5,76.69,1002
2017,5,21,57.2,40.1,55,472,0.5,70.19,1003
2017,5,22,67.46,40.82,101,297,0.3,80.64,1003
2017,5,23,54.14,44.42,118,12,0.4,98.7,996
2017,5,24,64.58,46.04,154,83,0.2,90.39,992
2017,5,25,65.66,42.26,143,106,0.2,86.28,1000
2017,5,26,49.46,42.8,86,5,0.3,97.6,988
2017,5,27,51.44,42.44,115,24,0.3,93.83,991
2017,5,28,59.18,39.38,134,76,0.1,93.32,1000
2017,5,29,60.62,39.74,107,192,0.1,91.12,1001
2017,5,30,61.88,37.76,93,314,0.2,81.25,1010
2017,5,31,61.88,40.64,136,149,0.3,89.34,1005
2017,6,1,71.78,50.54,109,225,0.2,91.67,994
2017,6,2,69.44,48.74,104,285,0.2,86.65,990
2017,6,3,63.5,43.7,117,221,0.2,90.84,990
2017,6,4,56.3,41.9,102,64,0.3,89,993
2017,6,5,55.4,41.72,151,51,0.3,84.2,1000
2017,6,6,62.78,41.36,146,118,0.3,87.85,996
2017,6,7,69.26,39.56,51,470,0.2,78.91,993
2017,6,8,81.14,44.06,59,439,0.3,83,1000
2017,6,9,59.18,49.46,89,7,0.4,95.35,984
2017,6,10,70.34,50.72,56,472,0.3,81.3,995
2017,6,11,78.26,48.74,78,375,0.4,85.61,994
2017,6,12,83.3,59.72,77,352,0.1,82.97,993
2017,6,13,86.36,57.02,91,282,0.3,91.41,990
2017,6,14,61.88,41.9,80,239,0.4,83.11,994
2017,6,15,62.42,41.36,150,204,0.3,83.16,1001
2017,6,16,64.04,43.52,132,205,0.3,87.13,1010
2017,6,17,60.44,51.08,89,3,0.4,99.52,1005
2017,6,18,75.38,55.76,140,112,0.2,93.11,1000
2017,6,19,75.2,60.62,133,174,0.4,94.77,1000
2017,6,20,65.66,57.02,111,28,0.4,96.49,995
2017,6,21,72.32,55.76,164,135,0.3,91.17,992
2017,6,22,77,53.24,77,406,0.3,84.78,990
2017,6,23,74.66,51.8,147,152,0.2,89.75,990
2017,6,24,66.74,60.08,78,24,0.4,95.97,985
2017,6,25,81.14,58.1,61,422,0.2,84.84,990
2017,6,26,78.98,55.22,79,301,0.3,84.71,993
2017,6,27,74.3,53.06,77,381,0.2,85.1,1000
2017,6,28,71.06,51.44,99,263,0.3,90.71,1000
2017,6,29,73.22,53.06,113,257,0.3,85.38,1000
2017,6,30,62.06,54.14,113,29,0.3,97.98,1000
2017,7,1,62.6,56.66,90,17,0.2,97.46,1000
2017,7,2,71.6,57.56,140,93,0.3,99.37,994
2017,7,3,78.98,58.64,98,345,0.3,89.72,990
2017,7,4,75.02,57.02,116,285,0.2,87.19,998
2017,7,5,75.38,53.42,76,407,0.2,78.77,1003
2017,7,6,74.66,53.78,51,472,0.3,84.22,1004
2017,7,7,73.76,53.42,147,131,0.3,90.22,998
2017,7,8,75.02,62.42,105,42,0.2,95.55,990
2017,7,9,79.16,59.9,111,190,0.3,90.91,992
2017,7,10,79.34,57.38,64,382,0.3,87.22,1000
2017,7,11,73.58,58.46,128,77,0.3,92.37,1000
2017,7,12,78.8,61.7,127,171,0.2,89.57,1000
2017,7,13,63.14,51.26,89,32,0.3,85.58,1000
2017,7,14,73.58,48.74,71,368,0.3,82.08,1000
2017,7,15,73.76,48.74,129,222,0.3,83,995
2017,7,16,75.74,56.66,136,119,0.2,91.08,998
2017,7,17,79.34,54.68,118,260,0.2,89.44,1002
2017,7,18,73.94,61.7,131,73,0.2,94.51,1002
2017,7,19,80.06,61.52,123,205,0.2,89.54,1000
2017,7,20,84.02,62.78,106,311,0.2,88.12,992
2017,7,21,84.74,63.86,99,273,0.3,90.15,990
2017,7,22,73.76,57.38,88,366,0.3,83.48,990
2017,7,23,71.78,53.06,57,451,0.3,76.22,992
2017,7,24,71.78,49.82,117,202,0.2,80.36,1000
2017,7,25,60.44,52.7,91,6,0.4,95.93,1000
2017,7,26,73.94,50.9,44,469,0.3,82.09,1000
2017,7,27,68.54,53.42,141,138,0.4,89.26,1000
2017,7,28,69.62,56.48,116,85,0.3,92,990
2017,7,29,72.32,59.72,146,106,0.2,85.55,997
2017,7,30,74.66,57.56,64,358,0.4,84.24,994
2017,7,31,80.24,58.1,56,427,0.3,81.59,1000
2017,8,1,82.04,57.56,55,410,0.3,85.46,1000
2017,8,2,79.52,58.1,52,421,0.2,82.89,1000
2017,8,3,78.08,60.26,76,332,0.2,87.99,1008
2017,8,4,79.52,36.41,84,295,0.3,86.66,1002
2017,8,5,77.18,63.5,69,343,0.3,88.27,1000
2017,8,6,72.5,57.74,98,79,0.4,95.32,994
2017,8,7,74.12,54.32,46,442,0.4,80.6,1000
2017,8,8,62.78,55.76,70,4,0.3,96.91,996
2017,8,9,75.38,53.6,44,441,0.3,83.59,1001
2017,8,10,79.16,59,67,353,0.3,85.97,1010
2017,8,11,79.88,58.46,65,341,0.2,86.03,1007
2017,8,12,69.8,58.64,72,15,0.3,99.14,1000
2017,8,13,71.78,60.98,124,68,0.3,96.27,990
2017,8,14,79.16,59.36,54,394,0.3,85.22,1000
2017,8,15,78.08,58.1,88,262,0.3,82.08,1000
2017,8,16,77.72,54.86,111,190,0.3,91.74,990
2017,8,17,70.34,51.62,85,317,0.5,79.92,992
2017,8,18,73.22,36.41,117,173,0.3,81.24,1000
2017,8,19,66.74,57.92,57,1,0.5,97.56,999
2017,8,20,78.44,62.78,83,227,0.3,91.27,992
2017,8,21,81.14,61.7,76,308,0.3,84.93,1000
2017,8,22,86.18,60.44,86,279,0.3,87.06,999
2017,8,23,69.08,63.86,46,1,0.4,96.64,990
2017,8,24,77.18,58.82,89,228,0.2,86.24,992
2017,8,25,75.38,55.94,87,239,0.2,84.59,1000
2017,8,26,67.28,53.06,77,301,0.4,85.54,1002
2017,8,27,67.28,52.34,77,144,0.3,86.89,1010
2017,8,28,71.06,48.02,40,414,0.4,79.16,1010
2017,8,29,73.22,48.38,52,355,0.3,77.81,1007
2017,8,30,64.58,54.32,95,11,0.3,86.31,996
2017,8,31,74.48,53.42,79,240,0.3,87.76,990
2017,9,1,62.42,48.38,90,170,0.5,80.36,990
2017,9,2,56.84,46.4,105,88,0.5,82.75,1002
2017,9,3,62.24,45.86,102,142,0.4,86.39,1007
2017,9,4,69.26,55.04,96,189,0.6,88.96,990
2017,9,5,71.6,54.32,65,280,0.4,89.84,998
2017,9,6,77.72,65.66,85,164,0.4,93.87,1000
2017,9,7,72.14,60.26,70,2,0.4,99.72,995
2017,9,8,73.04,52.52,60,289,0.3,88.07,1000
2017,9,9,71.24,52.16,41,373,0.3,83.31,1000
2017,9,10,64.94,48.92,99,116,0.4,88.91,1000
2017,9,11,65.12,48.2,97,166,0.6,89.89,996
2017,9,12,69.98,51.26,60,306,0.4,82.71,990
2017,9,13,76.1,51.98,40,365,0.3,84.33,990
2017,9,14,77.72,55.4,48,320,0.3,86.79,992
2017,9,15,74.66,58.1,78,142,0.2,88.38,1000
2017,9,16,77,60.26,91,169,0.2,93.31,1000
2017,9,17,67.46,58.82,77,45,0.2,94.28,1003
2017,9,18,65.66,61.16,62,64,0.3,94.56,1010
2017,9,19,70.52,61.16,61,17,0.3,94.98,1007
2017,9,20,71.42,64.04,86,28,0.2,100,1000
2017,9,21,70.52,48.2,38,349,0.3,83.51,1000
2017,9,22,67.1,46.22,78,198,0.3,84.27,1001
2017,9,23,77.9,53.6,55,196,0.2,93.44,1000
2017,9,24,76.1,55.4,69,220,0.2,88.62,1000
2017,9,25,78.26,59.18,51,275,0.2,89.27,1000
2017,9,26,84.02,58.64,72,217,0.3,89.98,1000
2017,9,27,69.26,57.2,79,75,0.3,94.33,995
2017,9,28,71.42,47.12,29,1,0.4,99.57,988
2017,9,29,56.3,42.44,67,187,0.4,83.64,993
2017,9,30,55.22,40.46,77,124,0.3,84.22,1005
2017,10,1,61.16,39.02,30,357,0.5,77.23,1005
2017,10,2,56.3,41.36,65,201,0.5,82.24,1008
2017,10,3,58.28,39.56,54,236,0.4,80.9,1018
2017,10,4,69.44,42.98,41,289,0.4,89.22,1005
2017,10,5,71.6,50.36,42,273,0.3,89.99,998
2017,10,6,65.12,50.36,34,144,0.3,85.85,1000
2017,10,7,66.56,46.76,47,274,0.4,84.95,1006
2017,10,8,73.04,59.54,73,60,0.4,96.05,1000
2017,10,9,73.58,59.54,65,79,0.2,94.47,1000
2017,10,10,70.7,57.92,56,135,0.3,95.72,993
2017,10,11,58.64,52.34,30,319,0.4,79.09,1002
2017,10,12,52.88,37.4,30,327,0.4,75.88,1010
2017,10,13,55.58,36.14,31,314,0.4,77.87,1017
2017,10,14,62.42,41.9,51,11,0.4,91.78,1006
2017,10,15,64.58,52.7,57,71,0.4,95.34,996
2017,10,16,69.98,45.14,47,206,0.4,85.67,992
2017,10,17,49.46,35.96,52,197,0.4,79.61,1000
2017,10,18,60.62,36.14,44,154,0.5,84.43,1002
2017,10,19,63.86,40.28,26,316,0.6,81.55,1005
2017,10,20,63.68,45.5,31,282,0.4,79.49,992
2017,10,21,53.42,37.58,25,322,0.5,74.54,1004
2017,10,22,51.8,35.42,25,320,0.5,78.27,1015
2017,10,23,62.06,35.24,30,282,0.4,84.61,1011
2017,10,24,70.16,51.8,34,254,0.3,95.33,1010
2017,10,25,69.08,59.54,60,85,0.3,97.87,1000
2017,10,26,68.72,58.28,57,120,0.6,91.39,996
2017,10,27,60.98,44.6,36,239,0.4,87.42,997
2017,10,28,57.74,41,24,300,0.4,82.6,1000
2017,10,29,63.32,44.96,26,290,0.5,85.24,1000
2017,10,30,64.04,51.8,32,14,0.7,94.94,989
2017,10,31,59,43.16,42,198,0.5,79.76,994
2017,11,1,54.68,39.74,27,272,0.4,81.09,1010
2017,11,2,58.1,37.22,51,117,0.4,88.23,1014
2017,11,3,64.22,48.56,54,67,0.3,98.55,1000
2017,11,4,48.74,31.46,24,295,0.5,76.43,1005
2017,11,5,52.16,29.84,48,108,0.4,78.68,1015
2017,11,6,63.86,48.74,28,13,0.4,96.68,998
2017,11,7,60.08,35.42,44,93,0.4,83.61,1002
2017,11,8,53.08,36.41,33,10,0.3,90.74,1010
2017,11,9,44.96,35.06,23,268,0.3,85.7,1004
2017,11,10,55.04,23,11,179.81,0.6,82.57,994
2017,11,11,35.6,22.46,28,240,0.5,63.85,1005
2017,11,12,35.24,21.38,47,98,0.4,67.67,1016
2017,11,13,42.44,26.24,32,193,0.4,73,1010
2017,11,14,38.66,31.46,42,9,0.4,93.17,1007
2017,11,15,43.88,29.12,46,53,0.3,96.89,1010
2017,11,16,47.3,26.6,36,66,0.3,91.47,998
2017,11,17,50.72,33.26,39,35,0.5,95.05,980
2017,11,18,37.58,30.38,29,139,0.4,80.66,989
2017,11,19,59.36,32.18,28,1,0.4,98.38,980
2017,11,20,41.72,24.44,35,13,0.5,75.38,984
2017,11,21,48.38,22.1,19,246,0.4,73.89,1000
2017,11,22,60.8,46.94,31,142,0.3,99.02,996
2017,11,23,57.2,28.76,22,167,0.5,84.08,986
2017,11,24,42.44,28.58,19,247,0.4,84,998
2017,11,25,53.96,36.14,26,173,0.3,96.59,994
2017,11,26,50.18,29.12,30,4,0.4,98.87,982
2017,11,27,33.98,20.48,32,54,0.4,71.48,993
2017,11,28,30.2,19.22,18,253,0.3,60.57,1008
2017,11,29,49.82,28.22,9,127,0.4,95.27,997
2017,11,30,35.78,24.62,17,254,0.3,74.36,1008
2017,12,1,47.3,32.72,22,127,0.3,97.28,1001
2017,12,2,41.36,33.26,23,81,0.3,99.2,1004
2017,12,3,37.76,32.18,30,9,0.2,94.76,1008
2017,12,4,37.04,30.56,24,48,0.3,95.27,1010
2017,12,5,40.82,30.56,37,43,0.3,94.48,1010
2017,12,6,53.24,39.2,12,127,0.4,98.23,995
2017,12,7,41.72,31.82,23,193,0.3,88.08,990
2017,12,8,40.1,30.2,24,181,0.3,87.62,998
2017,12,9,38.48,32.72,23,2,0.3,97.44,996
2017,12,10,38.3,27.86,36,29,0.3,98.62,982
2017,12,11,35.06,28.4,37,27,0.3,90.92,998
2017,12,12,44.78,24.98,28,68,0.4,92.8,995
2017,12,13,53.24,24.8,30,8,0.5,94.02,968
2017,12,14,32.9,18.32,30,137,0.6,67.91,980
2017,12,15,26.24,16.52,20,228,0.4,58.37,995
2017,12,16,22.28,12.92,35,73,0.4,68.84,990
2017,12,17,23.9,6.62,19,253,0.4,67.81,999
2017,12,18,23,5,27,166,0.2,67.93,1001
2017,12,19,39.38,21.38,10,127,0.2,96.13,989
2017,12,20,39.2,25.16,17,234,0.4,90.81,982
2017,12,21,25.34,15.44,17,243,0.5,64.58,995
2017,12,22,23.9,13.28,18,240,0.3,63.59,1008
2017,12,23,53.24,17.06,31,5,0.3,86.19,1003
2017,12,24,52.16,23.72,20,212,0.4,84.55,999
2017,12,25,46.94,22.64,20,82,0.5,77.54,987
2017,12,26,29.12,14,32,104,0.5,60.57,998
2017,12,27,14.9,5.72,22,32,0.6,56.57,1000
2017,12,28,8.96,1.76,29,111,0.5,70.03,1000
2017,12,29,17.42,6.8,31,64,0.2,76.74,1000
2017,12,30,17.24,6.98,19,240,0.3,75.34,991
2017,12,31,13.82,5.72,19,245,0.4,72.22,992
2018,1,1,13.64,9.14,34,13,0.8,81.59,999
2018,1,2,11.48,7.52,32,8,0.9,80.09,1001
2018,1,3,25.7,6.08,24,183,0.7,84.52,1010
2018,1,4,49.64,22.28,20,179.81,1.4,97.73,988
2018,1,5,42.62,11.66,31,45,1.9,78.32,967
2018,1,6,11.84,2.48,28,141,1.6,67.96,986
2018,1,7,11.84,1.4,28,143,1.3,74.31,1004
2018,1,8,37.76,11.66,35,57,0.7,86.82,1005
2018,1,9,37.76,19.22,34,23,0.8,95.67,994
2018,1,10,27.14,16.16,19,251,1.1,76.84,1011
2018,1,11,47.3,21.2,34,70,0.8,98.3,1012
2018,1,12,55.76,42.8,36,60,1,99.75,1007
2018,1,13,59.72,28.4,38,39,1.3,99.55,995
2018,1,14,28.94,17.24,34,13,0.8,73.5,1014
2018,1,15,23.9,17.24,36,73,1,69.14,1023
2018,1,16,26.78,19.22,36,66,0.8,87.9,1015
2018,1,17,29.66,19.04,41,49,0.5,89.4,1012
2018,1,18,32,16.52,33,94,0.7,97.3,995
2018,1,19,20.3,10.94,29,149,1,90.18,996
2018,1,20,37.94,15.62,35,31,1,95.27,989
2018,1,21,37.94,19.94,20,277,0.8,81.39,1001
2018,1,22,21.2,9.5,23,222,0.9,66.94,1013
2018,1,23,50,12.56,32,16,1.1,89.52,1006
2018,1,24,51.62,19.4,33,128,1,92.51,987
2018,1,25,25.7,11.84,27,233,1.1,61.61,1000
2018,1,26,18.14,7.16,22,245,0.9,70.68,1014
2018,1,27,40.64,9.14,33,84,0.9,83.58,1017
2018,1,28,45.5,33.98,29,6,0.7,99.93,1006
2018,1,29,33.98,19.22,32,1,0.9,80.76,1012
2018,1,30,24.26,14.54,33,22,1.4,89.06,991
2018,1,31,19.76,11.48,24,256,1.3,86.4,996
2018,2,1,39.74,14.72,46,14,0.8,94.96,1003
2018,2,2,44.6,8.96,40,3,1,95.37,990
2018,2,3,10.76,2.84,28,232,1.2,69.05,1008
2018,2,4,37.94,36.41,52,47,1,88.79,1015
2018,2,5,52.16,23.18,42,6,1.4,97.22,991
2018,2,6,28.04,18.86,50,96,0.5,71.28,1013
2018,2,7,46.94,19.4,40,119,0.7,82.14,1015
2018,2,8,49.64,19.22,38,6,1,85.64,1000
2018,2,9,25.16,12.2,31,189,0.7,69.82,1016
2018,2,10,43.7,24.26,41,13,0.8,96.96,1014
2018,2,11,44.78,30.56,50,11,0.7,99.72,1005
2018,2,12,49.46,22.46,23,2,0.9,90.59,1002
2018,2,13,22.46,13.28,22,343,1,65.65,1022
2018,2,14,53.08,13.28,47,46,0.8,85.02,1010
2018,2,15,45.5,29.3,33,234,0.4,98.91,996
2018,2,16,41,29.12,12,3,0.5,99.94,985
2018,2,17,29.12,14.18,22,347,1,63.13,1008
2018,2,18,30.02,18.14,29,4,0.8,88.95,1006
2018,2,19,36.86,21.02,38,256,0.6,86.28,1019
2018,2,20,41,32.72,62,43,0.5,99.71,1012
2018,2,21,51.08,32.9,42,153,0.7,99.71,1007
2018,2,22,42.08,21.74,29,295,0.8,70.77,1017
2018,2,23,31.82,16.34,31,308,0.7,61.58,1020
2018,2,24,40.64,25.88,52,75,0.9,88.43,1000
2018,2,25,29.66,21.92,55,83,0.8,69.66,1013
2018,2,26,39.02,27.68,50,10,0.9,98.71,1000
2018,2,27,39.2,26.24,52,245,0.8,86.29,1004
2018,2,28,47.12,25.34,44,215,0.6,93.32,1002
2018,3,1,35.42,28.76,38,1,0.9,91.11,1003
2018,3,2,44.96,29.66,47,243,1.3,86.77,997
2018,3,3,47.48,32,50,99,1.5,86.71,997
2018,3,4,36.32,30.38,45,1,1.3,85.82,999
2018,3,5,41.54,29.66,72,76,1.4,83.66,998
2018,3,6,38.48,28.94,72,51,1.3,81.68,998
2018,3,7,39.74,28.76,75,27,1,82.01,1002
2018,3,8,37.76,31.28,39,11,1.5,93.97,992
2018,3,9,36.68,31.28,77,20,0.8,98.68,986
2018,3,10,35.96,30.2,56,257,1,93.63,984
2018,3,11,36.14,28.76,69,163,0.8,95.2,992
2018,3,12,33.44,25.7,79,78,0.7,88.58,1003
2018,3,13,35.42,25.7,83,22,1.7,92.67,989
2018,3,14,38.3,32,75,143,1.6,86.78,975
2018,3,15,37.94,30.92,61,266,1,89.52,974
2018,3,16,36.32,25.16,78,111,1,80.25,977
2018,3,17,25.52,12.2,75,193,1.3,64.02,981
2018,3,18,27.68,12.2,34,405,1.1,66.48,987
2018,3,19,28.22,13.64,40,377,1.1,69.59,987
2018,3,20,32.9,20.66,63,251,0.9,76.2,994
2018,3,21,41,18.14,72,168,0.9,83.57,998
2018,3,22,37.58,28.22,85,65,1.1,93.46,986
2018,3,23,32.72,29.48,89,56,0.9,93.49,991
2018,3,24,53.08,29.3,96,73,1,89.76,999
2018,3,25,29.48,21.92,88,26,1.2,81.64,1013
2018,3,26,36.5,20.3,40,391,0.8,77.28,1024
2018,3,27,49.46,18.5,37,401,1,78.06,1017
2018,3,28,43.16,33.08,98,31,0.6,98.31,999
2018,3,29,47.12,32,58,260,0.7,86.12,1001
2018,3,30,50.72,33.8,91,22,0.7,96.74,995
2018,3,31,42.98,31.28,68,263,0.8,80.4,999
2018,4,1,44.06,31.1,108,49,0.9,87.78,1000
2018,4,2,37.04,27.32,93,213,0.6,74.75,1003
2018,4,3,45.86,25.88,81,238,0.5,72.68,1008
2018,4,4,52.88,32.18,70,15,1,98.64,992
2018,4,5,48.38,23.72,59,299,1.3,70.08,988
2018,4,6,37.76,20.84,40,411,1,60.02,1001
2018,4,7,38.48,30.74,57,3,0.6,97.1,992
2018,4,8,35.42,26.96,58,8,0.7,92.94,992
2018,4,9,31.64,22.46,51,389,1.3,73.58,996
2018,4,10,41.54,21.02,54,414,0.8,73.4,1008
2018,4,11,45.5,26.24,50,376,0.5,77.16,1006
2018,4,12,45.86,27.5,91,174,0.5,84.55,1005
2018,4,13,50,34.34,72,20,0.9,95.43,997
2018,4,14,42.08,25.88,53,3,0.8,74.58,1003
2018,4,15,36.14,21.74,105,150,0.7,54.17,1019
2018,4,16,40.28,21.2,110,48,0.9,74.51,1017
2018,4,17,49.28,35.6,50,26,1.2,97.91,991
2018,4,18,45.68,36.86,98,58,0.8,90.35,986
2018,4,19,48.74,34.16,77,24,0.6,90.98,991
2018,4,20,39.92,29.3,89,24,0.6,92.66,994
2018,4,21,46.4,31.1,115,81,0.6,81.92,1004
2018,4,22,51.62,31.82,45,427,0.5,74.76,1008
2018,4,23,58.82,33.62,45,440,0.6,66.59,1014
2018,4,24,63.14,35.96,49,426,0.8,73.63,1013
2018,4,25,60.44,35.96,111,143,0.7,86.46,1010
2018,4,26,54.86,44.96,46,13,1.2,97.99,997
2018,4,27,64.58,41.18,73,332,0.6,88.13,999
2018,4,28,57.74,44.6,47,22,0.7,97.03,999
2018,4,29,58.46,46.4,83,82,0.5,91.6,998
2018,4,30,52.7,39.56,46,23,0.7,94.3,1002
2018,5,1,48.38,38.66,68,3,0.4,89.89,999
2018,5,2,68.18,37.94,104,208,0.7,89.79,996
2018,5,3,59.72,40.46,109,22,0.5,89.6,999
2018,5,4,52.52,39.2,76,2,0.4,91.74,998
2018,5,5,63.86,36.41,56,385,1,82.53,993
2018,5,6,70.34,45.68,100,177,0.6,85.49,1004
2018,5,7,56.84,38.84,94,193,0.6,84.61,1003
2018,5,8,58.82,36.68,47,466,0.5,78.93,1011
2018,5,9,53.08,38.66,111,249,0.4,84.1,1010
2018,5,10,50.9,39.92,67,73,0.8,88.88,1000
2018,5,11,63.5,38.3,100,278,0.7,79.35,995
2018,5,12,56.12,33.8,69,426,0.6,71.4,1007
2018,5,13,65.66,37.22,49,466,0.5,77.7,1006
2018,5,14,62.06,36.68,46,470,0.6,80.26,1001
2018,5,15,62.6,45.14,93,184,0.7,91.11,996
2018,5,16,57.38,39.38,78,385,0.6,71.49,1007
2018,5,17,68,42.08,138,64,0.6,89.34,1003
2018,5,18,58.1,38.48,46,472,0.5,69.52,1013
2018,5,19,61.7,37.4,87,345,0.6,72.43,1016
2018,5,20,65.12,50.9,65,5,0.9,95.77,997
2018,5,21,69.62,45.32,54,403,0.6,75.9,1001
2018,5,22,60.98,43.88,132,233,0.6,74.29,1007
2018,5,23,64.58,36.86,100,67,0.6,81.23,997
2018,5,24,55.76,33.44,71,394,0.7,71.41,1003
2018,5,25,66.74,42.08,71,14,0.8,89.77,992
2018,5,26,63.32,49.82,76,23,0.6,88.61,993
2018,5,27,60.08,34.16,52,460,0.6,76.26,1011
2018,5,28,60.98,36.14,97,264,0.6,84.84,1006
2018,5,29,70.52,43.52,88,176,0.6,90.49,998
2018,5,30,65.12,42.8,60,469,0.6,69.03,1006
2018,5,31,79.7,47.3,53,463,0.5,74.53,1003
2018,6,1,85.1,57.74,76,363,0.5,80.45,995
2018,6,2,66.74,41.18,60,20,0.9,93.98,991
2018,6,3,49.46,32.54,121,234,1.1,71.94,1003
2018,6,4,55.22,30.56,91,322,0.7,71.84,1003
2018,6,5,44.78,38.66,68,18,1,92.02,992
2018,6,6,48.56,39.56,67,11,0.4,82.89,996
2018,6,7,65.12,38.3,77,358,0.5,82.45,1006
2018,6,8,63.86,47.84,106,179,0.7,90.04,1005
2018,6,9,69.08,47.12,114,242,0.5,79.02,1000
2018,6,10,64.76,41.9,111,183,0.6,80.87,1001
2018,6,11,56.84,39.74,125,159,0.6,75.18,1005
2018,6,12,69.08,38.84,101,353,0.8,76.9,1002
2018,6,13,79.52,46.76,89,226,0.8,83.69,996
2018,6,14,48.74,44.78,46,3,0.7,95.63,990
2018,6,15,67.1,43.88,54,395,0.6,82.43,994
2018,6,16,77.72,47.12,132,145,0.5,82.39,997
2018,6,17,71.24,42.8,70,410,0.5,72.09,1006
2018,6,18,58.64,46.76,38,1,0.9,94.02,998
2018,6,19,72.86,52.88,92,233,0.8,86.83,986
2018,6,20,78.98,52.52,47,461,0.6,76.56,993
2018,6,21,53.08,52.88,104,180,0.5,84.45,993
2018,6,22,70.7,46.04,44,495,0.5,75.33,1003
2018,6,23,68.54,48.02,134,167,0.5,85.36,1003
2018,6,24,72.14,56.66,100,145,0.5,90.14,993
2018,6,25,59.18,44.96,40,1,1,94.75,995
2018,6,26,65.66,43.16,85,391,0.9,76.14,1003
2018,6,27,80.96,50,48,473,0.8,79.61,1002
2018,6,28,69.8,53.78,120,57,0.9,92.19,1005
2018,6,29,77.9,60.62,86,187,0.8,95.52,998
2018,6,30,84.38,59.36,75,383,0.3,81.29,1001
2018,7,1,78.44,55.58,108,50,0.3,89.21,1003
2018,7,2,73.58,52.7,130,232,0.4,86.96,1007
2018,7,3,82.58,59.36,97,317,0.6,87.92,1007
2018,7,4,89.78,64.94,49,453,0.5,81.65,1008
2018,7,5,84.74,64.94,102,335,0.4,85.64,1008
2018,7,6,82.22,65.48,68,196,0.9,92.94,997
2018,7,7,71.42,53.6,40,488,0.7,77.38,1006
2018,7,8,79.34,54.5,80,404,0.6,78.16,1011
2018,7,9,80.78,55.4,50,455,0.8,77.32,1005
2018,7,10,77.18,54.68,52,457,0.7,83.21,999
2018,7,11,77.36,56.12,124,73,0.3,90.37,1000
2018,7,12,73.76,56.12,75,309,0.5,75.13,1005
2018,7,13,73.04,53.42,110,189,0.4,77.81,1012
2018,7,14,70.34,49.82,86,137,0.5,84.91,1008
2018,7,15,77.54,57.56,143,77,0.2,89.15,1002
2018,7,16,83.48,60.08,90,269,0.4,85.36,1000
2018,7,17,78.8,60.26,104,279,0.6,88.11,999
2018,7,18,72.68,64.04,66,7,0.7,96.54,995
2018,7,19,76.1,56.12,139,171,0.4,82.26,1001
2018,7,20,79.34,56.48,72,406,0.4,78.43,1009
2018,7,21,70.34,58.46,87,46,0.6,92.69,1008
2018,7,22,76.1,59.9,104,127,0.6,94.35,1012
2018,7,23,82.04,68.72,84,328,0.6,88.42,1014
2018,7,24,82.4,68.54,47,445,0.5,88.86,1014
2018,7,25,81.86,69.98,59,400,0.7,87.23,1009
2018,7,26,77.18,67.1,79,13,1,93.22,1003
2018,7,27,80.96,63.32,132,137,0.7,88.81,1002
2018,7,28,80.42,62.42,98,151,0.5,90.1,1004
2018,7,29,81.5,64.22,84,202,0.6,91.79,1001
2018,7,30,80.78,63.68,79,359,0.6,81.22,1003
2018,7,31,81.86,63.68,115,210,0.5,82.19,1005
2018,8,1,85.28,63.5,65,395,0.4,79.31,1007
2018,8,2,80.42,61.52,76,281,0.8,87.64,1003
2018,8,3,86.9,67.82,52,406,0.5,81.55,1005
2018,8,4,86.36,65.48,58,304,0.4,86.61,1006
2018,8,5,77,61.88,84,64,0.6,97.13,1002
2018,8,6,86,61.88,69,314,0.4,82.95,1001
2018,8,7,89.24,66.2,69,241,0.4,83.46,998
2018,8,8,80.06,65.84,118,47,0.4,85.62,997
2018,8,9,74.3,65.84,112,77,0.7,92.54,995
2018,8,10,81.86,60.8,79,305,0.6,83.05,994
2018,8,11,79.34,58.82,52,421,0.5,73.81,1002
2018,8,12,82.04,61.7,102,254,0.4,76.09,1007
2018,8,13,81.32,59.18,88,295,0.4,77.54,1006
2018,8,14,77,62.24,101,64,0.5,91.33,1001
2018,8,15,78.8,65.84,83,211,0.6,91.16,997
2018,8,16,80.6,59.72,97,241,0.5,86.2,998
2018,8,17,73.4,58.28,112,190,0.5,76.33,1004
2018,8,18,68.9,57.02,39,3,0.8,95.37,996
2018,8,19,72.68,57.92,104,138,0.7,82.67,1002
2018,8,20,72.68,53.96,103,204,0.7,83.42,1008
2018,8,21,73.94,50,80,297,0.4,81.77,1006
2018,8,22,70.88,63.14,87,49,0.8,92.92,996
2018,8,23,75.92,59.54,120,137,0.7,85.78,994
2018,8,24,77.18,57.2,64,350,0.6,78.68,1006
2018,8,25,78.62,59,93,254,0.5,79.99,1012
2018,8,26,74.84,54.86,96,240,0.5,85.23,1007
2018,8,27,79.16,60.26,92,183,0.5,84.88,999
2018,8,28,83.12,63.32,78,291,0.6,85.54,999
2018,8,29,83.12,65.84,42,393,0.6,77.91,997
2018,8,30,83.66,53.96,71,180,0.7,87.4,1000
2018,8,31,72.5,53.42,90,241,0.6,75.91,1011
2018,9,1,70.16,53.06,78,252,0.5,80.28,1014
2018,9,2,75.56,54.86,68,274,0.6,79.63,1011
2018,9,3,76.82,58.82,83,244,0.7,82.57,1009
2018,9,4,75.2,57.92,69,70,0.6,83.77,1005
2018,9,5,78.8,56.66,50,311,0.5,73.85,1009
2018,9,6,84.2,59.36,52,272,0.8,82,1002
2018,9,7,72.68,51.26,53,329,0.5,73.5,1005
2018,9,8,66.56,44.96,74,273,0.7,75.43,1003
2018,9,9,64.94,43.88,67,271,0.6,71.54,1010
2018,9,10,66.56,41,46,330,0.7,72.71,1018
2018,9,11,68.54,50.36,33,1,0.9,89.9,1014
2018,9,12,68.72,54.68,75,29,0.6,86.83,1009
2018,9,13,74.84,53.24,56,294,0.5,79.75,1010
2018,9,14,78.62,53.6,34,382,0.5,81.52,1010
2018,9,15,80.06,57.38,37,366,0.6,83,1007
2018,9,16,76.46,56.48,46,326,0.5,84.55,1007
2018,9,17,80.24,59.18,42,324,0.8,85.9,1003
2018,9,18,77,56.48,84,59,0.8,91.31,995
2018,9,19,60.26,44.24,56,12,0.9,94.58,1000
2018,9,20,57.92,43.88,66,102,0.6,80.98,1009
2018,9,21,62.6,43.16,56,217,0.9,75.58,1009
2018,9,22,71.24,45.86,49,178,1.2,77.7,999
2018,9,23,63.32,40.28,30,378,0.7,74.56,1008
2018,9,24,54.5,34.52,30,408,0.9,62.47,1019
2018,9,25,56.12,34.52,66,231,0.8,68.56,1023
2018,9,26,68,51.98,28,11,1.2,93.88,1007
2018,9,27,68.18,50.54,54,18,0.9,90.95,1004
2018,9,28,65.48,50.72,41,28,0.7,96.78,1002
2018,9,29,65.12,46.94,44,232,0.6,86.53,1003
2018,9,30,62.96,42.8,31,349,0.5,76.97,1011
2018,10,1,58.28,40.28,67,56,0.7,81.06,1012
2018,10,2,55.58,36.14,64,16,0.8,84.59,1013
2018,10,3,63.14,52.34,25,159,1.2,98.7,1004
2018,10,4,62.96,57.38,60,40,0.8,94.72,1001
2018,10,5,57.56,40.46,45,253,0.8,82.16,1005
2018,10,6,58.28,37.58,33,335,0.7,73.63,1007
2018,10,7,52.34,44.24,25,19,0.7,89.87,1008
2018,10,8,50.9,37.04,71,90,0.6,78.53,1016
2018,10,9,63.32,44.24,33,14,0.9,92.17,1007
2018,10,10,65.48,43.34,20,159,0.8,90.96,1001
2018,10,11,50.36,40.64,20,159,1,97.51,1000
2018,10,12,56.3,45.68,17,159,0.6,99.8,981
2018,10,13,49.1,37.22,64,29,0.9,86.38,991
2018,10,14,48.92,36.68,47,212,1,82.07,1002
2018,10,15,59,36.5,42,232,0.9,81.38,1005
2018,10,16,61.88,37.58,26,333,1.5,77.98,990
2018,10,17,50,34.34,40,25,0.8,83.29,995
2018,10,18,41.54,31.46,49,96,1.4,79.36,993
2018,10,19,45.32,28.94,24,331,1.1,73.13,1004
2018,10,20,57.74,45.32,36,5,1.2,95.16,992
2018,10,21,55.4,33.62,32,273,0.7,88.54,987
2018,10,22,40.82,30.92,51,155,1,74.28,1002
2018,10,23,49.1,29.48,32,250,0.7,78.84,1010
2018,10,24,58.82,41.18,39,164,0.9,95.66,993
2018,10,25,42.62,33.44,42,9,1.1,86.86,989
2018,10,26,39.2,27.68,43,104,1.2,76.53,998
2018,10,27,44.42,25.34,30,33,0.9,82.21,1013
2018,10,28,60.62,44.42,23,140,0.8,99.38,998
2018,10,29,58.82,48.56,36,116,0.5,95.85,995
2018,10,30,52.34,42.08,33,8,0.7,96.95,993
2018,10,31,44.96,39.56,40,9,0.7,90.22,1000
2018,11,1,51.98,39.56,20,1,0.5,97.64,998
2018,11,2,59.18,45.32,10,140,0.8,99.26,998
2018,11,3,65.3,46.22,14,140,1.3,96.84,995
2018,11,4,47.84,32.54,27,252,1.3,72.36,1009
2018,11,5,44.06,31.1,49,88,0.6,86.79,1021
2018,11,6,60.08,42.08,26,3,0.9,98.66,1005
2018,11,7,60.44,45.68,25,240,0.9,90.84,992
2018,11,8,51.8,38.3,29,213,1,78.89,1000
2018,11,9,47.12,35.06,19,298,0.7,81.97,1012
2018,11,10,53.96,34.34,13,1,1.3,93.73,994
2018,11,11,37.58,29.3,38,145,1.5,64.22,997
2018,11,12,35.96,25.7,19,299,1.1,72.25,1009
2018,11,13,53.24,25.88,23,140,0.9,87.67,1006
2018,11,14,50,18.32,28,226,1.8,69.26,994
2018,11,15,53.08,36.41,24,238,1.1,67.48,1014
2018,11,16,36.86,20.48,24,20,1.1,89.98,993
2018,11,17,33.44,30.92,42,53,1,95.33,994
2018,11,18,32.36,23.18,19,293,0.8,81.93,1010
2018,11,19,33.44,21.38,35,30,0.5,92.58,1008
2018,11,20,34.88,32,35,17,0.5,99.88,996
2018,11,21,36.68,27.14,35,93,0.9,96.41,992
2018,11,22,27.14,9.5,35,75,1.4,82.65,996
2018,11,23,20.66,10.76,35,139,1.3,80.62,1004
2018,11,24,39.74,19.22,28,179,0.9,87.07,1002
2018,11,25,37.58,30.38,29,179.81,0.7,99.52,998
2018,11,26,35.6,29.3,27,115,0.7,94.49,1000
2018,11,27,42.08,32.72,23,5,1.1,99.01,990
2018,11,28,45.32,32.18,30,10,0.6,99.27,976
2018,11,29,32.9,31.64,28,23,1.7,94.74,972
2018,11,30,34.16,29.66,32,33,1,94.32,996
2018,12,1,32.72,29.84,30,12,0.5,89.98,1006
2018,12,2,43.52,28.94,32,26,0.6,86.83,1006
2018,12,3,50,37.58,28,91,0.7,99.95,982
2018,12,4,37.4,22.1,20,3,0.9,81.85,987
2018,12,5,26.6,15.98,14,264,0.7,69.01,1001
2018,12,6,53.08,36.41,25,25,0.6,83.08,1000
2018,12,7,36.5,18.68,26,150,0.6,92.74,1004
2018,12,8,25.7,7.88,17,234,0.9,78.61,1007
2018,12,9,22.82,7.16,18,244,0.9,72.27,1008
2018,12,10,25.88,10.58,28,141,0.7,83.68,1001
2018,12,11,24.8,6.98,21,211,0.6,78.12,1004
2018,12,12,20.3,6.8,26,147,1,83.6,997
2018,12,13,21.38,11.3,17,245,0.9,78.18,1014
2018,12,14,34.16,15.44,30,99,0.7,91.93,1017
2018,12,15,43.7,30.38,27,43,0.7,99.68,1005
2018,12,16,37.94,25.88,17,212,0.5,92.94,1008
2018,12,17,34.88,28.4,6,147,1,97.2,986
2018,12,18,32,23.36,18,147,1.2,93.45,975
2018,12,19,26.24,21.74,21,207,1.1,82.67,995
2018,12,20,34.88,21.02,26,150,0.7,93,1005
2018,12,21,51.8,27.32,32,62,0.6,99.68,1004
2018,12,22,56.48,41.72,25,11,1,100,984
2018,12,23,42.08,20.66,19,215,1,85.12,994
2018,12,24,24.8,15.8,26,37,0.5,72.32,1000
2018,12,25,16.7,10.22,26,10,0.8,73.2,1000
2018,12,26,26.96,9.14,13,235,0.7,77.8,1007
2018,12,27,17.42,8.06,26,158,1,74.44,1015
2018,12,28,38.66,7.16,11,11,0.7,80.86,1015
2018,12,29,46.04,23.36,23,101,0.8,99.66,990
2018,12,30,23.36,9.32,33,66,0.9,77.72,1005
2018,12,31,26.24,7.88,21,197,0.8,78.7,1011
2019,1,1,37.4,23.36,30,42,1,97.16,990
2019,1,2,23.54,3.56,18,237,1.1,79.84,1003
2019,1,3,22.46,3.38,32,84,0.5,86.34,1002
2019,1,4,35.6,17.24,32,103,0.6,95.94,997
2019,1,5,36.32,32.54,29,8,0.4,100,990
2019,1,6,34.7,27.32,31,31,1,97.32,982
2019,1,7,27.32,10.58,26,155,1.1,83.3,1001
2019,1,8,29.48,10.4,29,53,0.5,85.06,1008
2019,1,9,42.98,29.66,33,101,1.1,98.05,983
2019,1,10,35.6,27.14,25,173,0.8,92.12,976
2019,1,11,27.5,11.84,38,44,0.8,79.29,991
2019,1,12,15.26,9.68,30,132,0.9,76.48,1005
2019,1,13,22.28,6.8,18,255,0.7,79.84,1011
2019,1,14,21.2,2.84,20,224,0.6,80.77,1007
2019,1,15,24.98,10.58,20,253,0.8,85.68,997
2019,1,16,33.62,15.62,31,125,0.7,88,999
2019,1,17,28.94,5.18,19,254,0.8,74.41,1007
2019,1,18,29.84,3.38,36,130,0.5,78.56,1008
2019,1,19,30.56,6.62,22,228,0.7,74.55,1008
2019,1,20,51.26,7.16,33,1,1.2,86.59,997
2019,1,21,50.18,14.72,34,28,1,87.1,979
2019,1,22,15.62,9.32,38,94,1.1,69.42,997
2019,1,23,37.4,10.94,35,103,0.6,74.81,1011
2019,1,24,53.78,37.22,36,81,1,99.62,993
2019,1,25,51.08,27.14,34,182,0.8,90.28,989
2019,1,26,31.64,23.36,34,171,0.6,81.57,1007
2019,1,27,37.04,24.44,28,220,0.5,89.26,1008
2019,1,28,37.22,14.54,37,13,0.6,86.03,1000
2019,1,29,25.7,9.68,19,271,0.7,63.12,1005
2019,1,30,37.58,19.76,13,29,0.9,94.71,995
2019,1,31,28.94,8.96,40,80,1.2,67.63,998
2019,2,1,18.68,4.28,38,147,0.9,69.47,1004
2019,2,2,22.82,8.96,28,202,0.9,72.49,1000
2019,2,3,24.26,9.14,23,289,0.9,76.26,1003
2019,2,4,38.3,19.04,38,9,0.6,92.32,1003
2019,2,5,47.66,33.8,42,28,0.5,99.93,998
2019,2,6,37.58,19.22,48,67,0.8,84.56,1005
2019,2,7,29.3,19.22,49,109,0.3,82.5,1010
2019,2,8,43.34,26.78,45,13,0.9,97.92,995
2019,2,9,32.9,13.28,46,135,1.5,65.41,996
2019,2,10,22.82,14,22,335,1.4,61.88,1005
2019,2,11,19.58,7.52,21,351,1.3,61.16,1003
2019,2,12,29.48,6.26,24,306,0.7,70.26,1012
2019,2,13,34.88,17.06,18,1,1.1,90.41,994
2019,2,14,29.3,17.24,39,249,1,90.28,991
2019,2,15,37.58,13.82,37,211,0.9,85.78,1006
2019,2,16,45.68,26.96,62,55,0.9,99.41,989
2019,2,17,28.4,15.26,28,309,0.7,74.84,998
2019,2,18,24.44,12.2,50,130,0.5,66.19,997
2019,2,19,20.3,8.24,22,364,1.1,64.41,1004
2019,2,20,17.96,4.64,22,357,1.1,64.63,1011
2019,2,21,24.26,10.4,38,4,0.5,83.86,999
2019,2,22,25.34,15.98,32,309,0.8,83.37,1003
2019,2,23,26.06,12.02,30,344,0.8,78.04,1011
2019,2,24,28.4,14.9,46,187,0.9,80.63,1004
2019,2,25,36.32,20.48,61,133,1.4,93.79,971
2019,2,26,20.48,3.74,48,196,1.7,77.35,987
2019,2,27,16.16,2.48,33,315,1.4,76.07,998
2019,2,28,19.22,6.08,30,352,1,72.44,1000
2019,3,1,30.92,10.76,30,377,0.8,75.38,1009
2019,3,2,32.72,18.14,68,117,0.6,88.54,1005
2019,3,3,28.76,17.6,49,224,0.9,90.3,1001
2019,3,4,35.24,20.66,70,18,1,95.89,990
2019,3,5,27.32,14.36,38,319,0.9,92.71,994
2019,3,6,25.34,9.32,49,238,0.7,89.67,994
2019,3,7,17.6,4.28,40,278,0.8,88.49,1002
2019,3,8,27.68,3.74,44,308,0.9,87.73,1008
2019,3,9,34.7,14.18,42,315,0.9,93.71,1008
2019,3,10,33.44,12.2,46,309,0.9,88.29,1017
2019,3,11,44.24,30.2,61,152,0.9,97.51,993
2019,3,12,36.14,27.32,73,200,0.5,90.5,996
2019,3,13,39.38,24.26,35,391,0.5,81.22,1008
2019,3,14,46.76,23.54,36,381,0.4,84.83,1010
2019,3,15,48.2,26.78,72,113,0.9,94.96,1001
2019,3,16,50.54,28.22,70,214,0.9,94.69,986
2019,3,17,34.34,21.02,44,369,0.9,66.73,997
2019,3,18,34.34,16.7,50,318,0.7,65.27,1004
2019,3,19,33.98,17.96,62,269,0.7,69.53,1010
2019,3,20,39.74,18.14,28,409,0.6,69.22,1012
2019,3,21,44.06,22.64,50,300,0.6,83.54,1010
2019,3,22,45.32,32,39,18,1.1,98.29,985
2019,3,23,39.02,33.62,77,13,1.1,93.77,973
2019,3,24,48.92,30.92,35,401,0.8,78.14,992
2019,3,25,40.46,23.18,43,305,0.6,77.2,997
2019,3,26,35.24,20.12,33,426,0.6,62.45,1005
2019,3,27,36.14,15.98,33,427,0.6,58.66,1015
2019,3,28,37.76,21.02,35,419,0.8,79.35,1016
2019,3,29,49.64,32.36,67,9,0.8,93.68,1006
2019,3,30,44.06,34.7,48,15,0.4,95.96,1008
2019,3,31,56.48,35.06,80,197,0.7,96.88,1000
2019,4,1,45.86,27.86,77,20,1.1,80.92,990
2019,4,2,44.6,26.42,38,421,0.8,69.62,1015
2019,4,3,48.02,29.12,28,2,1.4,93.46,993
2019,4,4,53.08,36.41,79,291,1.5,61.93,997
2019,4,5,39.74,25.34,35,450,1,63.13,1009
2019,4,6,41.18,30.2,42,3,0.7,93.6,1005
2019,4,7,51.08,25.52,50,370,0.6,81.19,1004
2019,4,8,34.16,23.18,84,126,0.6,65.47,1005
2019,4,9,33.08,22.46,96,41,0.7,83.41,994
2019,4,10,33.62,24.08,106,136,0.5,84.09,991
2019,4,11,45.5,30.02,91,241,0.7,85.28,1000
2019,4,12,55.94,32.18,52,398,0.6,78.17,1009
2019,4,13,54.5,38.48,108,26,0.7,96.21,1001
2019,4,14,62.06,44.24,56,315,0.5,82.61,997
2019,4,15,53.24,38.66,36,1,0.8,98.11,983
2019,4,16,43.34,32.18,90,22,1,91.95,977
2019,4,17,37.4,27.86,101,101,1,81.49,998
2019,4,18,49.1,27.68,88,205,0.5,75.51,1011
2019,4,19,50.9,37.04,57,5,1.1,95.9,999
2019,4,20,57.92,48.74,97,27,0.8,97.4,1004
2019,4,21,60.26,49.64,103,23,0.7,97.5,1009
2019,4,22,57.38,43.52,55,2,0.3,97.49,1007
2019,4,23,46.22,42.26,40,164,0.6,98.6,1000
2019,4,24,52.16,39.74,103,77,0.4,95.68,990
2019,4,25,41.9,30.74,108,42,0.7,88.26,993
2019,4,26,53.6,30.92,80,246,0.4,80.24,1002
2019,4,27,49.1,35.24,35,164,1,98.23,992
2019,4,28,54.14,37.4,114,188,0.6,86.05,995
2019,4,29,46.58,35.24,99,245,0.9,73.83,1003
2019,4,30,49.82,32.36,133,158,0.7,71.33,1005
2019,5,1,51.08,32.9,75,360,0.7,70.47,1008
2019,5,2,53.06,33.98,59,339,0.5,77.36,1008
2019,5,3,59.9,30.2,79,300,0.4,70.6,1006
2019,5,4,42.8,38.48,53,1,0.4,96.13,999
2019,5,5,64.94,35.6,116,189,0.3,86.02,998
2019,5,6,59.36,35.78,112,206,0.6,86.82,1002
2019,5,7,66.02,37.76,72,317,0.5,78.63,1003
2019,5,8,54.86,38.48,47,442,0.6,77.01,1002
2019,5,9,52.34,33.8,110,184,0.8,81.67,1008
2019,5,10,53.06,31.64,112,23,0.4,86.79,1009
2019,5,11,58.1,39.02,113,73,0.6,90.49,994
2019,5,12,53.06,36.5,130,177,0.6,79.43,998
2019,5,13,52.34,34.16,109,152,0.6,82.41,1003
2019,5,14,48.38,33.08,71,41,1.2,88.83,996
2019,5,15,45.32,38.12,80,43,0.7,98.42,986
2019,5,16,47.66,36.86,105,17,0.5,89.69,993
2019,5,17,57.92,39.02,104,30,0.4,90.17,997
2019,5,18,47.84,37.4,84,36,0.9,90.01,993
2019,5,19,61.52,35.78,112,146,0.5,84.1,1004
2019,5,20,51.08,42.98,41,1,0.5,96.71,996
2019,5,21,49.64,35.78,59,3,0.6,91.97,983
2019,5,22,44.24,35.42,94,57,1.1,84.78,998
2019,5,23,60.98,34.34,137,191,0.5,81.68,1004
2019,5,24,48.2,36.86,53,1,0.5,94.82,997
2019,5,25,68.72,35.78,62,443,0.5,69.23,1002
2019,5,26,54.86,42.44,63,3,0.5,87.87,1000
2019,5,27,53.78,41.72,86,63,0.4,95.86,997
2019,5,28,57.38,40.28,80,362,0.5,74.54,998
2019,5,29,51.8,42.98,114,22,0.6,88.33,996
2019,5,30,57.92,41,105,7,0.4,93.2,994
2019,5,31,53.96,41.18,95,16,0.4,94.73,993
2019,6,1,69.08,41.36,105,287,0.4,84.12,998
2019,6,2,52.52,47.3,64,2,0.7,97.01,995
2019,6,3,62.78,44.06,114,77,0.6,94.46,993
2019,6,4,64.4,41.72,98,332,0.5,81.91,997
2019,6,5,53.24,42.98,72,47,0.6,93.01,998
2019,6,6,56.66,45.5,37,2,0.6,98.85,993
2019,6,7,71.42,47.12,51,402,0.3,81.5,997
2019,6,8,65.66,46.76,80,371,0.6,79.17,1002
2019,6,9,71.24,45.32,45,504,0.5,72.39,1009
2019,6,10,71.24,45.5,56,450,0.3,75.07,1008
2019,6,11,67.64,44.78,110,218,0.5,87.67,1000
2019,6,12,69.98,50.54,44,508,0.7,79.15,999
2019,6,13,73.94,52.7,120,156,0.5,81.05,1006
2019,6,14,72.68,53.42,89,204,0.6,92.48,996
2019,6,15,75.2,54.5,59,451,0.5,85.57,998
2019,6,16,70.52,53.78,122,50,0.6,90.16,997
2019,6,17,76.1,54.86,78,242,0.3,88.11,995
2019,6,18,74.84,52.7,123,304,0.5,79.58,999
2019,6,19,75.74,50.72,106,221,0.4,82.73,997
2019,6,20,70.52,53.06,103,223,0.4,85.4,993
2019,6,21,59.9,51.26,46,7,0.5,97.97,981
2019,6,22,64.4,51.26,90,91,0.9,85.9,983
2019,6,23,74.48,51.8,91,290,0.6,82.37,986
2019,6,24,68.18,50.72,73,388,0.4,78.94,993
2019,6,25,72.32,48.92,52,459,0.4,78.71,1002
2019,6,26,66.02,50.54,141,58,0.5,84.1,1008
2019,6,27,59.18,50.9,89,33,0.6,89.14,1009
2019,6,28,65.84,51.08,97,69,0.4,95.24,1004
2019,6,29,63.14,50.72,77,16,0.4,94.36,999
2019,6,30,61.34,55.58,54,4,0.4,98.59,990
2019,7,1,59,54.5,80,12,0.8,94.59,988
2019,7,2,67.1,53.6,125,53,0.6,87.57,990
2019,7,3,72.86,53.96,73,369,0.4,83.3,995
2019,7,4,82.76,56.48,62,419,0.4,83.92,1001
2019,7,5,90.86,66.74,102,332,0.4,85.69,1002
2019,7,6,80.96,65.3,74,353,0.7,86.77,994
2019,7,7,75.02,59.18,51,486,0.4,80.8,994
2019,7,8,78.98,55.94,61,464,0.4,79.33,996
2019,7,9,75.56,56.3,56,393,0.6,78.99,996
2019,7,10,71.78,50,101,331,0.6,79.74,1000
2019,7,11,74.3,49.28,85,387,0.5,77.93,1003
2019,7,12,67.46,56.3,71,3,0.8,92.89,999
2019,7,13,73.4,60.98,90,32,0.5,92.06,993
2019,7,14,70.52,58.46,118,115,0.6,91.27,995
2019,7,15,75.74,59.72,87,276,0.5,87.72,994
2019,7,16,82.76,60.8,86,333,0.4,84.09,999
2019,7,17,77.9,64.76,107,58,0.7,92.83,996
2019,7,18,76.46,57.92,60,423,0.5,84.89,999
2019,7,19,77.54,55.22,84,351,0.4,84.04,995
2019,7,20,89.6,60.62,69,386,0.5,86.73,989
2019,7,21,88.7,61.88,96,100,0.5,91.04,988
2019,7,22,80.42,61.16,82,272,0.5,86.68,995
2019,7,23,72.32,60.44,101,27,0.3,96.76,994
2019,7,24,70.7,59.54,90,8,0.3,89.1,998
2019,7,25,75.38,55.94,135,92,0.3,87.93,1002
2019,7,26,80.6,56.12,59,428,0.5,75.41,1008
2019,7,27,79.88,59.18,113,259,0.5,83.8,1010
2019,7,28,78.62,57.56,52,406,0.4,80.99,1004
2019,7,29,82.58,59.54,71,298,0.7,88.5,999
2019,7,30,87.08,62.96,57,400,0.5,86.59,1001
2019,7,31,84.2,65.12,68,367,0.5,87.24,1001
2019,8,1,82.22,64.04,135,161,0.4,89.56,1000
2019,8,2,82.94,60.08,50,434,0.5,78.76,1001
2019,8,3,84.56,60.62,102,251,0.6,80.32,1000
2019,8,4,79.88,59.36,112,156,0.6,88.03,994
2019,8,5,76.46,57.56,43,452,0.6,81.32,996
2019,8,6,81.32,56.84,51,414,0.5,79.27,999
2019,8,7,76.46,57.2,81,282,0.4,81.69,999
2019,8,8,68.9,57.74,113,64,0.7,88.46,998
2019,8,9,75.74,60.8,77,219,0.6,90.33,989
2019,8,10,74.48,56.66,101,201,0.6,86.54,990
2019,8,11,73.76,54.5,84,270,0.7,81.53,993
2019,8,12,81.14,58.46,95,234,0.7,84.43,994
2019,8,13,78.26,58.64,92,81,0.7,88.64,993
2019,8,14,78.62,56.48,57,388,0.3,77.98,997
2019,8,15,80.42,55.94,93,273,0.3,74.32,1001
2019,8,16,76.46,55.4,65,332,0.5,77.71,1005
2019,8,17,77.36,57.56,50,366,0.5,77.89,1005
2019,8,18,72.5,60.44,86,47,0.3,90.79,1002
2019,8,19,74.48,62.6,98,31,0.5,93.33,1000
2019,8,20,82.4,62.42,52,338,0.5,82.52,999
2019,8,21,83.48,58.64,65,345,0.5,78.99,1002
2019,8,22,82.76,65.48,57,249,0.7,90.4,995
2019,8,23,79.34,61.16,93,73,0.6,82,995
2019,8,24,69.8,46.22,92,174,0.8,79.49,1004
2019,8,25,71.6,44.96,60,311,0.7,75.64,1012
2019,8,26,61.34,50.18,51,7,0.8,81.62,1008
2019,8,27,69.26,53.06,100,79,0.9,82.55,1000
2019,8,28,83.66,56.84,40,406,0.6,76.33,1000
2019,8,29,72.14,56.48,76,11,0.7,94.47,998
2019,8,30,82.04,59.9,43,361,0.7,85.96,997
2019,8,31,77.18,59,41,401,0.6,78.39,1003
2019,9,1,71.6,52.88,42,408,0.5,73.81,1011
2019,9,2,70.52,50.72,77,228,0.8,85.58,1007
2019,9,3,70.88,59.36,72,77,0.5,94.19,1000
2019,9,4,74.66,60.8,54,271,0.6,90.03,1000
2019,9,5,71.06,53.78,43,370,0.7,79.32,998
2019,9,6,67.64,50,101,181,0.5,75.96,1003
2019,9,7,62.96,47.3,25,1,1.8,90.3,980
2019,9,8,62.78,45.86,43,324,1.2,79.17,995
2019,9,9,68.9,48.56,50,310,0.6,83.19,1008
2019,9,10,69.44,49.82,57,303,0.5,83.21,1011
2019,9,11,63.14,55.4,42,4,0.9,94.18,1003
2019,9,12,59.72,46.58,78,22,0.7,89.45,1004
2019,9,13,62.42,43.16,67,289,0.8,80.27,1014
2019,9,14,63.32,44.78,60,264,0.8,76.66,1013
2019,9,15,72.32,55.4,55,139,0.7,91.86,1001
2019,9,16,65.12,52.16,78,163,0.6,85.43,996
2019,9,17,56.3,42.62,69,16,0.9,82.88,1001
2019,9,18,57.56,36.68,86,151,0.8,81.11,1008
2019,9,19,67.46,35.42,54,298,0.6,75.91,1009
2019,9,20,73.58,41,39,339,0.5,82.62,1000
2019,9,21,68.72,48.56,32,384,0.7,81.14,1002
2019,9,22,75.02,48.02,53,286,0.7,82.56,1003
2019,9,23,78.26,57.92,82,64,0.8,91.22,992
2019,9,24,69.08,59,35,1,0.7,96.21,991
2019,9,25,53.08,36.41,51,129,0.5,93.16,990
2019,9,26,67.1,51.62,45,229,0.6,86.81,994
2019,9,27,66.38,50.18,35,342,0.7,85.46,998
2019,9,28,68,45.68,34,278,0.6,81.55,1004
2019,9,29,67.1,43.34,48,216,0.7,84.39,1003
2019,9,30,55.22,39.56,31,356,0.8,74.63,1009
2019,10,1,57.2,43.34,73,49,0.6,75.73,1002
2019,10,2,59.36,38.12,39,16,0.9,89.97,991
2019,10,3,50.36,35.6,39,345,0.8,76.04,1002
2019,10,4,48.2,36.86,58,17,0.7,82.12,998
2019,10,5,51.62,36.32,36,337,0.9,83.18,1007
2019,10,6,60.62,37.76,33,323,0.7,77.82,1013
2019,10,7,68.9,54.14,40,190,0.9,91.14,1008
2019,10,8,62.06,47.12,54,25,0.6,93.03,1007
2019,10,9,59.9,40.64,50,209,0.6,82.79,1014
2019,10,10,58.64,39.2,73,106,0.8,80.4,1014
2019,10,11,56.48,45.14,52,7,1.1,82.79,1012
2019,10,12,56.3,49.28,31,20,0.9,97.76,999
2019,10,13,52.7,47.84,41,11,0.6,94.11,998
2019,10,14,54.14,46.94,58,9,0.5,89.87,1003
2019,10,15,65.48,42.8,44,157,0.6,93.27,999
2019,10,16,59.18,40.28,29,313,0.5,80.35,1003
2019,10,17,59.36,46.76,21,55,1.2,91.64,983
2019,10,18,55.4,44.42,41,84,0.9,87.88,982
2019,10,19,49.82,42.26,48,38,0.8,88.03,992
2019,10,20,56.12,38.84,21,327,0.7,84.9,1002
2019,10,21,59.9,39.92,22,277,0.6,81.01,1005
2019,10,22,58.82,36.14,43,184,0.7,89.21,1009
2019,10,23,58.28,46.4,41,9,1.2,92.13,1001
2019,10,24,58.82,44.24,24,322,0.7,85.07,1004
2019,10,25,56.12,43.34,57,108,0.6,86.98,1007
2019,10,26,49.28,34.52,39,61,0.7,85.85,1005
2019,10,27,48.56,33.8,41,187,0.5,81.88,1009
2019,10,28,50.54,34.7,23,272,0.8,82.74,1007
2019,10,29,53.78,33.26,22,287,0.7,83.6,1013
2019,10,30,53.08,36.41,32,99,0.5,94.89,1011
2019,10,31,62.96,49.1,17,129,0.8,98.11,1004
2019,11,1,66.38,41.54,27,87,1.4,82.71,992
2019,11,2,53.08,36.41,19,315,0.6,70.94,1005
2019,11,3,52.16,33.44,38,46,0.6,91.36,999
2019,11,4,49.82,33.98,38,200,0.6,80.71,1010
2019,11,5,55.94,34.34,51,92,0.8,83.39,1013
2019,11,6,57.02,33.08,34,153,1,79.65,1003
2019,11,7,48.56,27.68,34,44,0.8,79.88,1006
2019,11,8,53.08,26.78,33,11,0.8,94.23,990
2019,11,9,31.64,23,25,283,0.9,70.98,1005
2019,11,10,45.86,26.6,43,98,0.8,81.59,1004
2019,11,11,49.28,34.88,40,75,0.6,87.75,1004
2019,11,12,59.9,37.76,14,129,1.1,95.51,993
2019,11,13,40.46,20.12,39,90,1.2,72.39,996
2019,11,14,32,18.14,23,238,0.5,65.26,1016
2019,11,15,56.3,31.28,26,16,0.9,92.21,1004
2019,11,16,39.92,19.76,22,272,1.1,64.78,1006
2019,11,17,33.08,17.06,21,239,0.6,70.21,1015
2019,11,18,40.1,26.06,18,129,1,89.78,999
2019,11,19,42.62,34.34,35,66,0.6,98.48,988
2019,11,20,37.22,32.9,16,2,0.8,96.26,993
2019,11,21,39.74,30.92,27,25,0.9,94.34,995
2019,11,22,50.18,31.46,30,25,0.7,91.29,990
2019,11,23,36.14,30.38,37,93,1.2,78.7,985
2019,11,24,49.82,27.32,26,44,0.7,89.95,989
2019,11,25,49.82,35.24,22,7,1,94.96,980
2019,11,26,48.38,33.44,17,252,0.7,89.1,998
2019,11,27,45.5,34.88,28,156,0.6,91.03,999
2019,11,28,36.86,32.18,13,6,1.3,98.21,982
2019,11,29,35.42,23,35,71,1.5,84.79,987
2019,11,30,29.66,23.36,34,102,1.4,76.11,983
2019,12,1,24.98,15.44,18,253,0.7,71.5,996
2019,12,2,31.64,17.6,31,121,0.8,77.88,996
2019,12,3,43.34,30.74,28,46,0.8,95.27,974
2019,12,4,38.84,27.14,30,99,0.7,95.24,978
2019,12,5,35.96,27.14,30,36,0.4,94.51,983
2019,12,6,33.08,25.52,27,8,0.8,85.81,995
2019,12,7,26.6,15.62,17,256,0.8,70.88,1004
2019,12,8,29.84,14.54,20,208,0.8,80.16,1013
2019,12,9,51.44,29.66,27,6,0.9,94.1,1010
2019,12,10,55.04,50.72,14,1,1.3,98.91,994
2019,12,11,51.26,20.12,8,0,0.7,90.26,1003
2019,12,12,23.9,11.48,24,174,0.9,69.97,1015
2019,12,13,33.98,10.94,26,136,0.4,71.19,1022
2019,12,14,57.74,33.08,32,8,1.1,99.35,1000
2019,12,15,57.38,32.54,28,42,1.1,88.01,977
2019,12,16,32.54,21.74,16,235,1.4,58.34,994
2019,12,17,28.94,20.84,25,34,0.6,73.17,998
2019,12,18,25.7,18.5,32,26,0.6,86.16,987
2019,12,19,21.38,11.48,21,189,0.9,75.87,989
2019,12,20,32.9,12.74,27,105,0.9,81,1003
2019,12,21,30.38,20.48,32,79,0.6,90.11,1015
2019,12,22,37.58,18.32,30,71,0.6,90.77,1008
2019,12,23,36.5,28.4,31,63,0.6,91.02,997
2019,12,24,37.4,25.34,33,53,0.9,84.91,992
2019,12,25,27.32,15.8,25,146,0.7,82.08,1004
2019,12,26,21.56,14,19,241,0.8,81.06,1009
2019,12,27,37.94,13.28,26,53,0.6,86.61,1007
2019,12,28,39.56,31.82,30,76,0.8,94.52,996
2019,12,29,32.54,21.92,26,147,0.7,78.97,1001
2019,12,30,29.84,21.56,29,98,0.7,86.06,1006
2019,12,31,39.74,24.26,30,80,1,93.34,1001