,Unnamed: 0,Year,Month,Day,Max Temp (F),Min Temp (F)
0,0,2015,1,1,28.04,5.18
1,1,2015,1,2,34.34,13.64
2,2,2015,1,3,14,5.36
3,3,2015,1,4,46.58,7.88
4,4,2015,1,5,46.76,9.14
5,5,2015,1,6,9.32,2.84
6,6,2015,1,7,11.12,-2.92
7,7,2015,1,8,8.42,-0.22
8,8,2015,1,9,38.48,1.76
9,9,2015,1,10,22.46,12.92
10,10,2015,1,11,24.44,12.92
11,11,2015,1,12,39.02,24.44
12,12,2015,1,13,26.6,0.86
13,13,2015,1,14,21.2,-0.58
14,14,2015,1,15,28.04,10.22
15,15,2015,1,16,35.78,10.94
16,16,2015,1,17,10.94,1.76
17,17,2015,1,18,41.72,1.58
18,18,2015,1,19,45.5,33.8
19,19,2015,1,20,36.32,17.78
20,20,2015,1,21,20.48,10.22
21,21,2015,1,22,23,8.42
22,22,2015,1,23,25.7,18.86
23,23,2015,1,24,49.64,25.7
24,24,2015,1,25,47.48,14.18
25,25,2015,1,26,19.94,10.58
26,26,2015,1,27,25.88,13.1
27,27,2015,1,28,34.34,13.28
28,28,2015,1,29,23.36,9.86
29,29,2015,1,30,26.96,14.72
30,30,2015,1,31,33.62,21.92
31,31,2015,2,1,21.92,3.56
32,32,2015,2,2,20.84,0.14
33,33,2015,2,3,21.2,5
34,34,2015,2,4,28.94,0.14
35,35,2015,2,5,38.66,10.94
36,36,2015,2,6,11.84,3.56
37,37,2015,2,7,19.76,1.4
38,38,2015,2,8,11.12,2.48
39,39,2015,2,9,10.22,-0.04
40,40,2015,2,10,20.84,6.44
41,41,2015,2,11,13.1,3.74
42,42,2015,2,12,24.8,8.78
43,43,2015,2,13,15.44,2.3
44,44,2015,2,14,15.44,-3.28
45,45,2015,2,15,35.24,8.24
46,46,2015,2,16,10.22,6.08
47,47,2015,2,17,20.84,5.72
48,48,2015,2,18,25.88,8.24
49,49,2015,2,19,32.54,20.66
50,50,2015,2,20,24.26,10.4
51,51,2015,2,21,28.22,6.44
52,52,2015,2,22,41.9,25.7
53,53,2015,2,23,29.3,-2.2
54,54,2015,2,24,11.48,-7.06
55,55,2015,2,25,35.78,6.62
56,56,2015,2,26,19.4,11.66
57,57,2015,2,27,18.5,6.62
58,58,2015,2,28,25.34,5.36
59,59,2015,3,1,29.3,9.14
60,60,2015,3,2,32,18.14
61,61,2015,3,3,18.5,7.88
62,62,2015,3,4,39.02,13.28
63,63,2015,3,5,32,9.32
64,64,2015,3,6,19.22,0.68
65,65,2015,3,7,29.84,7.88
66,66,2015,3,8,33.08,19.4
67,67,2015,3,9,32.18,16.16
68,68,2015,3,10,36.68,18.14
69,69,2015,3,11,48.02,27.5
70,70,2015,3,12,28.58,12.38
71,71,2015,3,13,17.6,7.16
72,72,2015,3,14,32,9.68
73,73,2015,3,15,29.3,21.02
74,74,2015,3,16,23,17.96
75,75,2015,3,17,34.16,12.2
76,76,2015,3,18,25.52,18.32
77,77,2015,3,19,23.54,15.26
78,78,2015,3,20,30.2,14.18
79,79,2015,3,21,35.96,16.88
80,80,2015,3,22,33.8,7.34
81,81,2015,3,23,17.06,6.98
82,82,2015,3,24,36.14,12.02
83,83,2015,3,25,39.56,18.86
84,84,2015,3,26,39.74,25.7
85,85,2015,3,27,37.76,32.9
86,86,2015,3,28,32.9,21.02
87,87,2015,3,29,34.52,19.04
88,88,2015,3,30,34.34,16.52
89,89,2015,3,31,40.1,29.66
90,90,2015,4,1,35.24,20.84
91,91,2015,4,2,35.24,17.24
92,92,2015,4,3,52.52,26.78
93,93,2015,4,4,41.72,23.36
94,94,2015,4,5,33.26,17.6
95,95,2015,4,6,34.52,14.72
96,96,2015,4,7,34.16,27.68
97,97,2015,4,8,34.34,21.74
98,98,2015,4,9,36.5,20.3
99,99,2015,4,10,44.78,18.86
100,100,2015,4,11,49.82,36.14
101,101,2015,4,12,49.1,33.8
102,102,2015,4,13,53.06,33.44
103,103,2015,4,14,47.48,36.68
104,104,2015,4,15,49.28,24.44
105,105,2015,4,16,41.36,24.26
106,106,2015,4,17,56.48,30.74
107,107,2015,4,18,45.14,26.96
108,108,2015,4,19,44.42,26.6
109,109,2015,4,20,51.08,28.4
110,110,2015,4,21,42.08,33.98
111,111,2015,4,22,48.92,35.42
112,112,2015,4,23,40.82,32.72
113,113,2015,4,24,42.98,31.28
114,114,2015,4,25,44.42,30.38
115,115,2015,4,26,46.04,28.76
116,116,2015,4,27,36.68,32.18
117,117,2015,4,28,37.04,32.54
118,118,2015,4,29,44.06,32.36
119,119,2015,4,30,43.34,32.36
120,120,2015,5,1,47.3,32.18
121,121,2015,5,2,52.52,30.2
122,122,2015,5,3,63.86,32.36
123,123,2015,5,4,71.06,36.86
124,124,2015,5,5,68.18,44.24
125,125,2015,5,6,60.98,40.46
126,126,2015,5,7,63.5,34.88
127,127,2015,5,8,53.6,32.72
128,128,2015,5,9,54.68,31.28
129,129,2015,5,10,77.54,48.02
130,130,2015,5,11,59,42.62
131,131,2015,5,12,59.36,40.28
132,132,2015,5,13,57.56,37.94
133,133,2015,5,14,64.04,37.58
134,134,2015,5,15,72.32,40.28
135,135,2015,5,16,72.5,42.26
136,136,2015,5,17,54.86,41.9
137,137,2015,5,18,65.3,38.48
138,138,2015,5,19,66.74,42.62
139,139,2015,5,20,57.56,44.24
140,140,2015,5,21,68.9,43.16
141,141,2015,5,22,48.02,41.18
142,142,2015,5,23,48.74,37.94
143,143,2015,5,24,63.86,37.22
144,144,2015,5,25,80.24,48.2
145,145,2015,5,26,59,49.82
146,146,2015,5,27,78.8,49.82
147,147,2015,5,28,74.12,52.88
148,148,2015,5,29,74.12,50
149,149,2015,5,30,73.04,49.46
150,150,2015,5,31,71.6,41.9
151,151,2015,6,1,48.2,41.72
152,152,2015,6,2,43.16,40.82
153,153,2015,6,3,55.04,41.18
154,154,2015,6,4,63.32,38.84
155,155,2015,6,5,61.34,39.38
156,156,2015,6,6,52.88,40.46
157,157,2015,6,7,61.88,39.56
158,158,2015,6,8,68.54,41.54
159,159,2015,6,9,69.98,53.6
160,160,2015,6,10,62.06,49.82
161,161,2015,6,11,69.8,47.84
162,162,2015,6,12,78.62,56.3
163,163,2015,6,13,74.48,55.76
164,164,2015,6,14,59.54,44.24
165,165,2015,6,15,70.52,44.6
166,166,2015,6,16,61.7,46.04
167,167,2015,6,17,68.36,51.44
168,168,2015,6,18,71.42,46.94
169,169,2015,6,19,57.38,47.48
170,170,2015,6,20,70.34,49.82
171,171,2015,6,21,63.32,48.02
172,172,2015,6,22,60.62,50.9
173,173,2015,6,23,64.04,50.18
174,174,2015,6,24,71.78,53.96
175,175,2015,6,25,73.4,52.52
176,176,2015,6,26,66.38,46.04
177,177,2015,6,27,66.74,42.44
178,178,2015,6,28,57.38,45.86
179,179,2015,6,29,71.78,53.6
180,180,2015,6,30,73.76,53.42
181,181,2015,7,1,73.4,54.32
182,182,2015,7,2,76.46,56.66
183,183,2015,7,3,76.64,56.3
184,184,2015,7,4,79.52,54.86
185,185,2015,7,5,78.62,57.56
186,186,2015,7,6,78.26,56.12
187,187,2015,7,7,78.98,57.56
188,188,2015,7,8,76.46,58.64
189,189,2015,7,9,75.56,56.3
190,190,2015,7,10,74.48,56.48
191,191,2015,7,11,78.8,55.58
192,192,2015,7,12,77,55.76
193,193,2015,7,13,86,60.08
194,194,2015,7,14,79.34,57.56
195,195,2015,7,15,77.9,58.82
196,196,2015,7,16,72.5,53.24
197,197,2015,7,17,73.94,52.88
198,198,2015,7,18,72.14,54.68
199,199,2015,7,19,63.32,55.94
200,200,2015,7,20,69.98,60.62
201,201,2015,7,21,64.22,58.1
202,202,2015,7,22,69.44,58.64
203,203,2015,7,23,73.58,55.94
204,204,2015,7,24,67.46,53.42
205,205,2015,7,25,62.24,54.14
206,206,2015,7,26,66.56,53.42
207,207,2015,7,27,69.08,57.74
208,208,2015,7,28,69.62,62.78
209,209,2015,7,29,77.54,57.02
210,210,2015,7,30,79.34,54.68
211,211,2015,7,31,80.96,62.42
212,212,2015,8,1,82.4,60.26
213,213,2015,8,2,81.32,60.26
214,214,2015,8,3,80.78,59.18
215,215,2015,8,4,79.34,64.22
216,216,2015,8,5,80.24,57.74
217,217,2015,8,6,76.28,57.92
218,218,2015,8,7,76.64,57.74
219,219,2015,8,8,71.6,55.94
220,220,2015,8,9,63.5,57.74
221,221,2015,8,10,72.32,57.38
222,222,2015,8,11,73.04,54.68
223,223,2015,8,12,72.32,62.96
224,224,2015,8,13,74.66,62.6
225,225,2015,8,14,80.06,60.62
226,226,2015,8,15,80.24,58.64
227,227,2015,8,16,82.94,61.16
228,228,2015,8,17,84.56,63.32
229,229,2015,8,18,83.66,61.52
230,230,2015,8,19,84.92,63.14
231,231,2015,8,20,80.06,62.78
232,232,2015,8,21,78.98,68.72
233,233,2015,8,22,75.74,70.7
234,234,2015,8,23,78.8,68.54
235,235,2015,8,24,77.18,62.96
236,236,2015,8,25,81.68,63.14
237,237,2015,8,26,67.1,61.52
238,238,2015,8,27,72.5,60.62
239,239,2015,8,28,75.02,58.64
240,240,2015,8,29,79.16,59
241,241,2015,8,30,76.64,59.54
242,242,2015,8,31,78.26,59.36
243,243,2015,9,1,65.66,50.9
244,244,2015,9,2,75.02,49.46
245,245,2015,9,3,81.32,51.98
246,246,2015,9,4,67.82,48.2
247,247,2015,9,5,75.56,45.86
248,248,2015,9,6,84.56,58.82
249,249,2015,9,7,81.14,57.74
250,250,2015,9,8,74.66,57.92
251,251,2015,9,9,67.1,58.28
252,252,2015,9,10,77.36,66.38
253,253,2015,9,11,74.84,59.9
254,254,2015,9,12,69.62,54.86
255,255,2015,9,13,63.32,56.48
256,256,2015,9,14,75.2,55.4
257,257,2015,9,15,67.64,57.2
258,258,2015,9,16,74.3,54.32
259,259,2015,9,17,82.76,53.96
260,260,2015,9,18,83.48,61.88
261,261,2015,9,19,74.3,58.64
262,262,2015,9,20,75.56,52.16
263,263,2015,9,21,66.02,44.78
264,264,2015,9,22,66.02,44.78
265,265,2015,9,23,71.06,50.9
266,266,2015,9,24,68,44.78
267,267,2015,9,25,62.06,43.88
268,268,2015,9,26,58.46,41.9
269,269,2015,9,27,66.2,41.36
270,270,2015,9,28,72.14,49.1
271,271,2015,9,29,75.2,62.24
272,272,2015,9,30,74.3,65.48
273,273,2015,10,1,69.8,47.84
274,274,2015,10,2,49.28,47.12
275,275,2015,10,3,50.36,37.4
276,276,2015,10,4,61.52,35.06
277,277,2015,10,5,64.04,41.9
278,278,2015,10,6,59.72,49.28
279,279,2015,10,7,65.48,46.76
280,280,2015,10,8,56.66,41.72
281,281,2015,10,9,58.28,38.48
282,282,2015,10,10,57.92,35.6
283,283,2015,10,11,54.14,37.22
284,284,2015,10,12,70.52,48.56
285,285,2015,10,13,66.02,51.44
286,286,2015,10,14,73.04,51.26
287,287,2015,10,15,61.34,37.58
288,288,2015,10,16,64.76,36.5
289,289,2015,10,17,52.34,33.62
290,290,2015,10,18,43.88,29.12
291,291,2015,10,19,40.46,29.3
292,292,2015,10,20,56.48,33.44
293,293,2015,10,21,51.08,33.8
294,294,2015,10,22,57.56,30.92
295,295,2015,10,23,55.22,32
296,296,2015,10,24,53.06,37.76
297,297,2015,10,25,56.84,42.26
298,298,2015,10,26,50,30.74
299,299,2015,10,27,44.6,27.32
300,300,2015,10,28,48.2,33.08
301,301,2015,10,29,64.04,43.52
302,302,2015,10,30,55.22,35.78
303,303,2015,10,31,46.76,32
304,304,2015,11,1,52.88,36.14
305,305,2015,11,2,55.76,39.56
306,306,2015,11,3,43.34,37.22
307,307,2015,11,4,44.96,33.62
308,308,2015,11,5,44.96,36.32
309,309,2015,11,6,59.36,41.72
310,310,2015,11,7,60.8,40.28
311,311,2015,11,8,41.54,32.54
312,312,2015,11,9,52.7,31.64
313,313,2015,11,10,55.94,37.22
314,314,2015,11,11,44.6,37.58
315,315,2015,11,12,47.84,38.66
316,316,2015,11,13,56.84,43.16
317,317,2015,11,14,48.92,36.68
318,318,2015,11,15,39.74,35.6
319,319,2015,11,16,43.52,32.18
320,320,2015,11,17,37.76,29.48
321,321,2015,11,18,34.7,30.56
322,322,2015,11,19,41.54,30.02
323,323,2015,11,20,46.4,41.54
324,324,2015,11,21,50.72,44.96
325,325,2015,11,22,58.82,49.46
326,326,2015,11,23,59.36,32.72
327,327,2015,11,24,32.9,24.26
328,328,2015,11,25,31.64,21.38
329,329,2015,11,26,43.16,22.64
330,330,2015,11,27,55.22,42.08
331,331,2015,11,28,48.56,30.92
332,332,2015,11,29,31.64,19.76
333,333,2015,11,30,25.88,18.5
334,334,2015,12,1,35.78,24.44
335,335,2015,12,2,49.46,30.56
336,336,2015,12,3,49.82,32.18
337,337,2015,12,4,32.54,25.7
338,338,2015,12,5,35.24,27.86
339,339,2015,12,6,48.92,35.24
340,340,2015,12,7,50.72,30.02
341,341,2015,12,8,36.86,26.24
342,342,2015,12,9,39.02,29.48
343,343,2015,12,10,42.44,34.52
344,344,2015,12,11,54.32,39.74
345,345,2015,12,12,51.08,36.86
346,346,2015,12,13,42.08,28.94
347,347,2015,12,14,31.82,28.04
348,348,2015,12,15,37.58,30.74
349,349,2015,12,16,35.24,28.04
350,350,2015,12,17,43.52,25.88
351,351,2015,12,18,52.7,43.52
352,352,2015,12,19,49.1,27.32
353,353,2015,12,20,28.76,21.92
354,354,2015,12,21,44.78,22.64
355,355,2015,12,22,41.54,31.64
356,356,2015,12,23,40.1,33.44
357,357,2015,12,24,55.04,37.4
358,358,2015,12,25,53.96,40.64
359,359,2015,12,26,40.82,29.66
360,360,2015,12,27,32.54,27.14
361,361,2015,12,28,27.32,5.9
362,362,2015,12,29,19.76,5.18
363,363,2015,12,30,27.68,17.6
364,364,2015,12,31,37.22,25.7
365,0,2016,1,1,32.72,23.54
366,1,2016,1,2,34.34,23
367,2,2016,1,3,36.86,27.68
368,3,2016,1,4,31.1,10.4
369,4,2016,1,5,16.52,6.44
370,5,2016,1,6,33.26,12.38
371,6,2016,1,7,35.42,22.46
372,7,2016,1,8,28.4,17.78
373,8,2016,1,9,27.68,21.56
374,9,2016,1,10,44.42,25.88
375,10,2016,1,11,49.1,24.26
376,11,2016,1,12,28.76,19.58
377,12,2016,1,13,33.8,21.2
378,13,2016,1,14,21.38,11.3
379,14,2016,1,15,21.56,10.58
380,15,2016,1,16,25.52,14.18
381,16,2016,1,17,31.64,24.26
382,17,2016,1,18,27.5,17.78
383,18,2016,1,19,18.32,11.48
384,19,2016,1,20,28.04,16.52
385,20,2016,1,21,21.56,14.36
386,21,2016,1,22,20.12,9.68
387,22,2016,1,23,19.76,6.62
388,23,2016,1,24,26.96,13.82
389,24,2016,1,25,27.5,14
390,25,2016,1,26,43.16,17.78
391,26,2016,1,27,41.9,23.36
392,27,2016,1,28,34.16,17.06
393,28,2016,1,29,33.98,29.66
394,29,2016,1,30,29.66,24.08
395,30,2016,1,31,37.76,26.78
396,31,2016,2,1,43.7,33.98
397,32,2016,2,2,35.96,17.06
398,33,2016,2,3,41.54,12.38
399,34,2016,2,4,49.64,41.36
400,35,2016,2,5,41.36,23.54
401,36,2016,2,6,26.78,17.96
402,37,2016,2,7,39.56,16.16
403,38,2016,2,8,24.26,15.44
404,39,2016,2,9,28.04,22.46
405,40,2016,2,10,29.48,17.24
406,41,2016,2,11,30.56,17.24
407,42,2016,2,12,21.38,7.16
408,43,2016,2,13,15.08,7.34
409,44,2016,2,14,13.46,2.48
410,45,2016,2,15,21.02,1.22
411,46,2016,2,16,51.44,15.98
412,47,2016,2,17,52.52,29.84
413,48,2016,2,18,37.04,23.72
414,49,2016,2,19,32,18.86
415,50,2016,2,20,43.52,21.38
416,51,2016,2,21,44.24,34.52
417,52,2016,2,22,34.52,15.62
418,53,2016,2,23,28.58,10.58
419,54,2016,2,24,45.32,18.5
420,55,2016,2,25,56.48,39.92
421,56,2016,2,26,41.18,23.9
422,57,2016,2,27,31.64,17.96
423,58,2016,2,28,45.86,27.68
425,60,2016,3,1,41.9,23.18
426,61,2016,3,2,50.36,19.58
427,62,2016,3,3,33.26,12.56
428,63,2016,3,4,27.14,9.32
429,64,2016,3,5,24.62,14.54
430,65,2016,3,6,29.12,12.38
431,66,2016,3,7,37.22,21.74
432,67,2016,3,8,42.08,23.18
433,68,2016,3,9,41.18,21.38
434,69,2016,3,10,44.24,28.4
435,70,2016,3,11,29.66,23.9
436,71,2016,3,12,34.34,20.48
437,72,2016,3,13,41.18,24.08
438,73,2016,3,14,36.14,20.3
439,74,2016,3,15,35.24,19.22
440,75,2016,3,16,47.66,33.26
441,76,2016,3,17,36.86,28.4
442,77,2016,3,18,38.84,22.64
443,78,2016,3,19,29.66,18.32
444,79,2016,3,20,31.82,14.54
445,80,2016,3,21,37.94,21.02
446,81,2016,3,22,29.84,23.54
447,82,2016,3,23,39.56,21.56
448,83,2016,3,24,26.42,15.44
449,84,2016,3,25,49.1,25.7
450,85,2016,3,26,38.3,20.84
451,86,2016,3,27,39.02,20.66
452,87,2016,3,28,48.02,29.12
453,88,2016,3,29,45.68,28.4
454,89,2016,3,30,45.5,25.7
455,90,2016,3,31,62.78,34.52
456,91,2016,4,1,55.58,48.38
457,92,2016,4,2,51.08,41.72
458,93,2016,4,3,42.8,19.58
459,94,2016,4,4,30.74,15.98
460,95,2016,4,5,27.86,14.9
461,96,2016,4,6,31.46,14.36
462,97,2016,4,7,52.88,29.3
463,98,2016,4,8,50.54,42.62
464,99,2016,4,9,49.1,32.36
465,100,2016,4,10,33.98,26.78
466,101,2016,4,11,42.8,24.8
467,102,2016,4,12,54.86,42.98
468,103,2016,4,13,51.62,29.84
469,104,2016,4,14,43.7,28.76
470,105,2016,4,15,34.52,29.66
471,106,2016,4,16,38.48,29.84
472,107,2016,4,17,52.7,28.22
473,108,2016,4,18,46.58,26.6
474,109,2016,4,19,46.76,25.7
475,110,2016,4,20,47.66,27.14
476,111,2016,4,21,65.66,31.82
477,112,2016,4,22,68.72,36.14
478,113,2016,4,23,60.98,39.74
479,114,2016,4,24,47.12,28.94
480,115,2016,4,25,47.48,27.68
481,116,2016,4,26,46.22,28.22
482,117,2016,4,27,51.98,28.4
483,118,2016,4,28,39.92,28.22
484,119,2016,4,29,50.18,26.6
485,120,2016,4,30,57.38,30.2
486,121,2016,5,1,59.36,32
487,122,2016,5,2,54.68,36.14
488,123,2016,5,3,51.62,38.48
489,124,2016,5,4,49.82,35.96
490,125,2016,5,5,45.86,37.76
491,126,2016,5,6,51.62,40.46
492,127,2016,5,7,57.02,39.92
493,128,2016,5,8,65.48,45.5
494,129,2016,5,9,53.78,39.02
495,130,2016,5,10,54.86,39.2
496,131,2016,5,11,56.66,39.38
497,132,2016,5,12,62.42,36.5
498,133,2016,5,13,59,33.98
499,134,2016,5,14,64.4,44.06
500,135,2016,5,15,61.88,43.88
501,136,2016,5,16,50.18,38.12
502,137,2016,5,17,58.46,39.74
503,138,2016,5,18,66.92,42.44
504,139,2016,5,19,65.66,41.36
505,140,2016,5,20,66.2,45.14
506,141,2016,5,21,79.34,53.78
507,142,2016,5,22,61.7,51.26
508,143,2016,5,23,56.84,43.7
509,144,2016,5,24,64.22,42.08
510,145,2016,5,25,69.62,48.2
511,146,2016,5,26,69.44,42.98
512,147,2016,5,27,54.86,42.44
513,148,2016,5,28,66.56,42.08
514,149,2016,5,29,63.32,41.54
515,150,2016,5,30,59.9,45.14
516,151,2016,5,31,75.38,54.86
517,152,2016,6,1,62.06,38.3
518,153,2016,6,2,57.2,35.24
519,154,2016,6,3,58.28,44.24
520,155,2016,6,4,69.26,46.76
521,156,2016,6,5,70.52,48.02
522,157,2016,6,6,55.4,47.66
523,158,2016,6,7,64.4,51.08
524,159,2016,6,8,66.56,51.98
525,160,2016,6,9,58.46,44.96
526,161,2016,6,10,56.12,44.96
527,162,2016,6,11,69.08,49.1
528,163,2016,6,12,56.12,50.9
529,164,2016,6,13,57.38,50.18
530,165,2016,6,14,51.62,47.12
531,166,2016,6,15,56.3,47.12
532,167,2016,6,16,54.86,44.24
533,168,2016,6,17,65.3,40.82
534,169,2016,6,18,74.48,42.8
535,170,2016,6,19,80.42,53.78
536,171,2016,6,20,74.12,50.36
537,172,2016,6,21,71.42,53.42
538,173,2016,6,22,74.48,54.68
539,174,2016,6,23,74.48,53.6
540,175,2016,6,24,73.22,50.9
541,176,2016,6,25,75.02,53.96
542,177,2016,6,26,78.8,51.08
543,178,2016,6,27,77.72,56.66
544,179,2016,6,28,76.82,55.76
545,180,2016,6,29,69.08,36.41
546,181,2016,6,30,79.52,61.52
547,182,2016,7,1,80.06,55.94
548,183,2016,7,2,67.28,54.5
549,184,2016,7,3,72.32,55.22
550,185,2016,7,4,80.78,53.96
551,186,2016,7,5,80.42,59.18
552,187,2016,7,6,72.14,51.26
553,188,2016,7,7,61.16,51.44
554,189,2016,7,8,59.9,51.44
555,190,2016,7,9,63.32,51.08
556,191,2016,7,10,57.38,52.52
557,192,2016,7,11,69.26,54.14
558,193,2016,7,12,83.48,54.68
559,194,2016,7,13,78.8,57.74
560,195,2016,7,14,77.18,58.46
561,196,2016,7,15,83.3,62.6
562,197,2016,7,16,86,62.42
563,198,2016,7,17,78.44,60.98
564,199,2016,7,18,74.3,61.52
565,200,2016,7,19,78.98,58.1
566,201,2016,7,20,74.66,55.4
567,202,2016,7,21,82.4,57.92
568,203,2016,7,22,76.28,58.64
569,204,2016,7,23,79.16,59.72
570,205,2016,7,24,84.74,58.82
571,206,2016,7,25,84.38,61.7
572,207,2016,7,26,73.22,61.34
573,208,2016,7,27,83.3,64.22
574,209,2016,7,28,82.76,61.34
575,210,2016,7,29,80.96,61.7
576,211,2016,7,30,81.5,64.76
577,212,2016,7,31,81.14,60.62
578,213,2016,8,1,80.06,57.02
579,214,2016,8,2,77.9,55.4
580,215,2016,8,3,76.64,50.72
581,216,2016,8,4,75.74,57.02
582,217,2016,8,5,81.14,59
583,218,2016,8,6,76.46,64.04
584,219,2016,8,7,80.96,62.06
585,220,2016,8,8,75.92,58.64
586,221,2016,8,9,73.76,54.14
587,222,2016,8,10,82.22,55.76
588,223,2016,8,11,84.2,62.78
589,224,2016,8,12,78.44,58.64
590,225,2016,8,13,73.94,56.48
591,226,2016,8,14,64.94,60.08
592,227,2016,8,15,71.06,58.82
593,228,2016,8,16,78.8,56.84
594,229,2016,8,17,73.04,58.1
595,230,2016,8,18,80.42,60.44
596,231,2016,8,19,76.82,58.28
597,232,2016,8,20,72.68,56.3
598,233,2016,8,21,73.94,60.08
599,234,2016,8,22,80.06,61.88
600,235,2016,8,23,74.3,56.48
601,236,2016,8,24,80.42,55.76
602,237,2016,8,25,80.06,59.18
603,238,2016,8,26,72.32,61.7
604,239,2016,8,27,74.84,53.78
605,240,2016,8,28,73.76,52.88
606,241,2016,8,29,72.14,58.46
607,242,2016,8,30,73.4,55.76
608,243,2016,8,31,77.36,58.28
609,244,2016,9,1,73.4,60.8
610,245,2016,9,2,63.86,49.64
611,246,2016,9,3,69.44,36.41
612,247,2016,9,4,70.16,48.74
613,248,2016,9,5,70.88,50
614,249,2016,9,6,78.26,65.84
615,250,2016,9,7,82.76,65.66
616,251,2016,9,8,80.24,65.48
617,252,2016,9,9,75.92,63.14
618,253,2016,9,10,78.98,59.72
619,254,2016,9,11,76.46,55.58
620,255,2016,9,12,69.8,50.72
621,256,2016,9,13,78.08,51.8
622,257,2016,9,14,73.76,52.52
623,258,2016,9,15,62.06,47.3
624,259,2016,9,16,67.46,44.96
625,260,2016,9,17,69.62,46.4
626,261,2016,9,18,73.58,56.3
627,262,2016,9,19,72.14,62.6
628,263,2016,9,20,74.12,61.88
629,264,2016,9,21,75.2,59
630,265,2016,9,22,71.78,53.06
631,266,2016,9,23,53.08,52.16
632,267,2016,9,24,59.72,41.72
633,268,2016,9,25,54.14,40.28
634,269,2016,9,26,57.2,42.26
635,270,2016,9,27,55.04,42.26
636,271,2016,9,28,56.48,48.56
637,272,2016,9,29,60.08,41.72
638,273,2016,9,30,63.5,40.46
639,274,2016,10,1,64.58,45.14
640,275,2016,10,2,55.22,49.64
641,276,2016,10,3,57.38,38.3
642,277,2016,10,4,58.1,35.06
643,278,2016,10,5,65.3,39.74
644,279,2016,10,6,69.44,45.5
645,280,2016,10,7,72.68,49.28
646,281,2016,10,8,71.78,49.64
647,282,2016,10,9,68.72,50
648,283,2016,10,10,50.36,43.7
649,284,2016,10,11,53.96,40.28
650,285,2016,10,12,61.52,39.74
651,286,2016,10,13,65.48,44.96
652,287,2016,10,14,59.54,37.04
653,288,2016,10,15,51.8,36.14
654,289,2016,10,16,57.2,34.16
655,290,2016,10,17,64.4,43.34
656,291,2016,10,18,59.36,42.62
657,292,2016,10,19,68,48.02
658,293,2016,10,20,59.18,41.72
659,294,2016,10,21,64.58,47.3
660,295,2016,10,22,68,56.84
661,296,2016,10,23,56.84,40.64
662,297,2016,10,24,55.04,38.66
663,298,2016,10,25,45.32,35.42
664,299,2016,10,26,50.18,34.34
665,300,2016,10,27,46.4,32.18
666,301,2016,10,28,48.2,30.74
667,302,2016,10,29,53.24,46.58
668,303,2016,10,30,48.2,41.54
669,304,2016,10,31,48.38,41.18
670,305,2016,11,1,46.22,40.64
671,306,2016,11,2,50,39.92
672,307,2016,11,3,47.66,42.98
673,308,2016,11,4,47.12,33.8
674,309,2016,11,5,39.74,29.66
675,310,2016,11,6,38.66,33.62
676,311,2016,11,7,44.06,27.68
677,312,2016,11,8,51.62,27.5
678,313,2016,11,9,57.74,32
679,314,2016,11,10,43.16,33.26
680,315,2016,11,11,54.86,36.32
681,316,2016,11,12,41.54,30.92
682,317,2016,11,13,51.62,37.76
683,318,2016,11,14,56.48,37.04
684,319,2016,11,15,56.48,39.92
685,320,2016,11,16,55.04,50.18
686,321,2016,11,17,52.52,47.48
687,322,2016,11,18,47.84,43.16
688,323,2016,11,19,48.02,43.16
689,324,2016,11,20,53.24,41
690,325,2016,11,21,50,34.88
691,326,2016,11,22,38.3,32.54
692,327,2016,11,23,40.64,33.08
693,328,2016,11,24,38.84,31.46
694,329,2016,11,25,36.5,31.64
695,330,2016,11,26,41.36,29.12
696,331,2016,11,27,34.88,31.1
697,332,2016,11,28,35.96,30.92
698,333,2016,11,29,35.6,30.2
699,334,2016,11,30,36.14,32.18
700,335,2016,12,1,46.58,32.36
701,336,2016,12,2,39.92,31.82
702,337,2016,12,3,38.48,28.22
703,338,2016,12,4,32.9,25.7
704,339,2016,12,5,29.12,22.28
705,340,2016,12,6,33.08,21.92
706,341,2016,12,7,30.38,21.74
707,342,2016,12,8,39.02,28.04
708,343,2016,12,9,31.46,23.54
709,344,2016,12,10,23.54,9.68
710,345,2016,12,11,20.84,8.6
711,346,2016,12,12,32.9,11.3
712,347,2016,12,13,30.74,18.14
713,348,2016,12,14,35.24,17.6
714,349,2016,12,15,29.66,5.9
715,350,2016,12,16,5.9,1.22
716,351,2016,12,17,39.38,2.66
717,352,2016,12,18,52.34,32.18
718,353,2016,12,19,32,6.98
719,354,2016,12,20,22.82,4.28
720,355,2016,12,21,38.66,22.28
721,356,2016,12,22,35.78,24.8
722,357,2016,12,23,33.62,27.68
723,358,2016,12,24,42.8,31.1
724,359,2016,12,25,36.86,16.34
725,360,2016,12,26,24.26,11.84
726,361,2016,12,27,50.18,24.26
727,362,2016,12,28,33.62,24.44
728,363,2016,12,29,37.04,21.38
729,364,2016,12,30,46.58,29.12
730,365,2016,12,31,29.66,19.04
731,0,2017,1,1,41.9,26.24
732,1,2017,1,2,33.8,21.56
733,2,2017,1,3,30.92,18.32
734,3,2017,1,4,47.12,30.92
735,4,2017,1,5,40.28,24.8
736,5,2017,1,6,31.28,19.4
737,6,2017,1,7,19.22,11.66
738,7,2017,1,8,23.36,9.14
739,8,2017,1,9,9.32,1.04
740,9,2017,1,10,32,2.48
741,10,2017,1,11,42.8,29.48
742,11,2017,1,12,50,29.48
743,12,2017,1,13,47.3,13.64
744,13,2017,1,14,16.34,7.16
745,14,2017,1,15,23.9,5.9
746,15,2017,1,16,32.36,5.18
747,16,2017,1,17,29.48,36.41
748,17,2017,1,18,26.96,9.86
749,18,2017,1,19,32.54,21.56
750,19,2017,1,20,29.84,25.7
751,20,2017,1,21,33.98,23.72
752,21,2017,1,22,30.38,25.34
753,22,2017,1,23,32,23.36
754,23,2017,1,24,37.76,19.4
755,24,2017,1,25,44.6,33.98
756,25,2017,1,26,41,32.72
757,26,2017,1,27,39.56,30.56
758,27,2017,1,28,32.36,25.88
759,28,2017,1,29,37.22,24.8
760,29,2017,1,30,35.78,25.88
761,30,2017,1,31,27.32,17.6
762,31,2017,2,1,30.56,12.38
763,32,2017,2,2,29.66,19.4
764,33,2017,2,3,20.48,10.58
765,34,2017,2,4,15.8,8.6
766,35,2017,2,5,32.72,5.72
767,36,2017,2,6,32.18,12.92
768,37,2017,2,7,14.36,5.72
769,38,2017,2,8,43.16,10.04
770,39,2017,2,9,32.9,19.94
771,40,2017,2,10,20.84,2.84
772,41,2017,2,11,14.18,1.22
773,42,2017,2,12,26.78,36.41
774,43,2017,2,13,28.22,21.38
775,44,2017,2,14,26.06,19.22
776,45,2017,2,15,27.14,19.58
777,46,2017,2,16,29.12,22.64
778,47,2017,2,17,28.58,22.28
779,48,2017,2,18,35.24,18.5
780,49,2017,2,19,42.98,31.28
781,50,2017,2,20,31.28,24.08
782,51,2017,2,21,32.72,20.12
783,52,2017,2,22,43.16,19.94
784,53,2017,2,23,42.8,28.58
785,54,2017,2,24,51.98,37.22
786,55,2017,2,25,54.14,35.96
787,56,2017,2,26,51.08,26.24
788,57,2017,2,27,37.94,22.28
789,58,2017,2,28,41.54,26.78
790,59,2017,3,1,46.4,33.44
791,60,2017,3,2,49.46,23
792,61,2017,3,3,27.32,13.64
793,62,2017,3,4,13.46,6.62
794,63,2017,3,5,24.98,6.98
795,64,2017,3,6,29.66,14
796,65,2017,3,7,40.28,17.06
797,66,2017,3,8,47.66,30.2
798,67,2017,3,9,43.52,25.34
799,68,2017,3,10,27.5,14.54
800,69,2017,3,11,14.36,-2.92
801,70,2017,3,12,14.72,-3.28
802,71,2017,3,13,30.38,8.78
803,72,2017,3,14,42.62,16.16
804,73,2017,3,15,43.16,26.42
805,74,2017,3,16,32.9,24.98
806,75,2017,3,17,28.58,20.48
807,76,2017,3,18,34.52,21.56
808,77,2017,3,19,33.44,20.12
809,78,2017,3,20,34.88,28.22
810,79,2017,3,21,39.02,27.14
811,80,2017,3,22,44.24,19.76
812,81,2017,3,23,19.76,11.84
813,82,2017,3,24,29.48,11.66
814,83,2017,3,25,38.66,23.36
815,84,2017,3,26,32.54,18.32
816,85,2017,3,27,53.08,22.1
817,86,2017,3,28,31.28,24.8
818,87,2017,3,29,30.02,26.78
819,88,2017,3,30,30.38,26.24
820,89,2017,3,31,31.46,24.98
821,90,2017,4,1,40.46,22.28
822,91,2017,4,2,33.08,27.5
823,92,2017,4,3,35.96,26.78
824,93,2017,4,4,44.24,25.34
825,94,2017,4,5,37.04,29.66
826,95,2017,4,6,44.24,31.82
827,96,2017,4,7,52.88,36.86
828,97,2017,4,8,45.5,33.98
829,98,2017,4,9,48.38,34.16
830,99,2017,4,10,52.34,32.54
831,100,2017,4,11,73.58,38.3
832,101,2017,4,12,57.56,35.06
833,102,2017,4,13,58.1,35.6
834,103,2017,4,14,51.98,35.06
835,104,2017,4,15,59,35.42
836,105,2017,4,16,64.22,37.58
837,106,2017,4,17,51.62,29.84
838,107,2017,4,18,41.54,20.84
839,108,2017,4,19,41,17.6
840,109,2017,4,20,36.86,26.06
841,110,2017,4,21,51.08,26.96
842,111,2017,4,22,42.8,24.98
843,112,2017,4,23,40.82,31.82
844,113,2017,4,24,58.82,32.72
845,114,2017,4,25,54.68,27.5
846,115,2017,4,26,51.44,39.02
847,116,2017,4,27,59.54,49.28
848,117,2017,4,28,60.08,47.3
849,118,2017,4,29,68.72,42.44
850,119,2017,4,30,52.34,38.12
851,120,2017,5,1,41.18,34.88
852,121,2017,5,2,55.76,37.4
853,122,2017,5,3,62.24,47.48
854,123,2017,5,4,59.18,41.9
855,124,2017,5,5,59.18,39.38
856,125,2017,5,6,59.72,48.38
857,126,2017,5,7,60.62,51.08
858,127,2017,5,8,59,37.76
859,128,2017,5,9,54.5,38.48
860,129,2017,5,10,47.66,39.56
861,130,2017,5,11,48.56,38.48
862,131,2017,5,12,57.56,37.58
863,132,2017,5,13,64.94,36.32
864,133,2017,5,14,48.92,35.42
865,134,2017,5,15,50.18,43.52
866,135,2017,5,16,53.96,40.1
867,136,2017,5,17,70.52,48.02
868,137,2017,5,18,85.46,50.9
869,138,2017,5,19,85.64,48.02
870,139,2017,5,20,53.42,42.26
871,140,2017,5,21,57.2,40.1
872,141,2017,5,22,67.46,40.82
873,142,2017,5,23,54.14,44.42
874,143,2017,5,24,64.58,46.04
875,144,2017,5,25,65.66,42.26
876,145,2017,5,26,49.46,42.8
877,146,2017,5,27,51.44,42.44
878,147,2017,5,28,59.18,39.38
879,148,2017,5,29,60.62,39.74
880,149,2017,5,30,61.88,37.76
881,150,2017,5,31,61.88,40.64
882,151,2017,6,1,71.78,50.54
883,152,2017,6,2,69.44,48.74
884,153,2017,6,3,63.5,43.7
885,154,2017,6,4,56.3,41.9
886,155,2017,6,5,55.4,41.72
887,156,2017,6,6,62.78,41.36
888,157,2017,6,7,69.26,39.56
889,158,2017,6,8,81.14,44.06
890,159,2017,6,9,59.18,49.46
891,160,2017,6,10,70.34,50.72
892,161,2017,6,11,78.26,48.74
893,162,2017,6,12,83.3,59.72
894,163,2017,6,13,86.36,57.02
895,164,2017,6,14,61.88,41.9
896,165,2017,6,15,62.42,41.36
897,166,2017,6,16,64.04,43.52
898,167,2017,6,17,60.44,51.08
899,168,2017,6,18,75.38,55.76
900,169,2017,6,19,75.2,60.62
901,170,2017,6,20,65.66,57.02
902,171,2017,6,21,72.32,55.76
903,172,2017,6,22,77,53.24
904,173,2017,6,23,74.66,51.8
905,174,2017,6,24,66.74,60.08
906,175,2017,6,25,81.14,58.1
907,176,2017,6,26,78.98,55.22
908,177,2017,6,27,74.3,53.06
909,178,2017,6,28,71.06,51.44
910,179,2017,6,29,73.22,53.06
911,180,2017,6,30,62.06,54.14
912,181,2017,7,1,62.6,56.66
913,182,2017,7,2,71.6,57.56
914,183,2017,7,3,78.98,58.64
915,184,2017,7,4,75.02,57.02
916,185,2017,7,5,75.38,53.42
917,186,2017,7,6,74.66,53.78
918,187,2017,7,7,73.76,53.42
919,188,2017,7,8,75.02,62.42
920,189,2017,7,9,79.16,59.9
921,190,2017,7,10,79.34,57.38
922,191,2017,7,11,73.58,58.46
923,192,2017,7,12,78.8,61.7
924,193,2017,7,13,63.14,51.26
925,194,2017,7,14,73.58,48.74
926,195,2017,7,15,73.76,48.74
927,196,2017,7,16,75.74,56.66
928,197,2017,7,17,79.34,54.68
929,198,2017,7,18,73.94,61.7
930,199,2017,7,19,80.06,61.52
931,200,2017,7,20,84.02,62.78
932,201,2017,7,21,84.74,63.86
933,202,2017,7,22,73.76,57.38
934,203,2017,7,23,71.78,53.06
935,204,2017,7,24,71.78,49.82
936,205,2017,7,25,60.44,52.7
937,206,2017,7,26,73.94,50.9
938,207,2017,7,27,68.54,53.42
939,208,2017,7,28,69.62,56.48
940,209,2017,7,29,72.32,59.72
941,210,2017,7,30,74.66,57.56
942,211,2017,7,31,80.24,58.1
943,212,2017,8,1,82.04,57.56
944,213,2017,8,2,79.52,58.1
945,214,2017,8,3,78.08,60.26
946,215,2017,8,4,79.52,36.41
947,216,2017,8,5,77.18,63.5
948,217,2017,8,6,72.5,57.74
949,218,2017,8,7,74.12,54.32
950,219,2017,8,8,62.78,55.76
951,220,2017,8,9,75.38,53.6
952,221,2017,8,10,79.16,59
953,222,2017,8,11,79.88,58.46
954,223,2017,8,12,69.8,58.64
955,224,2017,8,13,71.78,60.98
956,225,2017,8,14,79.16,59.36
957,226,2017,8,15,78.08,58.1
958,227,2017,8,16,77.72,54.86
959,228,2017,8,17,70.34,51.62
960,229,2017,8,18,73.22,36.41
961,230,2017,8,19,66.74,57.92
962,231,2017,8,20,78.44,62.78
963,232,2017,8,21,81.14,61.7
964,233,2017,8,22,86.18,60.44
965,234,2017,8,23,69.08,63.86
966,235,2017,8,24,77.18,58.82
967,236,2017,8,25,75.38,55.94
968,237,2017,8,26,67.28,53.06
969,238,2017,8,27,67.28,52.34
970,239,2017,8,28,71.06,48.02
971,240,2017,8,29,73.22,48.38
972,241,2017,8,30,64.58,54.32
973,242,2017,8,31,74.48,53.42
974,243,2017,9,1,62.42,48.38
975,244,2017,9,2,56.84,46.4
976,245,2017,9,3,62.24,45.86
977,246,2017,9,4,69.26,55.04
978,247,2017,9,5,71.6,54.32
979,248,2017,9,6,77.72,65.66
980,249,2017,9,7,72.14,60.26
981,250,2017,9,8,73.04,52.52
982,251,2017,9,9,71.24,52.16
983,252,2017,9,10,64.94,48.92
984,253,2017,9,11,65.12,48.2
985,254,2017,9,12,69.98,51.26
986,255,2017,9,13,76.1,51.98
987,256,2017,9,14,77.72,55.4
988,257,2017,9,15,74.66,58.1
989,258,2017,9,16,77,60.26
990,259,2017,9,17,67.46,58.82
991,260,2017,9,18,65.66,61.16
992,261,2017,9,19,70.52,61.16
993,262,2017,9,20,71.42,64.04
994,263,2017,9,21,70.52,48.2
995,264,2017,9,22,67.1,46.22
996,265,2017,9,23,77.9,53.6
997,266,2017,9,24,76.1,55.4
998,267,2017,9,25,78.26,59.18
999,268,2017,9,26,84.02,58.64
1000,269,2017,9,27,69.26,57.2
1001,270,2017,9,28,71.42,47.12
1002,271,2017,9,29,56.3,42.44
1003,272,2017,9,30,55.22,40.46
1004,273,2017,10,1,61.16,39.02
1005,274,2017,10,2,56.3,41.36
1006,275,2017,10,3,58.28,39.56
1007,276,2017,10,4,69.44,42.98
1008,277,2017,10,5,71.6,50.36
1009,278,2017,10,6,65.12,50.36
1010,279,2017,10,7,66.56,46.76
1011,280,2017,10,8,73.04,59.54
1012,281,2017,10,9,73.58,59.54
1013,282,2017,10,10,70.7,57.92
1014,283,2017,10,11,58.64,52.34
1015,284,2017,10,12,52.88,37.4
1016,285,2017,10,13,55.58,36.14
1017,286,2017,10,14,62.42,41.9
1018,287,2017,10,15,64.58,52.7
1019,288,2017,10,16,69.98,45.14
1020,289,2017,10,17,49.46,35.96
1021,290,2017,10,18,60.62,36.14
1022,291,2017,10,19,63.86,40.28
1023,292,2017,10,20,63.68,45.5
1024,293,2017,10,21,53.42,37.58
1025,294,2017,10,22,51.8,35.42
1026,295,2017,10,23,62.06,35.24
1027,296,2017,10,24,70.16,51.8
1028,297,2017,10,25,69.08,59.54
1029,298,2017,10,26,68.72,58.28
1030,299,2017,10,27,60.98,44.6
1031,300,2017,10,28,57.74,41
1032,301,2017,10,29,63.32,44.96
1033,302,2017,10,30,64.04,51.8
1034,303,2017,10,31,59,43.16
1035,304,2017,11,1,54.68,39.74
1036,305,2017,11,2,58.1,37.22
1037,306,2017,11,3,64.22,48.56
1038,307,2017,11,4,48.74,31.46
1039,308,2017,11,5,52.16,29.84
1040,309,2017,11,6,63.86,48.74
1041,310,2017,11,7,60.08,35.42
1042,311,2017,11,8,53.08,36.41
1043,312,2017,11,9,44.96,35.06
1044,313,2017,11,10,55.04,23
1045,314,2017,11,11,35.6,22.46
1046,315,2017,11,12,35.24,21.38
1047,316,2017,11,13,42.44,26.24
1048,317,2017,11,14,38.66,31.46
1049,318,2017,11,15,43.88,29.12
1050,319,2017,11,16,47.3,26.6
1051,320,2017,11,17,50.72,33.26
1052,321,2017,11,18,37.58,30.38
1053,322,2017,11,19,59.36,32.18
1054,323,2017,11,20,41.72,24.44
1055,324,2017,11,21,48.38,22.1
1056,325,2017,11,22,60.8,46.94
1057,326,2017,11,23,57.2,28.76
1058,327,2017,11,24,42.44,28.58
1059,328,2017,11,25,53.96,36.14
1060,329,2017,11,26,50.18,29.12
1061,330,2017,11,27,33.98,20.48
1062,331,2017,11,28,30.2,19.22
1063,332,2017,11,29,49.82,28.22
1064,333,2017,11,30,35.78,24.62
1065,334,2017,12,1,47.3,32.72
1066,335,2017,12,2,41.36,33.26
1067,336,2017,12,3,37.76,32.18
1068,337,2017,12,4,37.04,30.56
1069,338,2017,12,5,40.82,30.56
1070,339,2017,12,6,53.24,39.2
1071,340,2017,12,7,41.72,31.82
1072,341,2017,12,8,40.1,30.2
1073,342,2017,12,9,38.48,32.72
1074,343,2017,12,10,38.3,27.86
1075,344,2017,12,11,35.06,28.4
1076,345,2017,12,12,44.78,24.98
1077,346,2017,12,13,53.24,24.8
1078,347,2017,12,14,32.9,18.32
1079,348,2017,12,15,26.24,16.52
1080,349,2017,12,16,22.28,12.92
1081,350,2017,12,17,23.9,6.62
1082,351,2017,12,18,23,5
1083,352,2017,12,19,39.38,21.38
1084,353,2017,12,20,39.2,25.16
1085,354,2017,12,21,25.34,15.44
1086,355,2017,12,22,23.9,13.28
1087,356,2017,12,23,53.24,17.06
1088,357,2017,12,24,52.16,23.72
1089,358,2017,12,25,46.94,22.64
1090,359,2017,12,26,29.12,14
1091,360,2017,12,27,14.9,5.72
1092,361,2017,12,28,8.96,1.76
1093,362,2017,12,29,17.42,6.8
1094,363,2017,12,30,17.24,6.98
1095,364,2017,12,31,13.82,5.72
1096,0,2018,1,1,13.64,9.14
1097,1,2018,1,2,11.48,7.52
1098,2,2018,1,3,25.7,6.08
1099,3,2018,1,4,49.64,22.28
1100,4,2018,1,5,42.62,11.66
1101,5,2018,1,6,11.84,2.48
1102,6,2018,1,7,11.84,1.4
1103,7,2018,1,8,37.76,11.66
1104,8,2018,1,9,37.76,19.22
1105,9,2018,1,10,27.14,16.16
1106,10,2018,1,11,47.3,21.2
1107,11,2018,1,12,55.76,42.8
1108,12,2018,1,13,59.72,28.4
1109,13,2018,1,14,28.94,17.24
1110,14,2018,1,15,23.9,17.24
1111,15,2018,1,16,26.78,19.22
1112,16,2018,1,17,29.66,19.04
1113,17,2018,1,18,32,16.52
1114,18,2018,1,19,20.3,10.94
1115,19,2018,1,20,37.94,15.62
1116,20,2018,1,21,37.94,19.94
1117,21,2018,1,22,21.2,9.5
1118,22,2018,1,23,50,12.56
1119,23,2018,1,24,51.62,19.4
1120,24,2018,1,25,25.7,11.84
1121,25,2018,1,26,18.14,7.16
1122,26,2018,1,27,40.64,9.14
1123,27,2018,1,28,45.5,33.98
1124,28,2018,1,29,33.98,19.22
1125,29,2018,1,30,24.26,14.54
1126,30,2018,1,31,19.76,11.48
1127,31,2018,2,1,39.74,14.72
1128,32,2018,2,2,44.6,8.96
1129,33,2018,2,3,10.76,2.84
1130,34,2018,2,4,37.94,36.41
1131,35,2018,2,5,52.16,23.18
1132,36,2018,2,6,28.04,18.86
1133,37,2018,2,7,46.94,19.4
1134,38,2018,2,8,49.64,19.22
1135,39,2018,2,9,25.16,12.2
1136,40,2018,2,10,43.7,24.26
1137,41,2018,2,11,44.78,30.56
1138,42,2018,2,12,49.46,22.46
1139,43,2018,2,13,22.46,13.28
1140,44,2018,2,14,53.08,13.28
1141,45,2018,2,15,45.5,29.3
1142,46,2018,2,16,41,29.12
1143,47,2018,2,17,29.12,14.18
1144,48,2018,2,18,30.02,18.14
1145,49,2018,2,19,36.86,21.02
1146,50,2018,2,20,41,32.72
1147,51,2018,2,21,51.08,32.9
1148,52,2018,2,22,42.08,21.74
1149,53,2018,2,23,31.82,16.34
1150,54,2018,2,24,40.64,25.88
1151,55,2018,2,25,29.66,21.92
1152,56,2018,2,26,39.02,27.68
1153,57,2018,2,27,39.2,26.24
1154,58,2018,2,28,47.12,25.34
1155,59,2018,3,1,35.42,28.76
1156,60,2018,3,2,44.96,29.66
1157,61,2018,3,3,47.48,32
1158,62,2018,3,4,36.32,30.38
1159,63,2018,3,5,41.54,29.66
1160,64,2018,3,6,38.48,28.94
1161,65,2018,3,7,39.74,28.76
1162,66,2018,3,8,37.76,31.28
1163,67,2018,3,9,36.68,31.28
1164,68,2018,3,10,35.96,30.2
1165,69,2018,3,11,36.14,28.76
1166,70,2018,3,12,33.44,25.7
1167,71,2018,3,13,35.42,25.7
1168,72,2018,3,14,38.3,32
1169,73,2018,3,15,37.94,30.92
1170,74,2018,3,16,36.32,25.16
1171,75,2018,3,17,25.52,12.2
1172,76,2018,3,18,27.68,12.2
1173,77,2018,3,19,28.22,13.64
1174,78,2018,3,20,32.9,20.66
1175,79,2018,3,21,41,18.14
1176,80,2018,3,22,37.58,28.22
1177,81,2018,3,23,32.72,29.48
1178,82,2018,3,24,53.08,29.3
1179,83,2018,3,25,29.48,21.92
1180,84,2018,3,26,36.5,20.3
1181,85,2018,3,27,49.46,18.5
1182,86,2018,3,28,43.16,33.08
1183,87,2018,3,29,47.12,32
1184,88,2018,3,30,50.72,33.8
1185,89,2018,3,31,42.98,31.28
1186,90,2018,4,1,44.06,31.1
1187,91,2018,4,2,37.04,27.32
1188,92,2018,4,3,45.86,25.88
1189,93,2018,4,4,52.88,32.18
1190,94,2018,4,5,48.38,23.72
1191,95,2018,4,6,37.76,20.84
1192,96,2018,4,7,38.48,30.74
1193,97,2018,4,8,35.42,26.96
1194,98,2018,4,9,31.64,22.46
1195,99,2018,4,10,41.54,21.02
1196,100,2018,4,11,45.5,26.24
1197,101,2018,4,12,45.86,27.5
1198,102,2018,4,13,50,34.34
1199,103,2018,4,14,42.08,25.88
1200,104,2018,4,15,36.14,21.74
1201,105,2018,4,16,40.28,21.2
1202,106,2018,4,17,49.28,35.6
1203,107,2018,4,18,45.68,36.86
1204,108,2018,4,19,48.74,34.16
1205,109,2018,4,20,39.92,29.3
1206,110,2018,4,21,46.4,31.1
1207,111,2018,4,22,51.62,31.82
1208,112,2018,4,23,58.82,33.62
1209,113,2018,4,24,63.14,35.96
1210,114,2018,4,25,60.44,35.96
1211,115,2018,4,26,54.86,44.96
1212,116,2018,4,27,64.58,41.18
1213,117,2018,4,28,57.74,44.6
1214,118,2018,4,29,58.46,46.4
1215,119,2018,4,30,52.7,39.56
1216,120,2018,5,1,48.38,38.66
1217,121,2018,5,2,68.18,37.94
1218,122,2018,5,3,59.72,40.46
1219,123,2018,5,4,52.52,39.2
1220,124,2018,5,5,63.86,36.41
1221,125,2018,5,6,70.34,45.68
1222,126,2018,5,7,56.84,38.84
1223,127,2018,5,8,58.82,36.68
1224,128,2018,5,9,53.08,38.66
1225,129,2018,5,10,50.9,39.92
1226,130,2018,5,11,63.5,38.3
1227,131,2018,5,12,56.12,33.8
1228,132,2018,5,13,65.66,37.22
1229,133,2018,5,14,62.06,36.68
1230,134,2018,5,15,62.6,45.14
1231,135,2018,5,16,57.38,39.38
1232,136,2018,5,17,68,42.08
1233,137,2018,5,18,58.1,38.48
1234,138,2018,5,19,61.7,37.4
1235,139,2018,5,20,65.12,50.9
1236,140,2018,5,21,69.62,45.32
1237,141,2018,5,22,60.98,43.88
1238,142,2018,5,23,64.58,36.86
1239,143,2018,5,24,55.76,33.44
1240,144,2018,5,25,66.74,42.08
1241,145,2018,5,26,63.32,49.82
1242,146,2018,5,27,60.08,34.16
1243,147,2018,5,28,60.98,36.14
1244,148,2018,5,29,70.52,43.52
1245,149,2018,5,30,65.12,42.8
1246,150,2018,5,31,79.7,47.3
1247,151,2018,6,1,85.1,57.74
1248,152,2018,6,2,66.74,41.18
1249,153,2018,6,3,49.46,32.54
1250,154,2018,6,4,55.22,30.56
1251,155,2018,6,5,44.78,38.66
1252,156,2018,6,6,48.56,39.56
1253,157,2018,6,7,65.12,38.3
1254,158,2018,6,8,63.86,47.84
1255,159,2018,6,9,69.08,47.12
1256,160,2018,6,10,64.76,41.9
1257,161,2018,6,11,56.84,39.74
1258,162,2018,6,12,69.08,38.84
1259,163,2018,6,13,79.52,46.76
1260,164,2018,6,14,48.74,44.78
1261,165,2018,6,15,67.1,43.88
1262,166,2018,6,16,77.72,47.12
1263,167,2018,6,17,71.24,42.8
1264,168,2018,6,18,58.64,46.76
1265,169,2018,6,19,72.86,52.88
1266,170,2018,6,20,78.98,52.52
1267,171,2018,6,21,53.08,52.88
1268,172,2018,6,22,70.7,46.04
1269,173,2018,6,23,68.54,48.02
1270,174,2018,6,24,72.14,56.66
1271,175,2018,6,25,59.18,44.96
1272,176,2018,6,26,65.66,43.16
1273,177,2018,6,27,80.96,50
1274,178,2018,6,28,69.8,53.78
1275,179,2018,6,29,77.9,60.62
1276,180,2018,6,30,84.38,59.36
1277,181,2018,7,1,78.44,55.58
1278,182,2018,7,2,73.58,52.7
1279,183,2018,7,3,82.58,59.36
1280,184,2018,7,4,89.78,64.94
1281,185,2018,7,5,84.74,64.94
1282,186,2018,7,6,82.22,65.48
1283,187,2018,7,7,71.42,53.6
1284,188,2018,7,8,79.34,54.5
1285,189,2018,7,9,80.78,55.4
1286,190,2018,7,10,77.18,54.68
1287,191,2018,7,11,77.36,56.12
1288,192,2018,7,12,73.76,56.12
1289,193,2018,7,13,73.04,53.42
1290,194,2018,7,14,70.34,49.82
1291,195,2018,7,15,77.54,57.56
1292,196,2018,7,16,83.48,60.08
1293,197,2018,7,17,78.8,60.26
1294,198,2018,7,18,72.68,64.04
1295,199,2018,7,19,76.1,56.12
1296,200,2018,7,20,79.34,56.48
1297,201,2018,7,21,70.34,58.46
1298,202,2018,7,22,76.1,59.9
1299,203,2018,7,23,82.04,68.72
1300,204,2018,7,24,82.4,68.54
1301,205,2018,7,25,81.86,69.98
1302,206,2018,7,26,77.18,67.1
1303,207,2018,7,27,80.96,63.32
1304,208,2018,7,28,80.42,62.42
1305,209,2018,7,29,81.5,64.22
1306,210,2018,7,30,80.78,63.68
1307,211,2018,7,31,81.86,63.68
1308,212,2018,8,1,85.28,63.5
1309,213,2018,8,2,80.42,61.52
1310,214,2018,8,3,86.9,67.82
1311,215,2018,8,4,86.36,65.48
1312,216,2018,8,5,77,61.88
1313,217,2018,8,6,86,61.88
1314,218,2018,8,7,89.24,66.2
1315,219,2018,8,8,80.06,65.84
1316,220,2018,8,9,74.3,65.84
1317,221,2018,8,10,81.86,60.8
1318,222,2018,8,11,79.34,58.82
1319,223,2018,8,12,82.04,61.7
1320,224,2018,8,13,81.32,59.18
1321,225,2018,8,14,77,62.24
1322,226,2018,8,15,78.8,65.84
1323,227,2018,8,16,80.6,59.72
1324,228,2018,8,17,73.4,58.28
1325,229,2018,8,18,68.9,57.02
1326,230,2018,8,19,72.68,57.92
1327,231,2018,8,20,72.68,53.96
1328,232,2018,8,21,73.94,50
1329,233,2018,8,22,70.88,63.14
1330,234,2018,8,23,75.92,59.54
1331,235,2018,8,24,77.18,57.2
1332,236,2018,8,25,78.62,59
1333,237,2018,8,26,74.84,54.86
1334,238,2018,8,27,79.16,60.26
1335,239,2018,8,28,83.12,63.32
1336,240,2018,8,29,83.12,65.84
1337,241,2018,8,30,83.66,53.96
1338,242,2018,8,31,72.5,53.42
1339,243,2018,9,1,70.16,53.06
1340,244,2018,9,2,75.56,54.86
1341,245,2018,9,3,76.82,58.82
1342,246,2018,9,4,75.2,57.92
1343,247,2018,9,5,78.8,56.66
1344,248,2018,9,6,84.2,59.36
1345,249,2018,9,7,72.68,51.26
1346,250,2018,9,8,66.56,44.96
1347,251,2018,9,9,64.94,43.88
1348,252,2018,9,10,66.56,41
1349,253,2018,9,11,68.54,50.36
1350,254,2018,9,12,68.72,54.68
1351,255,2018,9,13,74.84,53.24
1352,256,2018,9,14,78.62,53.6
1353,257,2018,9,15,80.06,57.38
1354,258,2018,9,16,76.46,56.48
1355,259,2018,9,17,80.24,59.18
1356,260,2018,9,18,77,56.48
1357,261,2018,9,19,60.26,44.24
1358,262,2018,9,20,57.92,43.88
1359,263,2018,9,21,62.6,43.16
1360,264,2018,9,22,71.24,45.86
1361,265,2018,9,23,63.32,40.28
1362,266,2018,9,24,54.5,34.52
1363,267,2018,9,25,56.12,34.52
1364,268,2018,9,26,68,51.98
1365,269,2018,9,27,68.18,50.54
1366,270,2018,9,28,65.48,50.72
1367,271,2018,9,29,65.12,46.94
1368,272,2018,9,30,62.96,42.8
1369,273,2018,10,1,58.28,40.28
1370,274,2018,10,2,55.58,36.14
1371,275,2018,10,3,63.14,52.34
1372,276,2018,10,4,62.96,57.38
1373,277,2018,10,5,57.56,40.46
1374,278,2018,10,6,58.28,37.58
1375,279,2018,10,7,52.34,44.24
1376,280,2018,10,8,50.9,37.04
1377,281,2018,10,9,63.32,44.24
1378,282,2018,10,10,65.48,43.34
1379,283,2018,10,11,50.36,40.64
1380,284,2018,10,12,56.3,45.68
1381,285,2018,10,13,49.1,37.22
1382,286,2018,10,14,48.92,36.68
1383,287,2018,10,15,59,36.5
1384,288,2018,10,16,61.88,37.58
1385,289,2018,10,17,50,34.34
1386,290,2018,10,18,41.54,31.46
1387,291,2018,10,19,45.32,28.94
1388,292,2018,10,20,57.74,45.32
1389,293,2018,10,21,55.4,33.62
1390,294,2018,10,22,40.82,30.92
1391,295,2018,10,23,49.1,29.48
1392,296,2018,10,24,58.82,41.18
1393,297,2018,10,25,42.62,33.44
1394,298,2018,10,26,39.2,27.68
1395,299,2018,10,27,44.42,25.34
1396,300,2018,10,28,60.62,44.42
1397,301,2018,10,29,58.82,48.56
1398,302,2018,10,30,52.34,42.08
1399,303,2018,10,31,44.96,39.56
1400,304,2018,11,1,51.98,39.56
1401,305,2018,11,2,59.18,45.32
1402,306,2018,11,3,65.3,46.22
1403,307,2018,11,4,47.84,32.54
1404,308,2018,11,5,44.06,31.1
1405,309,2018,11,6,60.08,42.08
1406,310,2018,11,7,60.44,45.68
1407,311,2018,11,8,51.8,38.3
1408,312,2018,11,9,47.12,35.06
1409,313,2018,11,10,53.96,34.34
1410,314,2018,11,11,37.58,29.3
1411,315,2018,11,12,35.96,25.7
1412,316,2018,11,13,53.24,25.88
1413,317,2018,11,14,50,18.32
1414,318,2018,11,15,53.08,36.41
1415,319,2018,11,16,36.86,20.48
1416,320,2018,11,17,33.44,30.92
1417,321,2018,11,18,32.36,23.18
1418,322,2018,11,19,33.44,21.38
1419,323,2018,11,20,34.88,32
1420,324,2018,11,21,36.68,27.14
1421,325,2018,11,22,27.14,9.5
1422,326,2018,11,23,20.66,10.76
1423,327,2018,11,24,39.74,19.22
1424,328,2018,11,25,37.58,30.38
1425,329,2018,11,26,35.6,29.3
1426,330,2018,11,27,42.08,32.72
1427,331,2018,11,28,45.32,32.18
1428,332,2018,11,29,32.9,31.64
1429,333,2018,11,30,34.16,29.66
1430,334,2018,12,1,32.72,29.84
1431,335,2018,12,2,43.52,28.94
1432,336,2018,12,3,50,37.58
1433,337,2018,12,4,37.4,22.1
1434,338,2018,12,5,26.6,15.98
1435,339,2018,12,6,53.08,36.41
1436,340,2018,12,7,36.5,18.68
1437,341,2018,12,8,25.7,7.88
1438,342,2018,12,9,22.82,7.16
1439,343,2018,12,10,25.88,10.58
1440,344,2018,12,11,24.8,6.98
1441,345,2018,12,12,20.3,6.8
1442,346,2018,12,13,21.38,11.3
1443,347,2018,12,14,34.16,15.44
1444,348,2018,12,15,43.7,30.38
1445,349,2018,12,16,37.94,25.88
1446,350,2018,12,17,34.88,28.4
1447,351,2018,12,18,32,23.36
1448,352,2018,12,19,26.24,21.74
1449,353,2018,12,20,34.88,21.02
1450,354,2018,12,21,51.8,27.32
1451,355,2018,12,22,56.48,41.72
1452,356,2018,12,23,42.08,20.66
1453,357,2018,12,24,24.8,15.8
1454,358,2018,12,25,16.7,10.22
1455,359,2018,12,26,26.96,9.14
1456,360,2018,12,27,17.42,8.06
1457,361,2018,12,28,38.66,7.16
1458,362,2018,12,29,46.04,23.36
1459,363,2018,12,30,23.36,9.32
1460,364,2018,12,31,26.24,7.88
1461,0,2019,1,1,37.4,23.36
1462,1,2019,1,2,23.54,3.56
1463,2,2019,1,3,22.46,3.38
1464,3,2019,1,4,35.6,17.24
1465,4,2019,1,5,36.32,32.54
1466,5,2019,1,6,34.7,27.32
1467,6,2019,1,7,27.32,10.58
1468,7,2019,1,8,29.48,10.4
1469,8,2019,1,9,42.98,29.66
1470,9,2019,1,10,35.6,27.14
1471,10,2019,1,11,27.5,11.84
1472,11,2019,1,12,15.26,9.68
1473,12,2019,1,13,22.28,6.8
1474,13,2019,1,14,21.2,2.84
1475,14,2019,1,15,24.98,10.58
1476,15,2019,1,16,33.62,15.62
1477,16,2019,1,17,28.94,5.18
1478,17,2019,1,18,29.84,3.38
1479,18,2019,1,19,30.56,6.62
1480,19,2019,1,20,51.26,7.16
1481,20,2019,1,21,50.18,14.72
1482,21,2019,1,22,15.62,9.32
1483,22,2019,1,23,37.4,10.94
1484,23,2019,1,24,53.78,37.22
1485,24,2019,1,25,51.08,27.14
1486,25,2019,1,26,31.64,23.36
1487,26,2019,1,27,37.04,24.44
1488,27,2019,1,28,37.22,14.54
1489,28,2019,1,29,25.7,9.68
1490,29,2019,1,30,37.58,19.76
1491,30,2019,1,31,28.94,8.96
1492,31,2019,2,1,18.68,4.28
1493,32,2019,2,2,22.82,8.96
1494,33,2019,2,3,24.26,9.14
1495,34,2019,2,4,38.3,19.04
1496,35,2019,2,5,47.66,33.8
1497,36,2019,2,6,37.58,19.22
1498,37,2019,2,7,29.3,19.22
1499,38,2019,2,8,43.34,26.78
1500,39,2019,2,9,32.9,13.28
1501,40,2019,2,10,22.82,14
1502,41,2019,2,11,19.58,7.52
1503,42,2019,2,12,29.48,6.26
1504,43,2019,2,13,34.88,17.06
1505,44,2019,2,14,29.3,17.24
1506,45,2019,2,15,37.58,13.82
1507,46,2019,2,16,45.68,26.96
1508,47,2019,2,17,28.4,15.26
1509,48,2019,2,18,24.44,12.2
1510,49,2019,2,19,20.3,8.24
1511,50,2019,2,20,17.96,4.64
1512,51,2019,2,21,24.26,10.4
1513,52,2019,2,22,25.34,15.98
1514,53,2019,2,23,26.06,12.02
1515,54,2019,2,24,28.4,14.9
1516,55,2019,2,25,36.32,20.48
1517,56,2019,2,26,20.48,3.74
1518,57,2019,2,27,16.16,2.48
1519,58,2019,2,28,19.22,6.08
1520,59,2019,3,1,30.92,10.76
1521,60,2019,3,2,32.72,18.14
1522,61,2019,3,3,28.76,17.6
1523,62,2019,3,4,35.24,20.66
1524,63,2019,3,5,27.32,14.36
1525,64,2019,3,6,25.34,9.32
1526,65,2019,3,7,17.6,4.28
1527,66,2019,3,8,27.68,3.74
1528,67,2019,3,9,34.7,14.18
1529,68,2019,3,10,33.44,12.2
1530,69,2019,3,11,44.24,30.2
1531,70,2019,3,12,36.14,27.32
1532,71,2019,3,13,39.38,24.26
1533,72,2019,3,14,46.76,23.54
1534,73,2019,3,15,48.2,26.78
1535,74,2019,3,16,50.54,28.22
1536,75,2019,3,17,34.34,21.02
1537,76,2019,3,18,34.34,16.7
1538,77,2019,3,19,33.98,17.96
1539,78,2019,3,20,39.74,18.14
1540,79,2019,3,21,44.06,22.64
1541,80,2019,3,22,45.32,32
1542,81,2019,3,23,39.02,33.62
1543,82,2019,3,24,48.92,30.92
1544,83,2019,3,25,40.46,23.18
1545,84,2019,3,26,35.24,20.12
1546,85,2019,3,27,36.14,15.98
1547,86,2019,3,28,37.76,21.02
1548,87,2019,3,29,49.64,32.36
1549,88,2019,3,30,44.06,34.7
1550,89,2019,3,31,56.48,35.06
1551,90,2019,4,1,45.86,27.86
1552,91,2019,4,2,44.6,26.42
1553,92,2019,4,3,48.02,29.12
1554,93,2019,4,4,53.08,36.41
1555,94,2019,4,5,39.74,25.34
1556,95,2019,4,6,41.18,30.2
1557,96,2019,4,7,51.08,25.52
1558,97,2019,4,8,34.16,23.18
1559,98,2019,4,9,33.08,22.46
1560,99,2019,4,10,33.62,24.08
1561,100,2019,4,11,45.5,30.02
1562,101,2019,4,12,55.94,32.18
1563,102,2019,4,13,54.5,38.48
1564,103,2019,4,14,62.06,44.24
1565,104,2019,4,15,53.24,38.66
1566,105,2019,4,16,43.34,32.18
1567,106,2019,4,17,37.4,27.86
1568,107,2019,4,18,49.1,27.68
1569,108,2019,4,19,50.9,37.04
1570,109,2019,4,20,57.92,48.74
1571,110,2019,4,21,60.26,49.64
1572,111,2019,4,22,57.38,43.52
1573,112,2019,4,23,46.22,42.26
1574,113,2019,4,24,52.16,39.74
1575,114,2019,4,25,41.9,30.74
1576,115,2019,4,26,53.6,30.92
1577,116,2019,4,27,49.1,35.24
1578,117,2019,4,28,54.14,37.4
1579,118,2019,4,29,46.58,35.24
1580,119,2019,4,30,49.82,32.36
1581,120,2019,5,1,51.08,32.9
1582,121,2019,5,2,53.06,33.98
1583,122,2019,5,3,59.9,30.2
1584,123,2019,5,4,42.8,38.48
1585,124,2019,5,5,64.94,35.6
1586,125,2019,5,6,59.36,35.78
1587,126,2019,5,7,66.02,37.76
1588,127,2019,5,8,54.86,38.48
1589,128,2019,5,9,52.34,33.8
1590,129,2019,5,10,53.06,31.64
1591,130,2019,5,11,58.1,39.02
1592,131,2019,5,12,53.06,36.5
1593,132,2019,5,13,52.34,34.16
1594,133,2019,5,14,48.38,33.08
1595,134,2019,5,15,45.32,38.12
1596,135,2019,5,16,47.66,36.86
1597,136,2019,5,17,57.92,39.02
1598,137,2019,5,18,47.84,37.4
1599,138,2019,5,19,61.52,35.78
1600,139,2019,5,20,51.08,42.98
1601,140,2019,5,21,49.64,35.78
1602,141,2019,5,22,44.24,35.42
1603,142,2019,5,23,60.98,34.34
1604,143,2019,5,24,48.2,36.86
1605,144,2019,5,25,68.72,35.78
1606,145,2019,5,26,54.86,42.44
1607,146,2019,5,27,53.78,41.72
1608,147,2019,5,28,57.38,40.28
1609,148,2019,5,29,51.8,42.98
1610,149,2019,5,30,57.92,41
1611,150,2019,5,31,53.96,41.18
1612,151,2019,6,1,69.08,41.36
1613,152,2019,6,2,52.52,47.3
1614,153,2019,6,3,62.78,44.06
1615,154,2019,6,4,64.4,41.72
1616,155,2019,6,5,53.24,42.98
1617,156,2019,6,6,56.66,45.5
1618,157,2019,6,7,71.42,47.12
1619,158,2019,6,8,65.66,46.76
1620,159,2019,6,9,71.24,45.32
1621,160,2019,6,10,71.24,45.5
1622,161,2019,6,11,67.64,44.78
1623,162,2019,6,12,69.98,50.54
1624,163,2019,6,13,73.94,52.7
1625,164,2019,6,14,72.68,53.42
1626,165,2019,6,15,75.2,54.5
1627,166,2019,6,16,70.52,53.78
1628,167,2019,6,17,76.1,54.86
1629,168,2019,6,18,74.84,52.7
1630,169,2019,6,19,75.74,50.72
1631,170,2019,6,20,70.52,53.06
1632,171,2019,6,21,59.9,51.26
1633,172,2019,6,22,64.4,51.26
1634,173,2019,6,23,74.48,51.8
1635,174,2019,6,24,68.18,50.72
1636,175,2019,6,25,72.32,48.92
1637,176,2019,6,26,66.02,50.54
1638,177,2019,6,27,59.18,50.9
1639,178,2019,6,28,65.84,51.08
1640,179,2019,6,29,63.14,50.72
1641,180,2019,6,30,61.34,55.58
1642,181,2019,7,1,59,54.5
1643,182,2019,7,2,67.1,53.6
1644,183,2019,7,3,72.86,53.96
1645,184,2019,7,4,82.76,56.48
1646,185,2019,7,5,90.86,66.74
1647,186,2019,7,6,80.96,65.3
1648,187,2019,7,7,75.02,59.18
1649,188,2019,7,8,78.98,55.94
1650,189,2019,7,9,75.56,56.3
1651,190,2019,7,10,71.78,50
1652,191,2019,7,11,74.3,49.28
1653,192,2019,7,12,67.46,56.3
1654,193,2019,7,13,73.4,60.98
1655,194,2019,7,14,70.52,58.46
1656,195,2019,7,15,75.74,59.72
1657,196,2019,7,16,82.76,60.8
1658,197,2019,7,17,77.9,64.76
1659,198,2019,7,18,76.46,57.92
1660,199,2019,7,19,77.54,55.22
1661,200,2019,7,20,89.6,60.62
1662,201,2019,7,21,88.7,61.88
1663,202,2019,7,22,80.42,61.16
1664,203,2019,7,23,72.32,60.44
1665,204,2019,7,24,70.7,59.54
1666,205,2019,7,25,75.38,55.94
1667,206,2019,7,26,80.6,56.12
1668,207,2019,7,27,79.88,59.18
1669,208,2019,7,28,78.62,57.56
1670,209,2019,7,29,82.58,59.54
1671,210,2019,7,30,87.08,62.96
1672,211,2019,7,31,84.2,65.12
1673,212,2019,8,1,82.22,64.04
1674,213,2019,8,2,82.94,60.08
1675,214,2019,8,3,84.56,60.62
1676,215,2019,8,4,79.88,59.36
1677,216,2019,8,5,76.46,57.56
1678,217,2019,8,6,81.32,56.84
1679,218,2019,8,7,76.46,57.2
1680,219,2019,8,8,68.9,57.74
1681,220,2019,8,9,75.74,60.8
1682,221,2019,8,10,74.48,56.66
1683,222,2019,8,11,73.76,54.5
1684,223,2019,8,12,81.14,58.46
1685,224,2019,8,13,78.26,58.64
1686,225,2019,8,14,78.62,56.48
1687,226,2019,8,15,80.42,55.94
1688,227,2019,8,16,76.46,55.4
1689,228,2019,8,17,77.36,57.56
1690,229,2019,8,18,72.5,60.44
1691,230,2019,8,19,74.48,62.6
1692,231,2019,8,20,82.4,62.42
1693,232,2019,8,21,83.48,58.64
1694,233,2019,8,22,82.76,65.48
1695,234,2019,8,23,79.34,61.16
1696,235,2019,8,24,69.8,46.22
1697,236,2019,8,25,71.6,44.96
1698,237,2019,8,26,61.34,50.18
1699,238,2019,8,27,69.26,53.06
1700,239,2019,8,28,83.66,56.84
1701,240,2019,8,29,72.14,56.48
1702,241,2019,8,30,82.04,59.9
1703,242,2019,8,31,77.18,59
1704,243,2019,9,1,71.6,52.88
1705,244,2019,9,2,70.52,50.72
1706,245,2019,9,3,70.88,59.36
1707,246,2019,9,4,74.66,60.8
1708,247,2019,9,5,71.06,53.78
1709,248,2019,9,6,67.64,50
1710,249,2019,9,7,62.96,47.3
1711,250,2019,9,8,62.78,45.86
1712,251,2019,9,9,68.9,48.56
1713,252,2019,9,10,69.44,49.82
1714,253,2019,9,11,63.14,55.4
1715,254,2019,9,12,59.72,46.58
1716,255,2019,9,13,62.42,43.16
1717,256,2019,9,14,63.32,44.78
1718,257,2019,9,15,72.32,55.4
1719,258,2019,9,16,65.12,52.16
1720,259,2019,9,17,56.3,42.62
1721,260,2019,9,18,57.56,36.68
1722,261,2019,9,19,67.46,35.42
1723,262,2019,9,20,73.58,41
1724,263,2019,9,21,68.72,48.56
1725,264,2019,9,22,75.02,48.02
1726,265,2019,9,23,78.26,57.92
1727,266,2019,9,24,69.08,59
1728,267,2019,9,25,53.08,36.41
1729,268,2019,9,26,67.1,51.62
1730,269,2019,9,27,66.38,50.18
1731,270,2019,9,28,68,45.68
1732,271,2019,9,29,67.1,43.34
1733,272,2019,9,30,55.22,39.56
1734,273,2019,10,1,57.2,43.34
1735,274,2019,10,2,59.36,38.12
1736,275,2019,10,3,50.36,35.6
1737,276,2019,10,4,48.2,36.86
1738,277,2019,10,5,51.62,36.32
1739,278,2019,10,6,60.62,37.76
1740,279,2019,10,7,68.9,54.14
1741,280,2019,10,8,62.06,47.12
1742,281,2019,10,9,59.9,40.64
1743,282,2019,10,10,58.64,39.2
1744,283,2019,10,11,56.48,45.14
1745,284,2019,10,12,56.3,49.28
1746,285,2019,10,13,52.7,47.84
1747,286,2019,10,14,54.14,46.94
1748,287,2019,10,15,65.48,42.8
1749,288,2019,10,16,59.18,40.28
1750,289,2019,10,17,59.36,46.76
1751,290,2019,10,18,55.4,44.42
1752,291,2019,10,19,49.82,42.26
1753,292,2019,10,20,56.12,38.84
1754,293,2019,10,21,59.9,39.92
1755,294,2019,10,22,58.82,36.14
1756,295,2019,10,23,58.28,46.4
1757,296,2019,10,24,58.82,44.24
1758,297,2019,10,25,56.12,43.34
1759,298,2019,10,26,49.28,34.52
1760,299,2019,10,27,48.56,33.8
1761,300,2019,10,28,50.54,34.7
1762,301,2019,10,29,53.78,33.26
1763,302,2019,10,30,53.08,36.41
1764,303,2019,10,31,62.96,49.1
1765,304,2019,11,1,66.38,41.54
1766,305,2019,11,2,53.08,36.41
1767,306,2019,11,3,52.16,33.44
1768,307,2019,11,4,49.82,33.98
1769,308,2019,11,5,55.94,34.34
1770,309,2019,11,6,57.02,33.08
1771,310,2019,11,7,48.56,27.68
1772,311,2019,11,8,53.08,26.78
1773,312,2019,11,9,31.64,23
1774,313,2019,11,10,45.86,26.6
1775,314,2019,11,11,49.28,34.88
1776,315,2019,11,12,59.9,37.76
1777,316,2019,11,13,40.46,20.12
1778,317,2019,11,14,32,18.14
1779,318,2019,11,15,56.3,31.28
1780,319,2019,11,16,39.92,19.76
1781,320,2019,11,17,33.08,17.06
1782,321,2019,11,18,40.1,26.06
1783,322,2019,11,19,42.62,34.34
1784,323,2019,11,20,37.22,32.9
1785,324,2019,11,21,39.74,30.92
1786,325,2019,11,22,50.18,31.46
1787,326,2019,11,23,36.14,30.38
1788,327,2019,11,24,49.82,27.32
1789,328,2019,11,25,49.82,35.24
1790,329,2019,11,26,48.38,33.44
1791,330,2019,11,27,45.5,34.88
1792,331,2019,11,28,36.86,32.18
1793,332,2019,11,29,35.42,23
1794,333,2019,11,30,29.66,23.36
1795,334,2019,12,1,24.98,15.44
1796,335,2019,12,2,31.64,17.6
1797,336,2019,12,3,43.34,30.74
1798,337,2019,12,4,38.84,27.14
1799,338,2019,12,5,35.96,27.14
1800,339,2019,12,6,33.08,25.52
1801,340,2019,12,7,26.6,15.62
1802,341,2019,12,8,29.84,14.54
1803,342,2019,12,9,51.44,29.66
1804,343,2019,12,10,55.04,50.72
1805,344,2019,12,11,51.26,20.12
1806,345,2019,12,12,23.9,11.48
1807,346,2019,12,13,33.98,10.94
1808,347,2019,12,14,57.74,33.08
1809,348,2019,12,15,57.38,32.54
1810,349,2019,12,16,32.54,21.74
1811,350,2019,12,17,28.94,20.84
1812,351,2019,12,18,25.7,18.5
1813,352,2019,12,19,21.38,11.48
1814,353,2019,12,20,32.9,12.74
1815,354,2019,12,21,30.38,20.48
1816,355,2019,12,22,37.58,18.32
1817,356,2019,12,23,36.5,28.4
1818,357,2019,12,24,37.4,25.34
1819,358,2019,12,25,27.32,15.8
1820,359,2019,12,26,21.56,14
1821,360,2019,12,27,37.94,13.28
1822,361,2019,12,28,39.56,31.82
1823,362,2019,12,29,32.54,21.92
1824,363,2019,12,30,29.84,21.56
1825,364,2019,12,31,39.74,24.26