,Year,Month,Day,Max Temp (F),Min Temp (F),Average Wind Speed (mph),Relative Humidity (%),Windchill Effect (F),Users Thermostat (F)
0,2015,1,1,28,5,0.4,76,33,68
1,2015,1,2,34,14,0.9,73,36,66
2,2015,1,3,14,5,0.9,55,15,66
3,2015,1,4,47,8,0.9,87,50,61
4,2015,1,5,47,9,1.3,82,49,62
5,2015,1,6,9,3,1.1,64,9,66
6,2015,1,7,11,-3,0.7,66,13,67
7,2015,1,8,8,0,0.9,72,9,68
8,2015,1,9,38,2,1.1,85,40,69
9,2015,1,10,22,13,0.9,72,24,68
10,2015,1,11,24,13,0.9,73,26,70
11,2015,1,12,39,24,0.7,95,42,70
12,2015,1,13,27,1,1.1,77,28,66
13,2015,1,14,21,-1,1.1,75,22,67
14,2015,1,15,28,10,0.9,89,30,69
15,2015,1,16,36,11,0.9,93,38,67
16,2015,1,17,11,2,1.3,71,10,68
17,2015,1,18,42,2,1.1,85,44,68
18,2015,1,19,46,34,1.1,100,48,61
19,2015,1,20,36,18,1.1,81,37,68
20,2015,1,21,20,10,0.9,64,21,70
21,2015,1,22,23,8,0.9,79,25,67
22,2015,1,23,26,19,0.9,74,28,67
23,2015,1,24,50,26,0.7,93,53,65
24,2015,1,25,47,14,1.3,81,49,60
25,2015,1,26,20,11,0.9,58,21,68
26,2015,1,27,26,13,1.6,80,25,67
27,2015,1,28,34,13,0.9,90,36,68
28,2015,1,29,23,10,1.1,83,24,70
29,2015,1,30,27,15,0.7,83,30,67
30,2015,1,31,34,22,1.1,94,35,67
31,2015,2,1,22,4,1.8,81,20,66
32,2015,2,2,21,0,0.9,77,22,68
33,2015,2,3,21,5,1.3,86,21,69
34,2015,2,4,29,0,1.3,81,29,70
35,2015,2,5,39,11,0.9,96,41,69
36,2015,2,6,12,4,1.1,81,12,68
37,2015,2,7,20,1,1.1,81,21,67
38,2015,2,8,11,2,0.9,80,12,66
39,2015,2,9,10,0,1.1,81,10,70
40,2015,2,10,21,6,0.9,84,22,66
41,2015,2,11,13,4,1.1,84,13,66
42,2015,2,12,25,9,1.1,84,26,68
43,2015,2,13,15,2,1.1,83,15,68
44,2015,2,14,15,-3,0.9,78,16,68
45,2015,2,15,35,8,1.8,91,35,67
46,2015,2,16,10,6,2.0,83,7,67
47,2015,2,17,21,6,0.9,82,22,68
48,2015,2,18,26,8,0.7,86,29,68
49,2015,2,19,33,21,0.9,92,35,70
50,2015,2,20,24,10,1.6,85,23,66
51,2015,2,21,28,6,1.1,81,29,67
52,2015,2,22,42,26,0.9,96,44,68
53,2015,2,23,29,-2,0.9,88,31,67
54,2015,2,24,11,-7,1.1,75,11,66
55,2015,2,25,36,7,1.3,87,37,68
56,2015,2,26,19,12,0.9,79,20,67
57,2015,2,27,18,7,0.9,75,19,69
58,2015,2,28,25,5,1.1,76,26,70
59,2015,3,1,29,9,1.1,77,30,69
60,2015,3,2,32,18,0.9,91,34,69
61,2015,3,3,18,8,1.6,78,17,67
62,2015,3,4,39,13,0.9,91,41,70
63,2015,3,5,32,9,1.1,82,33,69
64,2015,3,6,19,1,0.9,71,20,67
65,2015,3,7,30,8,0.9,80,32,69
66,2015,3,8,33,19,0.9,80,35,68
67,2015,3,9,32,16,0.9,86,34,70
68,2015,3,10,37,18,0.9,87,39,67
69,2015,3,11,48,28,0.9,96,51,64
70,2015,3,12,29,12,1.3,73,29,67
71,2015,3,13,18,7,1.3,65,18,68
72,2015,3,14,32,10,0.7,70,35,67
73,2015,3,15,29,21,1.8,90,28,68
74,2015,3,16,23,18,1.8,84,22,67
75,2015,3,17,34,12,0.7,81,37,70
76,2015,3,18,26,18,1.8,89,25,67
77,2015,3,19,24,15,1.6,88,23,70
78,2015,3,20,30,14,1.3,85,30,70
79,2015,3,21,36,17,0.9,93,38,69
80,2015,3,22,34,7,1.8,92,34,69
81,2015,3,23,17,7,1.3,84,17,70
82,2015,3,24,36,12,0.7,89,39,67
83,2015,3,25,40,19,1.1,93,42,69
84,2015,3,26,40,26,0.7,97,43,66
85,2015,3,27,38,33,0.4,99,43,66
86,2015,3,28,33,21,1.1,90,34,69
87,2015,3,29,35,19,1.1,83,36,70
88,2015,3,30,34,17,1.1,84,35,67
89,2015,3,31,40,30,0.7,95,43,70
90,2015,4,1,35,21,0.9,77,37,67
91,2015,4,2,35,17,1.1,69,36,69
92,2015,4,3,53,27,0.4,98,53,62
93,2015,4,4,42,23,0.9,96,44,67
94,2015,4,5,33,18,1.1,65,34,70
95,2015,4,6,35,15,0.9,66,37,70
96,2015,4,7,34,28,0.4,90,39,69
97,2015,4,8,34,22,0.7,74,37,68
98,2015,4,9,36,20,0.4,71,41,69
99,2015,4,10,45,19,1.1,87,47,62
100,2015,4,11,50,36,0.9,90,53,64
101,2015,4,12,49,34,0.9,81,52,65
102,2015,4,13,53,33,0.7,87,53,64
103,2015,4,14,47,37,0.7,97,50,63
104,2015,4,15,49,24,0.7,78,52,61
105,2015,4,16,41,24,0.9,68,43,69
106,2015,4,17,56,31,0.9,88,56,65
107,2015,4,18,45,27,0.7,80,48,63
108,2015,4,19,44,27,0.7,73,47,65
109,2015,4,20,51,28,0.7,80,51,63
110,2015,4,21,42,34,1.3,97,43,67
111,2015,4,22,49,35,0.4,97,53,64
112,2015,4,23,41,33,0.7,95,44,68
113,2015,4,24,43,31,0.4,90,47,63
114,2015,4,25,44,30,0.4,88,48,61
115,2015,4,26,46,29,0.4,86,50,63
116,2015,4,27,37,32,0.7,95,40,66
117,2015,4,28,37,33,0.9,95,39,68
118,2015,4,29,44,32,0.9,89,46,61
119,2015,4,30,43,32,0.9,92,45,69
120,2015,5,1,47,32,0.7,87,50,60
121,2015,5,2,53,30,0.4,79,53,63
122,2015,5,3,64,32,0.9,87,64,60
123,2015,5,4,71,37,0.7,84,71,71
124,2015,5,5,68,44,0.7,86,68,68
125,2015,5,6,61,40,0.7,78,61,62
126,2015,5,7,64,35,0.7,80,64,64
127,2015,5,8,54,33,0.4,71,54,64
128,2015,5,9,55,31,0.7,77,55,61
129,2015,5,10,78,48,0.4,96,78,78
130,2015,5,11,59,43,0.4,86,59,64
131,2015,5,12,59,40,0.7,96,59,60
132,2015,5,13,58,38,1.1,90,58,62
133,2015,5,14,64,38,0.7,78,64,63
134,2015,5,15,72,40,0.9,73,72,72
135,2015,5,16,72,42,0.4,75,72,72
136,2015,5,17,55,42,0.4,92,55,63
137,2015,5,18,65,38,0.7,76,65,65
138,2015,5,19,67,43,0.7,80,67,67
139,2015,5,20,58,44,0.7,94,58,64
140,2015,5,21,69,43,0.9,78,69,69
141,2015,5,22,48,41,0.7,96,51,65
142,2015,5,23,49,38,1.1,83,51,64
143,2015,5,24,64,37,0.9,86,64,65
144,2015,5,25,80,48,0.7,84,80,80
145,2015,5,26,59,50,0.7,97,59,62
146,2015,5,27,79,50,0.7,90,79,79
147,2015,5,28,74,53,0.7,94,74,74
148,2015,5,29,74,50,0.4,91,74,74
149,2015,5,30,73,49,0.7,90,73,73
150,2015,5,31,72,42,0.7,96,72,72
151,2015,6,1,48,42,0.7,95,51,65
152,2015,6,2,43,41,0.9,98,45,68
153,2015,6,3,55,41,0.9,91,55,60
154,2015,6,4,63,39,0.7,83,63,61
155,2015,6,5,61,39,0.4,87,61,62
156,2015,6,6,53,40,0.7,98,53,60
157,2015,6,7,62,40,0.9,79,62,63
158,2015,6,8,69,42,0.9,81,69,69
159,2015,6,9,70,54,0.9,94,70,70
160,2015,6,10,62,50,0.7,96,62,61
161,2015,6,11,70,48,0.7,89,70,70
162,2015,6,12,79,56,0.7,89,79,79
163,2015,6,13,74,56,0.7,90,74,74
164,2015,6,14,60,44,0.9,84,60,65
165,2015,6,15,71,45,0.7,78,71,71
166,2015,6,16,62,46,0.7,93,62,63
167,2015,6,17,68,51,0.9,82,68,68
168,2015,6,18,71,47,0.7,84,71,71
169,2015,6,19,57,47,0.7,96,57,65
170,2015,6,20,70,50,0.7,82,70,70
171,2015,6,21,63,48,0.9,91,63,60
172,2015,6,22,61,51,0.9,94,61,63
173,2015,6,23,64,50,0.7,89,64,62
174,2015,6,24,72,54,0.7,88,72,72
175,2015,6,25,73,53,0.7,83,73,73
176,2015,6,26,66,46,0.4,86,66,66
177,2015,6,27,67,42,0.7,82,67,67
178,2015,6,28,57,46,0.9,93,57,61
179,2015,6,29,72,54,0.7,92,72,72
180,2015,6,30,74,53,0.7,90,74,74
181,2015,7,1,73,54,0.4,89,73,73
182,2015,7,2,76,57,0.7,92,76,76
183,2015,7,3,77,56,0.7,87,77,77
184,2015,7,4,80,55,0.7,87,80,80
185,2015,7,5,79,58,0.4,84,79,79
186,2015,7,6,78,56,0.4,85,78,78
187,2015,7,7,79,58,0.7,88,79,79
188,2015,7,8,76,59,0.7,95,76,76
189,2015,7,9,76,56,0.4,88,76,76
190,2015,7,10,74,56,0.4,82,74,74
191,2015,7,11,79,56,0.7,85,79,79
192,2015,7,12,77,56,0.7,90,77,77
193,2015,7,13,86,60,0.4,86,86,84
194,2015,7,14,79,58,0.7,90,79,79
195,2015,7,15,78,59,0.4,95,78,78
196,2015,7,16,72,53,0.9,83,72,72
197,2015,7,17,74,53,0.9,79,74,74
198,2015,7,18,72,55,0.4,88,72,72
199,2015,7,19,63,56,0.7,100,63,60
200,2015,7,20,70,61,0.4,99,70,70
201,2015,7,21,64,58,0.7,95,64,61
202,2015,7,22,69,59,0.4,96,69,69
203,2015,7,23,74,56,0.7,92,74,74
204,2015,7,24,67,53,0.7,97,67,67
205,2015,7,25,62,54,0.4,96,62,63
206,2015,7,26,67,53,0.7,94,67,67
207,2015,7,27,69,58,0.7,97,69,69
208,2015,7,28,70,63,0.4,99,70,70
209,2015,7,29,78,57,0.4,91,78,78
210,2015,7,30,79,55,0.4,86,79,79
211,2015,7,31,81,62,0.7,96,81,79
212,2015,8,1,82,60,0.4,88,82,82
213,2015,8,2,81,60,0.7,87,81,84
214,2015,8,3,81,59,0.7,87,81,81
215,2015,8,4,79,64,0.7,96,79,79
216,2015,8,5,80,58,0.4,91,80,80
217,2015,8,6,76,58,0.7,85,76,76
218,2015,8,7,77,58,0.7,86,77,77
219,2015,8,8,72,56,0.7,97,72,72
220,2015,8,9,64,58,0.7,99,64,63
221,2015,8,10,72,57,1.1,90,72,72
222,2015,8,11,73,55,0.9,88,73,73
223,2015,8,12,72,63,0.7,99,72,72
224,2015,8,13,75,63,0.4,94,75,75
225,2015,8,14,80,61,0.7,88,80,80
226,2015,8,15,80,59,0.7,91,80,80
227,2015,8,16,83,61,0.4,91,83,80
228,2015,8,17,85,63,0.4,89,85,83
229,2015,8,18,84,62,0.4,90,84,80
230,2015,8,19,85,63,0.4,90,85,81
231,2015,8,20,80,63,0.4,91,80,80
232,2015,8,21,79,69,0.7,96,79,79
233,2015,8,22,76,71,0.4,98,76,76
234,2015,8,23,79,69,0.4,94,79,79
235,2015,8,24,77,63,0.7,93,77,77
236,2015,8,25,82,63,0.4,89,82,83
237,2015,8,26,67,62,0.7,94,67,67
238,2015,8,27,72,61,0.7,98,72,72
239,2015,8,28,75,59,0.7,86,75,75
240,2015,8,29,79,59,0.7,87,79,79
241,2015,8,30,77,60,0.4,89,77,77
242,2015,8,31,78,59,0.7,88,78,78
243,2015,9,1,66,51,1.1,83,66,66
244,2015,9,2,75,49,0.9,85,75,75
245,2015,9,3,81,52,0.7,88,81,80
246,2015,9,4,68,48,0.9,82,68,68
247,2015,9,5,76,46,0.7,82,76,76
248,2015,9,6,85,59,0.4,87,85,84
249,2015,9,7,81,58,0.9,88,81,83
250,2015,9,8,75,58,0.7,95,75,75
251,2015,9,9,67,58,0.7,93,67,67
252,2015,9,10,77,66,0.4,98,77,77
253,2015,9,11,75,60,0.7,97,75,75
254,2015,9,12,70,55,0.7,97,70,70
255,2015,9,13,63,56,0.4,95,63,61
256,2015,9,14,75,55,0.7,97,75,75
257,2015,9,15,68,57,0.7,92,68,68
258,2015,9,16,74,54,0.9,90,74,74
259,2015,9,17,83,54,0.7,89,83,80
260,2015,9,18,83,62,0.7,89,83,82
261,2015,9,19,74,59,0.7,90,74,74
262,2015,9,20,76,52,0.7,94,76,76
263,2015,9,21,66,45,0.9,80,66,66
264,2015,9,22,66,45,0.9,85,66,66
265,2015,9,23,71,51,0.7,82,71,71
266,2015,9,24,68,45,0.9,80,68,68
267,2015,9,25,62,44,0.9,72,62,65
268,2015,9,26,58,42,1.1,73,58,61
269,2015,9,27,66,41,1.1,77,66,66
270,2015,9,28,72,49,0.9,86,72,72
271,2015,9,29,75,62,0.7,93,75,75
272,2015,9,30,74,65,0.7,97,74,74
273,2015,10,1,70,48,1.1,100,70,70
274,2015,10,2,49,47,1.1,98,51,62
275,2015,10,3,50,37,1.1,92,52,63
276,2015,10,4,62,35,0.9,85,62,64
277,2015,10,5,64,42,0.7,89,64,63
278,2015,10,6,60,49,0.4,95,60,64
279,2015,10,7,65,47,0.9,90,65,65
280,2015,10,8,57,42,0.9,84,57,63
281,2015,10,9,58,38,0.9,79,58,63
282,2015,10,10,58,36,1.1,83,58,62
283,2015,10,11,54,37,0.9,89,54,64
284,2015,10,12,71,49,0.7,93,71,71
285,2015,10,13,66,51,0.4,100,66,66
286,2015,10,14,73,51,0.7,93,73,73
287,2015,10,15,61,38,0.9,85,61,63
288,2015,10,16,65,36,1.1,90,65,65
289,2015,10,17,52,34,0.7,83,52,60
290,2015,10,18,44,29,0.9,81,46,63
291,2015,10,19,40,29,0.9,78,42,67
292,2015,10,20,56,33,0.9,92,56,61
293,2015,10,21,51,34,1.1,78,51,64
294,2015,10,22,58,31,1.1,82,58,63
295,2015,10,23,55,32,0.9,84,55,62
296,2015,10,24,53,38,0.7,87,53,65
297,2015,10,25,57,42,0.9,95,57,65
298,2015,10,26,50,31,1.1,86,52,64
299,2015,10,27,45,27,0.9,80,47,64
300,2015,10,28,48,33,0.7,85,51,62
301,2015,10,29,64,44,1.1,98,64,62
302,2015,10,30,55,36,1.3,78,55,60
303,2015,10,31,47,32,0.9,78,50,65
304,2015,11,1,53,36,0.7,96,53,63
305,2015,11,2,56,40,0.9,93,56,61
306,2015,11,3,43,37,0.7,95,46,62
307,2015,11,4,45,34,0.9,92,47,64
308,2015,11,5,45,36,0.4,93,49,64
309,2015,11,6,59,42,0.7,99,59,62
310,2015,11,7,61,40,0.9,82,61,60
311,2015,11,8,42,33,1.3,69,43,69
312,2015,11,9,53,32,0.9,84,53,64
313,2015,11,10,56,37,0.9,92,56,64
314,2015,11,11,45,38,0.9,91,47,60
315,2015,11,12,48,39,0.4,93,52,64
316,2015,11,13,57,43,0.7,99,57,64
317,2015,11,14,49,37,1.1,92,51,60
318,2015,11,15,40,36,1.3,84,41,67
319,2015,11,16,44,32,0.9,91,46,65
320,2015,11,17,38,29,0.9,88,40,69
321,2015,11,18,35,31,0.9,82,37,70
322,2015,11,19,42,30,0.9,89,44,67
323,2015,11,20,46,42,0.9,91,49,60
324,2015,11,21,51,45,0.4,99,51,63
325,2015,11,22,59,49,0.7,100,59,65
326,2015,11,23,59,33,1.1,99,59,63
327,2015,11,24,33,24,1.1,72,34,68
328,2015,11,25,32,21,1.1,69,33,66
329,2015,11,26,43,23,0.9,81,45,67
330,2015,11,27,55,42,0.9,95,55,65
331,2015,11,28,49,31,0.7,97,52,62
332,2015,11,29,32,20,0.9,76,34,70
333,2015,11,30,26,18,0.7,61,29,67
334,2015,12,1,36,24,0.9,81,38,70
335,2015,12,2,49,31,0.7,100,52,64
336,2015,12,3,50,32,0.7,100,53,61
337,2015,12,4,33,26,1.1,81,34,66
338,2015,12,5,35,28,0.9,93,37,69
339,2015,12,6,49,35,0.7,100,52,62
340,2015,12,7,51,30,0.7,97,51,63
341,2015,12,8,37,26,0.7,91,40,68
342,2015,12,9,39,29,0.9,92,41,69
343,2015,12,10,42,35,0.9,97,44,70
344,2015,12,11,54,40,0.4,100,54,62
345,2015,12,12,51,37,0.7,98,51,65
346,2015,12,13,42,29,0.9,86,44,67
347,2015,12,14,32,28,0.4,89,37,66
348,2015,12,15,38,31,1.6,99,38,66
349,2015,12,16,35,28,1.1,92,36,70
350,2015,12,17,44,26,0.7,90,47,60
351,2015,12,18,53,44,0.4,100,53,61
352,2015,12,19,49,27,1.3,80,51,60
353,2015,12,20,29,22,1.3,66,29,68
354,2015,12,21,45,23,0.7,88,48,63
355,2015,12,22,42,32,0.7,100,45,69
356,2015,12,23,40,33,0.7,99,43,67
357,2015,12,24,55,37,0.9,100,55,61
358,2015,12,25,54,41,0.4,99,54,61
359,2015,12,26,41,30,0.7,87,44,69
360,2015,12,27,33,27,0.7,90,36,70
361,2015,12,28,27,6,1.1,80,28,66
362,2015,12,29,20,5,0.7,74,22,69
363,2015,12,30,28,18,0.9,85,30,67
364,2015,12,31,37,26,0.7,92,40,67
365,2016,1,1,33,24,0.9,91,35,69
366,2016,1,2,34,23,0.9,89,36,66
367,2016,1,3,37,28,0.7,94,40,68
368,2016,1,4,31,10,0.9,89,33,66
369,2016,1,5,17,6,1.3,81,17,67
370,2016,1,6,33,12,1.3,88,34,66
371,2016,1,7,35,22,1.1,89,36,68
372,2016,1,8,28,18,0.9,85,30,66
373,2016,1,9,28,22,0.9,85,30,67
374,2016,1,10,44,26,0.9,95,46,64
375,2016,1,11,49,24,1.1,93,51,63
376,2016,1,12,29,20,0.9,61,31,69
377,2016,1,13,34,21,1.3,88,35,70
378,2016,1,14,21,11,1.1,77,22,67
379,2016,1,15,22,11,1.3,77,22,68
380,2016,1,16,26,14,1.1,83,27,66
381,2016,1,17,32,24,0.9,91,34,69
382,2016,1,18,28,18,0.7,90,31,68
383,2016,1,19,18,11,1.1,87,18,70
384,2016,1,20,28,17,1.3,87,28,68
385,2016,1,21,22,14,1.1,86,23,67
386,2016,1,22,20,10,0.9,86,21,70
387,2016,1,23,20,7,0.7,86,22,67
388,2016,1,24,27,14,0.9,87,29,66
389,2016,1,25,28,14,1.3,85,28,68
390,2016,1,26,43,18,1.1,93,45,68
391,2016,1,27,42,23,0.7,98,45,67
392,2016,1,28,34,17,0.7,77,37,70
393,2016,1,29,34,30,0.9,97,36,68
394,2016,1,30,30,24,1.1,85,31,70
395,2016,1,31,38,27,0.4,96,43,66
396,2016,2,1,44,34,0.7,100,47,65
397,2016,2,2,36,17,0.9,79,38,67
398,2016,2,3,42,12,0.9,73,44,68
399,2016,2,4,50,41,0.9,100,53,60
400,2016,2,5,41,24,0.9,98,43,67
401,2016,2,6,27,18,1.1,76,28,69
402,2016,2,7,40,16,1.1,84,42,67
403,2016,2,8,24,15,1.3,75,24,66
404,2016,2,9,28,22,0.9,88,30,68
405,2016,2,10,29,17,0.9,88,31,66
406,2016,2,11,31,17,0.9,91,33,66
407,2016,2,12,21,7,1.1,85,22,70
408,2016,2,13,15,7,0.9,83,16,67
409,2016,2,14,13,2,1.1,85,13,70
410,2016,2,15,21,1,1.3,84,21,70
411,2016,2,16,51,16,1.1,94,51,64
412,2016,2,17,53,30,0.9,99,53,60
413,2016,2,18,37,24,0.7,80,40,67
414,2016,2,19,32,19,0.9,65,34,70
415,2016,2,20,44,21,1.1,86,46,65
416,2016,2,21,44,35,0.7,100,47,63
417,2016,2,22,35,16,0.9,73,37,70
418,2016,2,23,29,11,0.7,56,32,69
419,2016,2,24,45,18,0.9,91,47,63
420,2016,2,25,56,40,1.1,100,56,62
421,2016,2,26,41,24,1.1,89,43,68
422,2016,2,27,32,18,1.1,63,33,67
423,2016,2,28,46,28,0.9,88,49,65
424,2016,3,1,42,23,1.1,78,44,67
425,2016,3,2,50,20,1.3,85,52,62
426,2016,3,3,33,13,1.8,64,32,68
427,2016,3,4,27,9,0.9,58,29,67
428,2016,3,5,25,15,1.8,81,24,66
429,2016,3,6,29,12,1.1,74,30,68
430,2016,3,7,37,22,1.1,83,38,70
431,2016,3,8,42,23,0.9,83,44,66
432,2016,3,9,41,21,0.9,88,43,69
433,2016,3,10,44,28,0.7,91,47,64
434,2016,3,11,30,24,1.1,84,31,69
435,2016,3,12,34,20,0.9,83,36,69
436,2016,3,13,41,24,1.3,81,42,68
437,2016,3,14,36,20,0.9,62,38,70
438,2016,3,15,35,19,0.9,81,37,68
439,2016,3,16,48,33,0.7,99,51,64
440,2016,3,17,37,28,0.4,95,42,69
441,2016,3,18,39,23,0.7,96,42,68
442,2016,3,19,30,18,1.1,63,31,69
443,2016,3,20,32,15,0.9,58,34,68
444,2016,3,21,38,21,1.1,89,40,68
445,2016,3,22,30,24,1.8,74,29,69
446,2016,3,23,40,22,0.9,92,42,70
447,2016,3,24,26,15,0.9,64,28,66
448,2016,3,25,49,26,0.9,91,52,60
449,2016,3,26,38,21,1.1,82,40,67
450,2016,3,27,39,21,0.4,76,44,70
451,2016,3,28,48,29,0.7,97,51,60
452,2016,3,29,46,28,1.6,89,47,62
453,2016,3,30,46,26,0.9,70,49,64
454,2016,3,31,63,35,0.9,92,63,65
455,2016,4,1,56,48,1.1,99,56,63
456,2016,4,2,51,42,0.4,97,51,61
457,2016,4,3,43,20,0.9,87,45,69
458,2016,4,4,31,16,1.3,53,32,69
459,2016,4,5,28,15,1.1,64,29,68
460,2016,4,6,31,14,1.1,60,32,66
461,2016,4,7,53,29,1.3,88,53,63
462,2016,4,8,51,43,1.1,99,51,63
463,2016,4,9,49,32,0.4,90,53,64
464,2016,4,10,34,27,1.3,84,35,67
465,2016,4,11,43,25,0.9,82,45,67
466,2016,4,12,55,43,1.1,99,55,60
467,2016,4,13,52,30,0.7,89,52,62
468,2016,4,14,44,29,1.1,81,46,65
469,2016,4,15,35,30,1.6,90,35,69
470,2016,4,16,38,30,1.3,87,39,67
471,2016,4,17,53,28,0.4,78,53,65
472,2016,4,18,47,27,0.7,78,50,60
473,2016,4,19,47,26,0.4,73,51,61
474,2016,4,20,48,27,1.1,74,50,60
475,2016,4,21,66,32,0.9,79,66,66
476,2016,4,22,69,36,0.7,79,69,69
477,2016,4,23,61,40,0.7,88,61,64
478,2016,4,24,47,29,1.1,77,49,61
479,2016,4,25,47,28,0.9,74,50,63
480,2016,4,26,46,28,0.4,78,50,65
481,2016,4,27,52,28,0.7,76,52,60
482,2016,4,28,40,28,1.1,73,42,66
483,2016,4,29,50,27,0.7,66,53,64
484,2016,4,30,57,30,0.4,72,57,62
485,2016,5,1,59,32,0.7,72,59,61
486,2016,5,2,55,36,0.7,78,55,61
487,2016,5,3,52,38,0.7,96,52,60
488,2016,5,4,50,36,0.7,86,53,65
489,2016,5,5,46,38,0.7,98,49,65
490,2016,5,6,52,40,0.4,97,52,62
491,2016,5,7,57,40,0.4,93,57,63
492,2016,5,8,65,46,0.4,95,65,65
493,2016,5,9,54,39,1.3,75,54,63
494,2016,5,10,55,39,0.9,80,55,60
495,2016,5,11,57,39,0.9,77,57,60
496,2016,5,12,62,36,0.9,79,62,64
497,2016,5,13,59,34,0.7,77,59,62
498,2016,5,14,64,44,0.4,98,64,64
499,2016,5,15,62,44,0.7,94,62,64
500,2016,5,16,50,38,1.3,83,52,60
501,2016,5,17,58,40,0.9,85,58,64
502,2016,5,18,67,42,0.7,76,67,67
503,2016,5,19,66,41,0.7,78,66,66
504,2016,5,20,66,45,0.7,86,66,66
505,2016,5,21,79,54,0.7,80,79,79
506,2016,5,22,62,51,0.7,89,62,65
507,2016,5,23,57,44,0.7,95,57,60
508,2016,5,24,64,42,0.4,96,64,60
509,2016,5,25,70,48,0.4,92,70,70
510,2016,5,26,69,43,0.7,93,69,69
511,2016,5,27,55,42,0.4,88,55,63
512,2016,5,28,67,42,0.7,90,67,67
513,2016,5,29,63,42,0.4,82,63,60
514,2016,5,30,60,45,0.7,99,60,62
515,2016,5,31,75,55,0.4,93,75,75
516,2016,6,1,62,38,0.7,83,62,62
517,2016,6,2,57,35,0.4,81,57,61
518,2016,6,3,58,44,0.4,93,58,61
519,2016,6,4,69,47,0.2,92,69,69
520,2016,6,5,71,48,0.4,93,71,71
521,2016,6,6,55,48,0.7,98,55,63
522,2016,6,7,64,51,0.4,93,64,60
523,2016,6,8,67,52,0.7,94,67,67
524,2016,6,9,58,45,0.7,90,58,60
525,2016,6,10,56,45,0.7,91,56,60
526,2016,6,11,69,49,0.4,88,69,69
527,2016,6,12,56,51,0.4,97,56,65
528,2016,6,13,57,50,0.4,94,57,61
529,2016,6,14,52,47,0.7,96,52,60
530,2016,6,15,56,47,0.4,92,56,64
531,2016,6,16,55,44,0.4,87,55,63
532,2016,6,17,65,41,0.7,76,65,65
533,2016,6,18,74,43,0.4,74,74,74
534,2016,6,19,80,54,0.7,74,80,80
535,2016,6,20,74,50,0.7,78,74,74
536,2016,6,21,71,53,0.7,90,71,71
537,2016,6,22,74,55,0.4,89,74,74
538,2016,6,23,74,54,0.7,87,74,74
539,2016,6,24,73,51,0.7,82,73,73
540,2016,6,25,75,54,0.7,80,75,75
541,2016,6,26,79,51,0.4,84,79,79
542,2016,6,27,78,57,0.7,87,78,78
543,2016,6,28,77,56,0.7,87,77,77
544,2016,6,29,69,36,0.7,99,69,69
545,2016,6,30,80,62,0.4,94,80,80
546,2016,7,1,80,56,0.4,86,80,80
547,2016,7,2,67,54,0.7,96,67,67
548,2016,7,3,72,55,0.9,81,72,72
549,2016,7,4,81,54,0.7,82,81,79
550,2016,7,5,80,59,0.7,86,80,80
551,2016,7,6,72,51,0.7,88,72,72
552,2016,7,7,61,51,0.4,91,61,64
553,2016,7,8,60,51,0.7,93,60,61
554,2016,7,9,63,51,0.4,87,63,62
555,2016,7,10,57,53,0.4,96,57,61
556,2016,7,11,69,54,0.9,90,69,69
557,2016,7,12,83,55,0.4,85,83,82
558,2016,7,13,79,58,0.4,85,79,79
559,2016,7,14,77,58,0.9,88,77,77
560,2016,7,15,83,63,0.7,91,83,84
561,2016,7,16,86,62,0.4,88,86,83
562,2016,7,17,78,61,0.4,93,78,78
563,2016,7,18,74,62,0.7,92,74,74
564,2016,7,19,79,58,0.7,87,79,79
565,2016,7,20,75,55,0.9,82,75,75
566,2016,7,21,82,58,0.7,85,82,79
567,2016,7,22,76,59,0.7,92,76,76
568,2016,7,23,79,60,0.4,92,79,79
569,2016,7,24,85,59,0.2,85,85,79
570,2016,7,25,84,62,0.4,88,84,84
571,2016,7,26,73,61,0.7,95,73,73
572,2016,7,27,83,64,0.4,85,83,81
573,2016,7,28,83,61,0.7,86,83,80
574,2016,7,29,81,62,0.4,93,81,82
575,2016,7,30,82,65,0.7,88,82,84
576,2016,7,31,81,61,0.4,82,81,82
577,2016,8,1,80,57,0.7,81,80,80
578,2016,8,2,78,55,0.7,83,78,78
579,2016,8,3,77,51,0.7,81,77,77
580,2016,8,4,76,57,0.7,85,76,76
581,2016,8,5,81,59,0.9,85,81,81
582,2016,8,6,76,64,0.9,88,76,76
583,2016,8,7,81,62,0.7,85,81,79
584,2016,8,8,76,59,0.9,81,76,76
585,2016,8,9,74,54,0.9,80,74,74
586,2016,8,10,82,56,0.7,80,82,83
587,2016,8,11,84,63,0.4,89,84,83
588,2016,8,12,78,59,0.4,93,78,78
589,2016,8,13,74,56,0.4,81,74,74
590,2016,8,14,65,60,0.4,96,65,65
591,2016,8,15,71,59,0.4,91,71,71
592,2016,8,16,79,57,0.4,84,79,79
593,2016,8,17,73,58,0.9,98,73,73
594,2016,8,18,80,60,0.7,86,80,80
595,2016,8,19,77,58,0.7,82,77,77
596,2016,8,20,73,56,0.4,89,73,73
597,2016,8,21,74,60,0.7,89,74,74
598,2016,8,22,80,62,0.7,96,80,80
599,2016,8,23,74,56,1.1,81,74,74
600,2016,8,24,80,56,0.7,87,80,80
601,2016,8,25,80,59,0.9,91,80,80
602,2016,8,26,72,62,0.7,93,72,72
603,2016,8,27,75,54,0.7,86,75,75
604,2016,8,28,74,53,0.4,77,74,74
605,2016,8,29,72,58,0.9,94,72,72
606,2016,8,30,73,56,0.7,80,73,73
607,2016,8,31,77,58,0.7,87,77,77
608,2016,9,1,73,61,0.4,96,73,73
609,2016,9,2,64,50,1.1,89,64,60
610,2016,9,3,69,36,0.9,80,69,69
611,2016,9,4,70,49,0.7,78,70,70
612,2016,9,5,71,50,0.9,82,71,71
613,2016,9,6,78,66,0.4,97,78,78
614,2016,9,7,83,66,0.4,90,83,83
615,2016,9,8,80,65,0.7,91,80,80
616,2016,9,9,76,63,0.7,95,76,76
617,2016,9,10,79,60,0.4,84,79,79
618,2016,9,11,76,56,1.1,92,76,76
619,2016,9,12,70,51,1.1,74,70,70
620,2016,9,13,78,52,0.9,84,78,78
621,2016,9,14,74,53,0.9,87,74,74
622,2016,9,15,62,47,1.1,77,62,64
623,2016,9,16,67,45,1.1,76,67,67
624,2016,9,17,70,46,0.9,85,70,70
625,2016,9,18,74,56,0.9,91,74,74
626,2016,9,19,72,63,0.4,99,72,72
627,2016,9,20,74,62,0.4,96,74,74
628,2016,9,21,75,59,0.7,83,75,75
629,2016,9,22,72,53,0.9,80,72,72
630,2016,9,23,53,52,0.9,94,53,63
631,2016,9,24,60,42,0.9,79,60,62
632,2016,9,25,54,40,0.9,89,54,60
633,2016,9,26,57,42,0.9,84,57,61
634,2016,9,27,55,42,0.7,95,55,65
635,2016,9,28,56,49,0.9,91,56,65
636,2016,9,29,60,42,1.1,85,60,63
637,2016,9,30,64,40,1.1,75,64,64
638,2016,10,1,65,45,0.7,74,65,65
639,2016,10,2,55,50,0.9,96,55,61
640,2016,10,3,57,38,0.9,91,57,63
641,2016,10,4,58,35,1.1,82,58,61
642,2016,10,5,65,40,0.9,87,65,65
643,2016,10,6,69,46,0.7,89,69,69
644,2016,10,7,73,49,0.7,87,73,73
645,2016,10,8,72,50,0.9,87,72,72
646,2016,10,9,69,50,0.4,96,69,69
647,2016,10,10,50,44,2.0,95,51,64
648,2016,10,11,54,40,1.1,80,54,65
649,2016,10,12,62,40,1.1,85,62,60
650,2016,10,13,65,45,0.7,96,65,65
651,2016,10,14,60,37,0.9,89,60,63
652,2016,10,15,52,36,0.9,85,52,63
653,2016,10,16,57,34,0.9,81,57,61
654,2016,10,17,64,43,0.7,92,64,63
655,2016,10,18,59,43,0.7,89,59,64
656,2016,10,19,68,48,0.7,99,68,68
657,2016,10,20,59,42,0.9,86,59,62
658,2016,10,21,65,47,0.9,97,65,65
659,2016,10,22,68,57,0.9,100,68,68
660,2016,10,23,57,41,1.6,82,57,62
661,2016,10,24,55,39,1.1,78,55,64
662,2016,10,25,45,35,0.9,89,47,61
663,2016,10,26,50,34,0.7,97,53,62
664,2016,10,27,46,32,0.9,91,49,60
665,2016,10,28,48,31,1.1,95,50,65
666,2016,10,29,53,47,0.9,100,53,65
667,2016,10,30,48,42,0.7,96,51,64
668,2016,10,31,48,41,0.7,95,51,60
669,2016,11,1,46,41,0.7,96,49,64
670,2016,11,2,50,40,0.4,93,54,62
671,2016,11,3,48,43,0.4,96,52,61
672,2016,11,4,47,34,0.4,98,51,62
673,2016,11,5,40,30,0.7,85,43,68
674,2016,11,6,39,34,0.7,98,42,68
675,2016,11,7,44,28,0.9,88,46,65
676,2016,11,8,52,28,1.1,87,52,63
677,2016,11,9,58,32,0.4,96,58,62
678,2016,11,10,43,33,0.7,89,46,62
679,2016,11,11,55,36,0.7,91,55,63
680,2016,11,12,42,31,0.7,82,45,68
681,2016,11,13,52,38,0.7,88,52,61
682,2016,11,14,56,37,0.9,96,56,65
683,2016,11,15,56,40,0.4,98,56,62
684,2016,11,16,55,50,0.4,100,55,63
685,2016,11,17,53,47,0.4,100,53,61
686,2016,11,18,48,43,0.7,99,51,65
687,2016,11,19,48,43,0.7,100,51,64
688,2016,11,20,53,41,0.4,100,53,63
689,2016,11,21,50,35,0.7,93,53,65
690,2016,11,22,38,33,0.4,95,43,66
691,2016,11,23,41,33,0.7,95,44,67
692,2016,11,24,39,31,0.7,88,42,69
693,2016,11,25,36,32,0.7,79,39,67
694,2016,11,26,41,29,0.4,88,45,70
695,2016,11,27,35,31,1.1,98,36,66
696,2016,11,28,36,31,0.7,89,39,66
697,2016,11,29,36,30,0.7,89,39,68
698,2016,11,30,36,32,0.7,100,39,68
699,2016,12,1,47,32,0.7,100,50,63
700,2016,12,2,40,32,0.9,94,42,66
701,2016,12,3,38,28,0.7,93,41,70
702,2016,12,4,33,26,0.7,85,36,68
703,2016,12,5,29,22,0.4,72,34,69
704,2016,12,6,33,22,0.4,77,38,70
705,2016,12,7,30,22,0.4,79,35,68
706,2016,12,8,39,28,0.4,92,44,70
707,2016,12,9,31,24,0.7,83,34,70
708,2016,12,10,24,10,0.7,69,27,66
709,2016,12,11,21,9,0.7,69,24,66
710,2016,12,12,33,11,0.7,84,36,66
711,2016,12,13,31,18,0.9,88,33,69
712,2016,12,14,35,18,0.7,91,38,69
713,2016,12,15,30,6,0.9,87,32,67
714,2016,12,16,6,1,1.6,77,4,70
715,2016,12,17,39,3,0.9,86,41,69
716,2016,12,18,52,32,0.7,100,52,63
717,2016,12,19,32,7,0.7,53,35,68
718,2016,12,20,23,4,0.4,67,28,66
719,2016,12,21,39,22,0.4,90,44,69
720,2016,12,22,36,25,0.4,94,41,69
721,2016,12,23,34,28,0.4,92,39,68
722,2016,12,24,43,31,0.4,97,47,62
723,2016,12,25,37,16,1.1,75,38,66
724,2016,12,26,24,12,0.4,65,29,67
725,2016,12,27,50,24,0.7,95,53,65
726,2016,12,28,34,24,0.4,91,39,69
727,2016,12,29,37,21,0.4,84,42,66
728,2016,12,30,47,29,1.1,88,49,61
729,2016,12,31,30,19,0.7,78,33,67
730,2017,1,1,42,26,0.7,95,45,70
731,2017,1,2,34,22,0.7,79,37,68
732,2017,1,3,31,18,0.2,76,38,70
733,2017,1,4,47,31,0.9,98,50,63
734,2017,1,5,40,25,0.9,80,42,69
735,2017,1,6,31,19,0.4,78,36,68
736,2017,1,7,19,12,0.7,67,21,68
737,2017,1,8,23,9,0.9,86,25,69
738,2017,1,9,9,1,1.1,83,9,66
739,2017,1,10,32,2,1.1,85,33,69
740,2017,1,11,43,29,0.9,97,45,70
741,2017,1,12,50,29,0.7,100,53,62
742,2017,1,13,47,14,1.1,78,49,61
743,2017,1,14,16,7,0.7,52,18,66
744,2017,1,15,24,6,0.4,68,29,67
745,2017,1,16,32,5,0.4,69,37,68
746,2017,1,17,29,36,0.7,73,32,69
747,2017,1,18,27,10,0.4,78,32,67
748,2017,1,19,33,22,0.7,88,36,67
749,2017,1,20,30,26,0.7,90,33,70
750,2017,1,21,34,24,0.4,86,39,69
751,2017,1,22,30,25,0.4,86,35,70
752,2017,1,23,32,23,0.4,76,37,66
753,2017,1,24,38,19,0.9,87,40,70
754,2017,1,25,45,34,0.9,100,47,62
755,2017,1,26,41,33,0.7,94,44,70
756,2017,1,27,40,31,1.1,86,42,66
757,2017,1,28,32,26,1.1,70,33,68
758,2017,1,29,37,25,0.7,84,40,67
759,2017,1,30,36,26,0.4,83,41,66
760,2017,1,31,27,18,0.7,68,30,69
761,2017,2,1,31,12,0.4,79,36,69
762,2017,2,2,30,19,0.7,82,33,70
763,2017,2,3,20,11,0.9,67,21,70
764,2017,2,4,16,9,0.7,69,18,67
765,2017,2,5,33,6,0.4,77,38,69
766,2017,2,6,32,13,0.9,76,34,68
767,2017,2,7,14,6,0.9,64,15,68
768,2017,2,8,43,10,0.7,93,46,64
769,2017,2,9,33,20,1.1,80,34,67
770,2017,2,10,21,3,1.6,80,20,68
771,2017,2,11,14,1,0.7,72,16,70
772,2017,2,12,27,36,0.9,79,29,69
773,2017,2,13,28,21,1.8,89,27,69
774,2017,2,14,26,19,1.6,89,25,67
775,2017,2,15,27,20,0.4,87,32,70
776,2017,2,16,29,23,1.6,90,29,66
777,2017,2,17,29,22,1.1,90,30,67
778,2017,2,18,35,18,0.7,88,38,67
779,2017,2,19,43,31,0.7,99,46,60
780,2017,2,20,31,24,0.9,91,33,67
781,2017,2,21,33,20,1.1,88,34,67
782,2017,2,22,43,20,0.9,89,45,68
783,2017,2,23,43,29,0.7,98,46,63
784,2017,2,24,52,37,0.7,100,52,64
785,2017,2,25,54,36,0.7,100,54,61
786,2017,2,26,51,26,0.9,88,51,62
787,2017,2,27,38,22,0.9,71,40,70
788,2017,2,28,42,27,0.7,77,45,66
789,2017,3,1,46,33,0.7,99,49,62
790,2017,3,2,49,23,1.1,90,51,63
791,2017,3,3,27,14,1.3,53,27,68
792,2017,3,4,13,7,1.3,52,12,66
793,2017,3,5,25,7,1.6,59,24,69
794,2017,3,6,30,14,0.9,70,32,68
795,2017,3,7,40,17,0.7,76,43,66
796,2017,3,8,48,30,0.9,99,51,65
797,2017,3,9,44,25,1.1,86,46,63
798,2017,3,10,28,15,1.1,54,29,66
799,2017,3,11,14,-3,1.6,56,12,68
800,2017,3,12,15,-3,1.1,63,15,67
801,2017,3,13,30,9,0.7,70,33,68
802,2017,3,14,43,16,1.6,80,44,66
803,2017,3,15,43,26,0.9,90,45,66
804,2017,3,16,33,25,1.1,74,34,69
805,2017,3,17,29,20,0.7,80,32,70
806,2017,3,18,35,22,1.1,82,36,68
807,2017,3,19,33,20,0.9,87,35,68
808,2017,3,20,35,28,1.3,95,36,69
809,2017,3,21,39,27,1.3,85,40,67
810,2017,3,22,44,20,0.9,91,46,65
811,2017,3,23,20,12,1.8,63,18,70
812,2017,3,24,29,12,0.9,66,31,67
813,2017,3,25,39,23,0.7,86,42,70
814,2017,3,26,33,18,1.1,62,34,66
815,2017,3,27,53,22,0.9,69,53,65
816,2017,3,28,31,25,0.7,90,34,67
817,2017,3,29,30,27,0.7,88,33,66
818,2017,3,30,30,26,1.8,86,29,67
819,2017,3,31,31,25,1.3,83,32,67
820,2017,4,1,40,22,0.7,86,43,66
821,2017,4,2,33,28,0.9,89,35,70
822,2017,4,3,36,27,1.1,84,37,68
823,2017,4,4,44,25,0.7,81,47,65
824,2017,4,5,37,30,0.9,84,39,67
825,2017,4,6,44,32,0.9,95,46,62
826,2017,4,7,53,37,0.9,98,53,61
827,2017,4,8,46,34,0.7,94,49,60
828,2017,4,9,48,34,0.7,89,51,62
829,2017,4,10,52,33,0.7,83,52,64
830,2017,4,11,74,38,0.4,88,74,74
831,2017,4,12,58,35,0.4,92,58,64
832,2017,4,13,58,36,0.7,87,58,64
833,2017,4,14,52,35,0.7,82,52,62
834,2017,4,15,59,35,0.7,79,59,61
835,2017,4,16,64,38,0.7,96,64,61
836,2017,4,17,52,30,0.7,89,52,62
837,2017,4,18,42,21,0.9,69,44,66
838,2017,4,19,41,18,0.7,65,44,68
839,2017,4,20,37,26,0.4,78,42,70
840,2017,4,21,51,27,0.7,82,51,62
841,2017,4,22,43,25,0.4,82,47,63
842,2017,4,23,41,32,0.7,92,44,66
843,2017,4,24,59,33,0.7,91,59,63
844,2017,4,25,55,28,0.7,73,55,61
845,2017,4,26,51,39,0.7,97,51,64
846,2017,4,27,60,49,0.7,98,60,61
847,2017,4,28,60,47,0.4,95,60,61
848,2017,4,29,69,42,0.7,88,69,69
849,2017,4,30,52,38,1.1,71,52,60
850,2017,5,1,41,35,0.7,90,44,66
851,2017,5,2,56,37,0.9,99,56,61
852,2017,5,3,62,47,0.7,87,62,65
853,2017,5,4,59,42,0.9,76,59,64
854,2017,5,5,59,39,0.9,80,59,64
855,2017,5,6,60,48,1.1,98,60,62
856,2017,5,7,61,51,0.9,97,61,62
857,2017,5,8,59,38,0.7,88,59,61
858,2017,5,9,54,38,0.4,90,54,61
859,2017,5,10,48,40,0.2,96,54,62
860,2017,5,11,49,38,0.7,95,52,64
861,2017,5,12,58,38,0.7,88,58,64
862,2017,5,13,65,36,0.4,83,65,65
863,2017,5,14,49,35,1.1,88,51,63
864,2017,5,15,50,44,0.7,95,53,63
865,2017,5,16,54,40,0.7,95,54,62
866,2017,5,17,71,48,0.7,84,71,71
867,2017,5,18,85,51,0.4,89,85,84
868,2017,5,19,86,48,0.7,88,86,80
869,2017,5,20,53,42,1.1,77,53,65
870,2017,5,21,57,40,1.1,70,57,65
871,2017,5,22,67,41,0.7,81,67,67
872,2017,5,23,54,44,0.9,99,54,61
873,2017,5,24,65,46,0.4,90,65,65
874,2017,5,25,66,42,0.4,86,66,66
875,2017,5,26,49,43,0.7,98,52,64
876,2017,5,27,51,42,0.7,94,51,61
877,2017,5,28,59,39,0.2,93,59,60
878,2017,5,29,61,40,0.2,91,61,65
879,2017,5,30,62,38,0.4,81,62,62
880,2017,5,31,62,41,0.7,89,62,64
881,2017,6,1,72,51,0.4,92,72,72
882,2017,6,2,69,49,0.4,87,69,69
883,2017,6,3,64,44,0.4,91,64,62
884,2017,6,4,56,42,0.7,89,56,60
885,2017,6,5,55,42,0.7,84,55,60
886,2017,6,6,63,41,0.7,88,63,62
887,2017,6,7,69,40,0.4,79,69,69
888,2017,6,8,81,44,0.7,83,81,83
889,2017,6,9,59,49,0.9,95,59,61
890,2017,6,10,70,51,0.7,81,70,70
891,2017,6,11,78,49,0.9,86,78,78
892,2017,6,12,83,60,0.2,83,83,79
893,2017,6,13,86,57,0.7,91,86,83
894,2017,6,14,62,42,0.9,83,62,60
895,2017,6,15,62,41,0.7,83,62,62
896,2017,6,16,64,44,0.7,87,64,62
897,2017,6,17,60,51,0.9,100,60,65
898,2017,6,18,75,56,0.4,93,75,75
899,2017,6,19,75,61,0.9,95,75,75
900,2017,6,20,66,57,0.9,96,66,66
901,2017,6,21,72,56,0.7,91,72,72
902,2017,6,22,77,53,0.7,85,77,77
903,2017,6,23,75,52,0.4,90,75,75
904,2017,6,24,67,60,0.9,96,67,67
905,2017,6,25,81,58,0.4,85,81,79
906,2017,6,26,79,55,0.7,85,79,79
907,2017,6,27,74,53,0.4,85,74,74
908,2017,6,28,71,51,0.7,91,71,71
909,2017,6,29,73,53,0.7,85,73,73
910,2017,6,30,62,54,0.7,98,62,64
911,2017,7,1,63,57,0.4,97,63,61
912,2017,7,2,72,58,0.7,99,72,72
913,2017,7,3,79,59,0.7,90,79,79
914,2017,7,4,75,57,0.4,87,75,75
915,2017,7,5,75,53,0.4,79,75,75
916,2017,7,6,75,54,0.7,84,75,75
917,2017,7,7,74,53,0.7,90,74,74
918,2017,7,8,75,62,0.4,96,75,75
919,2017,7,9,79,60,0.7,91,79,79
920,2017,7,10,79,57,0.7,87,79,79
921,2017,7,11,74,58,0.7,92,74,74
922,2017,7,12,79,62,0.4,90,79,79
923,2017,7,13,63,51,0.7,86,63,63
924,2017,7,14,74,49,0.7,82,74,74
925,2017,7,15,74,49,0.7,83,74,74
926,2017,7,16,76,57,0.4,91,76,76
927,2017,7,17,79,55,0.4,89,79,79
928,2017,7,18,74,62,0.4,95,74,74
929,2017,7,19,80,62,0.4,90,80,80
930,2017,7,20,84,63,0.4,88,84,84
931,2017,7,21,85,64,0.7,90,85,84
932,2017,7,22,74,57,0.7,83,74,74
933,2017,7,23,72,53,0.7,76,72,72
934,2017,7,24,72,50,0.4,80,72,72
935,2017,7,25,60,53,0.9,96,60,65
936,2017,7,26,74,51,0.7,82,74,74
937,2017,7,27,69,53,0.9,89,69,69
938,2017,7,28,70,56,0.7,92,70,70
939,2017,7,29,72,60,0.4,86,72,72
940,2017,7,30,75,58,0.9,84,75,75
941,2017,7,31,80,58,0.7,82,80,80
942,2017,8,1,82,58,0.7,85,82,81
943,2017,8,2,80,58,0.4,83,80,80
944,2017,8,3,78,60,0.4,88,78,78
945,2017,8,4,80,36,0.7,87,80,80
946,2017,8,5,77,64,0.7,88,77,77
947,2017,8,6,72,58,0.9,95,72,72
948,2017,8,7,74,54,0.9,81,74,74
949,2017,8,8,63,56,0.7,97,63,64
950,2017,8,9,75,54,0.7,84,75,75
951,2017,8,10,79,59,0.7,86,79,79
952,2017,8,11,80,58,0.4,86,80,80
953,2017,8,12,70,59,0.7,99,70,70
954,2017,8,13,72,61,0.7,96,72,72
955,2017,8,14,79,59,0.7,85,79,79
956,2017,8,15,78,58,0.7,82,78,78
957,2017,8,16,78,55,0.7,92,78,78
958,2017,8,17,70,52,1.1,80,70,70
959,2017,8,18,73,36,0.7,81,73,73
960,2017,8,19,67,58,1.1,98,67,67
961,2017,8,20,78,63,0.7,91,78,78
962,2017,8,21,81,62,0.7,85,81,83
963,2017,8,22,86,60,0.7,87,86,81
964,2017,8,23,69,64,0.9,97,69,69
965,2017,8,24,77,59,0.4,86,77,77
966,2017,8,25,75,56,0.4,85,75,75
967,2017,8,26,67,53,0.9,86,67,67
968,2017,8,27,67,52,0.7,87,67,67
969,2017,8,28,71,48,0.9,79,71,71
970,2017,8,29,73,48,0.7,78,73,73
971,2017,8,30,65,54,0.7,86,65,65
972,2017,8,31,74,53,0.7,88,74,74
973,2017,9,1,62,48,1.1,80,62,61
974,2017,9,2,57,46,1.1,83,57,64
975,2017,9,3,62,46,0.9,86,62,63
976,2017,9,4,69,55,1.3,89,69,69
977,2017,9,5,72,54,0.9,90,72,72
978,2017,9,6,78,66,0.9,94,78,78
979,2017,9,7,72,60,0.9,100,72,72
980,2017,9,8,73,53,0.7,88,73,73
981,2017,9,9,71,52,0.7,83,71,71
982,2017,9,10,65,49,0.9,89,65,65
983,2017,9,11,65,48,1.3,90,65,65
984,2017,9,12,70,51,0.9,83,70,70
985,2017,9,13,76,52,0.7,84,76,76
986,2017,9,14,78,55,0.7,87,78,78
987,2017,9,15,75,58,0.4,88,75,75
988,2017,9,16,77,60,0.4,93,77,77
989,2017,9,17,67,59,0.4,94,67,67
990,2017,9,18,66,61,0.7,95,66,66
991,2017,9,19,71,61,0.7,95,71,71
992,2017,9,20,71,64,0.4,100,71,71
993,2017,9,21,71,48,0.7,84,71,71
994,2017,9,22,67,46,0.7,84,67,67
995,2017,9,23,78,54,0.4,93,78,78
996,2017,9,24,76,55,0.4,89,76,76
997,2017,9,25,78,59,0.4,89,78,78
998,2017,9,26,84,59,0.7,90,84,81
999,2017,9,27,69,57,0.7,94,69,69
1000,2017,9,28,71,47,0.9,100,71,71
1001,2017,9,29,56,42,0.9,84,56,60
1002,2017,9,30,55,40,0.7,84,55,65
1003,2017,10,1,61,39,1.1,77,61,62
1004,2017,10,2,56,41,1.1,82,56,63
1005,2017,10,3,58,40,0.9,81,58,64
1006,2017,10,4,69,43,0.9,89,69,69
1007,2017,10,5,72,50,0.7,90,72,72
1008,2017,10,6,65,50,0.7,86,65,65
1009,2017,10,7,67,47,0.9,85,67,67
1010,2017,10,8,73,60,0.9,96,73,73
1011,2017,10,9,74,60,0.4,94,74,74
1012,2017,10,10,71,58,0.7,96,71,71
1013,2017,10,11,59,52,0.9,79,59,60
1014,2017,10,12,53,37,0.9,76,53,61
1015,2017,10,13,56,36,0.9,78,56,60
1016,2017,10,14,62,42,0.9,92,62,63
1017,2017,10,15,65,53,0.9,95,65,65
1018,2017,10,16,70,45,0.9,86,70,70
1019,2017,10,17,49,36,0.9,80,52,65
1020,2017,10,18,61,36,1.1,84,61,60
1021,2017,10,19,64,40,1.3,82,64,60
1022,2017,10,20,64,46,0.9,79,64,60
1023,2017,10,21,53,38,1.1,75,53,63
1024,2017,10,22,52,35,1.1,78,52,63
1025,2017,10,23,62,35,0.9,85,62,60
1026,2017,10,24,70,52,0.7,95,70,70
1027,2017,10,25,69,60,0.7,98,69,69
1028,2017,10,26,69,58,1.3,91,69,69
1029,2017,10,27,61,45,0.9,87,61,64
1030,2017,10,28,58,41,0.9,83,58,65
1031,2017,10,29,63,45,1.1,85,63,62
1032,2017,10,30,64,52,1.6,95,64,62
1033,2017,10,31,59,43,1.1,80,59,60
1034,2017,11,1,55,40,0.9,81,55,62
1035,2017,11,2,58,37,0.9,88,58,63
1036,2017,11,3,64,49,0.7,99,64,62
1037,2017,11,4,49,31,1.1,76,51,64
1038,2017,11,5,52,30,0.9,79,52,65
1039,2017,11,6,64,49,0.9,97,64,62
1040,2017,11,7,60,35,0.9,84,60,65
1041,2017,11,8,53,36,0.7,91,53,60
1042,2017,11,9,45,35,0.7,86,48,64
1043,2017,11,10,55,23,1.3,83,55,61
1044,2017,11,11,36,22,1.1,64,37,70
1045,2017,11,12,35,21,0.9,68,37,66
1046,2017,11,13,42,26,0.9,73,44,68
1047,2017,11,14,39,31,0.9,93,41,66
1048,2017,11,15,44,29,0.7,97,47,65
1049,2017,11,16,47,27,0.7,91,50,61
1050,2017,11,17,51,33,1.1,95,51,64
1051,2017,11,18,38,30,0.9,81,40,68
1052,2017,11,19,59,32,0.9,98,59,65
1053,2017,11,20,42,24,1.1,75,44,66
1054,2017,11,21,48,22,0.9,74,51,62
1055,2017,11,22,61,47,0.7,99,61,65
1056,2017,11,23,57,29,1.1,84,57,65
1057,2017,11,24,42,29,0.9,84,44,67
1058,2017,11,25,54,36,0.7,97,54,62
1059,2017,11,26,50,29,0.9,99,53,63
1060,2017,11,27,34,20,0.9,71,36,66
1061,2017,11,28,30,19,0.7,61,33,70
1062,2017,11,29,50,28,0.9,95,53,65
1063,2017,11,30,36,25,0.7,74,39,69
1064,2017,12,1,47,33,0.7,97,50,60
1065,2017,12,2,41,33,0.7,99,44,70
1066,2017,12,3,38,32,0.4,95,43,70
1067,2017,12,4,37,31,0.7,95,40,69
1068,2017,12,5,41,31,0.7,94,44,69
1069,2017,12,6,53,39,0.9,98,53,62
1070,2017,12,7,42,32,0.7,88,45,66
1071,2017,12,8,40,30,0.7,88,43,67
1072,2017,12,9,38,33,0.7,97,41,68
1073,2017,12,10,38,28,0.7,99,41,69
1074,2017,12,11,35,28,0.7,91,38,66
1075,2017,12,12,45,25,0.9,93,47,64
1076,2017,12,13,53,25,1.1,94,53,61
1077,2017,12,14,33,18,1.3,68,34,66
1078,2017,12,15,26,17,0.9,58,28,69
1079,2017,12,16,22,13,0.9,69,24,69
1080,2017,12,17,24,7,0.9,68,26,68
1081,2017,12,18,23,5,0.4,68,28,66
1082,2017,12,19,39,21,0.4,96,44,67
1083,2017,12,20,39,25,0.9,91,41,68
1084,2017,12,21,25,15,1.1,65,26,70
1085,2017,12,22,24,13,0.7,64,27,67
1086,2017,12,23,53,17,0.7,86,53,63
1087,2017,12,24,52,24,0.9,85,52,65
1088,2017,12,25,47,23,1.1,78,49,60
1089,2017,12,26,29,14,1.1,61,30,66
1090,2017,12,27,15,6,1.3,57,14,68
1091,2017,12,28,9,2,1.1,70,9,67
1092,2017,12,29,17,7,0.4,77,22,66
1093,2017,12,30,17,7,0.7,75,19,68
1094,2017,12,31,14,6,0.9,72,15,66
1095,2018,1,1,14,9,1.8,82,12,70
1096,2018,1,2,11,8,2.0,80,8,69
1097,2018,1,3,26,6,1.6,85,25,66
1098,2018,1,4,50,22,3.1,98,50,63
1099,2018,1,5,43,12,4.3,78,41,67
1100,2018,1,6,12,2,3.6,68,6,69
1101,2018,1,7,12,1,2.9,74,7,67
1102,2018,1,8,38,12,1.6,87,38,70
1103,2018,1,9,38,19,1.8,96,38,68
1104,2018,1,10,27,16,2.5,77,24,66
1105,2018,1,11,47,21,1.8,98,48,62
1106,2018,1,12,56,43,2.2,100,56,62
1107,2018,1,13,60,28,2.9,100,60,61
1108,2018,1,14,29,17,1.8,74,28,68
1109,2018,1,15,24,17,2.2,69,22,70
1110,2018,1,16,27,19,1.8,88,26,67
1111,2018,1,17,30,19,1.1,89,31,66
1112,2018,1,18,32,17,1.6,97,32,67
1113,2018,1,19,20,11,2.2,90,17,68
1114,2018,1,20,38,16,2.2,95,37,69
1115,2018,1,21,38,20,1.8,81,38,66
1116,2018,1,22,21,10,2.0,67,19,68
1117,2018,1,23,50,13,2.5,90,50,60
1118,2018,1,24,52,19,2.2,93,52,64
1119,2018,1,25,26,12,2.5,62,23,66
1120,2018,1,26,18,7,2.0,71,16,67
1121,2018,1,27,41,9,2.0,84,41,68
1122,2018,1,28,46,34,1.6,100,47,62
1123,2018,1,29,34,19,2.0,81,33,69
1124,2018,1,30,24,15,3.1,89,20,69
1125,2018,1,31,20,11,2.9,86,16,68
1126,2018,2,1,40,15,1.8,95,40,66
1127,2018,2,2,45,9,2.2,95,45,70
1128,2018,2,3,11,3,2.7,69,6,68
1129,2018,2,4,38,36,2.2,89,37,68
1130,2018,2,5,52,23,3.1,97,52,62
1131,2018,2,6,28,19,1.1,71,29,67
1132,2018,2,7,47,19,1.6,82,48,60
1133,2018,2,8,50,19,2.2,86,51,60
1134,2018,2,9,25,12,1.6,70,24,68
1135,2018,2,10,44,24,1.8,97,44,68
1136,2018,2,11,45,31,1.6,100,46,63
1137,2018,2,12,49,22,2.0,91,50,60
1138,2018,2,13,22,13,2.2,66,20,70
1139,2018,2,14,53,13,1.8,85,53,65
1140,2018,2,15,46,29,0.9,99,49,63
1141,2018,2,16,41,29,1.1,100,43,67
1142,2018,2,17,29,14,2.2,63,27,68
1143,2018,2,18,30,18,1.8,89,29,69
1144,2018,2,19,37,21,1.3,86,38,68
1145,2018,2,20,41,33,1.1,100,43,68
1146,2018,2,21,51,33,1.6,100,51,65
1147,2018,2,22,42,22,1.8,71,42,69
1148,2018,2,23,32,16,1.6,62,32,67
1149,2018,2,24,41,26,2.0,88,41,69
1150,2018,2,25,30,22,1.8,70,29,67
1151,2018,2,26,39,28,2.0,99,39,66
1152,2018,2,27,39,26,1.8,86,39,70
1153,2018,2,28,47,25,1.3,93,49,63
1154,2018,3,1,35,29,2.0,91,34,70
1155,2018,3,2,45,30,2.9,87,44,67
1156,2018,3,3,47,32,3.4,87,46,64
1157,2018,3,4,36,30,2.9,86,34,66
1158,2018,3,5,42,30,3.1,84,41,68
1159,2018,3,6,38,29,2.9,82,36,67
1160,2018,3,7,40,29,2.2,82,39,66
1161,2018,3,8,38,31,3.4,94,36,67
1162,2018,3,9,37,31,1.8,99,37,66
1163,2018,3,10,36,30,2.2,94,35,69
1164,2018,3,11,36,29,1.8,95,36,67
1165,2018,3,12,33,26,1.6,89,33,69
1166,2018,3,13,35,26,3.8,93,32,68
1167,2018,3,14,38,32,3.6,87,35,66
1168,2018,3,15,38,31,2.2,90,37,67
1169,2018,3,16,36,25,2.2,80,35,67
1170,2018,3,17,26,12,2.9,64,23,68
1171,2018,3,18,28,12,2.5,66,26,68
1172,2018,3,19,28,14,2.5,70,26,70
1173,2018,3,20,33,21,2.0,76,32,70
1174,2018,3,21,41,18,2.0,84,41,67
1175,2018,3,22,38,28,2.5,93,37,70
1176,2018,3,23,33,29,2.0,93,32,66
1177,2018,3,24,53,29,2.2,90,53,65
1178,2018,3,25,29,22,2.7,82,26,70
1179,2018,3,26,36,20,1.8,77,36,67
1180,2018,3,27,49,18,2.2,78,49,64
1181,2018,3,28,43,33,1.3,98,44,69
1182,2018,3,29,47,32,1.6,86,48,64
1183,2018,3,30,51,34,1.6,97,51,61
1184,2018,3,31,43,31,1.8,80,43,66
1185,2018,4,1,44,31,2.0,88,44,69
1186,2018,4,2,37,27,1.3,75,38,69
1187,2018,4,3,46,26,1.1,73,48,62
1188,2018,4,4,53,32,2.2,99,53,61
1189,2018,4,5,48,24,2.9,70,48,61
1190,2018,4,6,38,21,2.2,60,37,70
1191,2018,4,7,38,31,1.3,97,39,70
1192,2018,4,8,35,27,1.6,93,35,70
1193,2018,4,9,32,22,2.9,74,29,70
1194,2018,4,10,42,21,1.8,73,42,66
1195,2018,4,11,46,26,1.1,77,48,64
1196,2018,4,12,46,28,1.1,85,48,64
1197,2018,4,13,50,34,2.0,95,51,63
1198,2018,4,14,42,26,1.8,75,42,66
1199,2018,4,15,36,22,1.6,54,36,70
1200,2018,4,16,40,21,2.0,75,40,69
1201,2018,4,17,49,36,2.7,98,49,61
1202,2018,4,18,46,37,1.8,90,47,64
1203,2018,4,19,49,34,1.3,91,51,63
1204,2018,4,20,40,29,1.3,93,41,70
1205,2018,4,21,46,31,1.3,82,48,63
1206,2018,4,22,52,32,1.1,75,52,65
1207,2018,4,23,59,34,1.3,67,59,62
1208,2018,4,24,63,36,1.8,74,63,62
1209,2018,4,25,60,36,1.6,86,60,63
1210,2018,4,26,55,45,2.7,98,55,64
1211,2018,4,27,65,41,1.3,88,65,65
1212,2018,4,28,58,45,1.6,97,58,64
1213,2018,4,29,58,46,1.1,92,58,65
1214,2018,4,30,53,40,1.6,94,53,60
1215,2018,5,1,48,39,0.9,90,51,63
1216,2018,5,2,68,38,1.6,90,68,68
1217,2018,5,3,60,40,1.1,90,60,65
1218,2018,5,4,53,39,0.9,92,53,64
1219,2018,5,5,64,36,2.2,83,64,64
1220,2018,5,6,70,46,1.3,85,70,70
1221,2018,5,7,57,39,1.3,85,57,65
1222,2018,5,8,59,37,1.1,79,59,60
1223,2018,5,9,53,39,0.9,84,53,63
1224,2018,5,10,51,40,1.8,89,51,60
1225,2018,5,11,64,38,1.6,79,64,60
1226,2018,5,12,56,34,1.3,71,56,64
1227,2018,5,13,66,37,1.1,78,66,66
1228,2018,5,14,62,37,1.3,80,62,64
1229,2018,5,15,63,45,1.6,91,63,63
1230,2018,5,16,57,39,1.3,71,57,61
1231,2018,5,17,68,42,1.3,89,68,68
1232,2018,5,18,58,38,1.1,70,58,60
1233,2018,5,19,62,37,1.3,72,62,64
1234,2018,5,20,65,51,2.0,96,65,65
1235,2018,5,21,70,45,1.3,76,70,70
1236,2018,5,22,61,44,1.3,74,61,60
1237,2018,5,23,65,37,1.3,81,65,65
1238,2018,5,24,56,33,1.6,71,56,60
1239,2018,5,25,67,42,1.8,90,67,67
1240,2018,5,26,63,50,1.3,89,63,60
1241,2018,5,27,60,34,1.3,76,60,65
1242,2018,5,28,61,36,1.3,85,61,64
1243,2018,5,29,71,44,1.3,90,71,71
1244,2018,5,30,65,43,1.3,69,65,65
1245,2018,5,31,80,47,1.1,75,80,80
1246,2018,6,1,85,58,1.1,80,85,81
1247,2018,6,2,67,41,2.0,94,67,67
1248,2018,6,3,49,33,2.5,72,49,61
1249,2018,6,4,55,31,1.6,72,55,64
1250,2018,6,5,45,39,2.2,92,45,70
1251,2018,6,6,49,40,0.9,83,52,63
1252,2018,6,7,65,38,1.1,82,65,65
1253,2018,6,8,64,48,1.6,90,64,60
1254,2018,6,9,69,47,1.1,79,69,69
1255,2018,6,10,65,42,1.3,81,65,65
1256,2018,6,11,57,40,1.3,75,57,62
1257,2018,6,12,69,39,1.8,77,69,69
1258,2018,6,13,80,47,1.8,84,80,80
1259,2018,6,14,49,45,1.6,96,50,62
1260,2018,6,15,67,44,1.3,82,67,67
1261,2018,6,16,78,47,1.1,82,78,78
1262,2018,6,17,71,43,1.1,72,71,71
1263,2018,6,18,59,47,2.0,94,59,65
1264,2018,6,19,73,53,1.8,87,73,73
1265,2018,6,20,79,53,1.3,77,79,79
1266,2018,6,21,53,53,1.1,84,53,63
1267,2018,6,22,71,46,1.1,75,71,71
1268,2018,6,23,69,48,1.1,85,69,69
1269,2018,6,24,72,57,1.1,90,72,72
1270,2018,6,25,59,45,2.2,95,59,60
1271,2018,6,26,66,43,2.0,76,66,66
1272,2018,6,27,81,50,1.8,80,81,82
1273,2018,6,28,70,54,2.0,92,70,70
1274,2018,6,29,78,61,1.8,96,78,78
1275,2018,6,30,84,59,0.7,81,84,81
1276,2018,7,1,78,56,0.7,89,78,78
1277,2018,7,2,74,53,0.9,87,74,74
1278,2018,7,3,83,59,1.3,88,83,82
1279,2018,7,4,90,65,1.1,82,90,74
1280,2018,7,5,85,65,0.9,86,85,81
1281,2018,7,6,82,65,2.0,93,82,84
1282,2018,7,7,71,54,1.6,77,71,71
1283,2018,7,8,79,54,1.3,78,79,79
1284,2018,7,9,81,55,1.8,77,81,81
1285,2018,7,10,77,55,1.6,83,77,77
1286,2018,7,11,77,56,0.7,90,77,77
1287,2018,7,12,74,56,1.1,75,74,74
1288,2018,7,13,73,53,0.9,78,73,73
1289,2018,7,14,70,50,1.1,85,70,70
1290,2018,7,15,78,58,0.4,89,78,78
1291,2018,7,16,83,60,0.9,85,83,82
1292,2018,7,17,79,60,1.3,88,79,79
1293,2018,7,18,73,64,1.6,97,73,73
1294,2018,7,19,76,56,0.9,82,76,76
1295,2018,7,20,79,56,0.9,78,79,79
1296,2018,7,21,70,58,1.3,93,70,70
1297,2018,7,22,76,60,1.3,94,76,76
1298,2018,7,23,82,69,1.3,88,82,83
1299,2018,7,24,82,69,1.1,89,82,80
1300,2018,7,25,82,70,1.6,87,82,83
1301,2018,7,26,77,67,2.2,93,77,77
1302,2018,7,27,81,63,1.6,89,81,82
1303,2018,7,28,80,62,1.1,90,80,80
1304,2018,7,29,82,64,1.3,92,82,80
1305,2018,7,30,81,64,1.3,81,81,84
1306,2018,7,31,82,64,1.1,82,82,80
1307,2018,8,1,85,64,0.9,79,85,84
1308,2018,8,2,80,62,1.8,88,80,80
1309,2018,8,3,87,68,1.1,82,87,83
1310,2018,8,4,86,65,0.9,87,86,83
1311,2018,8,5,77,62,1.3,97,77,77
1312,2018,8,6,86,62,0.9,83,86,84
1313,2018,8,7,89,66,0.9,83,89,83
1314,2018,8,8,80,66,0.9,86,80,80
1315,2018,8,9,74,66,1.6,93,74,74
1316,2018,8,10,82,61,1.3,83,82,80
1317,2018,8,11,79,59,1.1,74,79,79
1318,2018,8,12,82,62,0.9,76,82,82
1319,2018,8,13,81,59,0.9,78,81,82
1320,2018,8,14,77,62,1.1,91,77,77
1321,2018,8,15,79,66,1.3,91,79,79
1322,2018,8,16,81,60,1.1,86,81,81
1323,2018,8,17,73,58,1.1,76,73,73
1324,2018,8,18,69,57,1.8,95,69,69
1325,2018,8,19,73,58,1.6,83,73,73
1326,2018,8,20,73,54,1.6,83,73,73
1327,2018,8,21,74,50,0.9,82,74,74
1328,2018,8,22,71,63,1.8,93,71,71
1329,2018,8,23,76,60,1.6,86,76,76
1330,2018,8,24,77,57,1.3,79,77,77
1331,2018,8,25,79,59,1.1,80,79,79
1332,2018,8,26,75,55,1.1,85,75,75
1333,2018,8,27,79,60,1.1,85,79,79
1334,2018,8,28,83,63,1.3,86,83,80
1335,2018,8,29,83,66,1.3,78,83,80
1336,2018,8,30,84,54,1.6,87,84,79
1337,2018,8,31,72,53,1.3,76,72,72
1338,2018,9,1,70,53,1.1,80,70,70
1339,2018,9,2,76,55,1.3,80,76,76
1340,2018,9,3,77,59,1.6,83,77,77
1341,2018,9,4,75,58,1.3,84,75,75
1342,2018,9,5,79,57,1.1,74,79,79
1343,2018,9,6,84,59,1.8,82,84,84
1344,2018,9,7,73,51,1.1,74,73,73
1345,2018,9,8,67,45,1.6,75,67,67
1346,2018,9,9,65,44,1.3,72,65,65
1347,2018,9,10,67,41,1.6,73,67,67
1348,2018,9,11,69,50,2.0,90,69,69
1349,2018,9,12,69,55,1.3,87,69,69
1350,2018,9,13,75,53,1.1,80,75,75
1351,2018,9,14,79,54,1.1,82,79,79
1352,2018,9,15,80,57,1.3,83,80,80
1353,2018,9,16,76,56,1.1,85,76,76
1354,2018,9,17,80,59,1.8,86,80,80
1355,2018,9,18,77,56,1.8,91,77,77
1356,2018,9,19,60,44,2.0,95,60,63
1357,2018,9,20,58,44,1.3,81,58,64
1358,2018,9,21,63,43,2.0,76,63,62
1359,2018,9,22,71,46,2.7,78,71,71
1360,2018,9,23,63,40,1.6,75,63,63
1361,2018,9,24,54,35,2.0,62,54,64
1362,2018,9,25,56,35,1.8,69,56,61
1363,2018,9,26,68,52,2.7,94,68,68
1364,2018,9,27,68,51,2.0,91,68,68
1365,2018,9,28,65,51,1.6,97,65,65
1366,2018,9,29,65,47,1.3,87,65,65
1367,2018,9,30,63,43,1.1,77,63,63
1368,2018,10,1,58,40,1.6,81,58,63
1369,2018,10,2,56,36,1.8,85,56,64
1370,2018,10,3,63,52,2.7,99,63,62
1371,2018,10,4,63,57,1.8,95,63,62
1372,2018,10,5,58,40,1.8,82,58,63
1373,2018,10,6,58,38,1.6,74,58,61
1374,2018,10,7,52,44,1.6,90,52,65
1375,2018,10,8,51,37,1.3,79,51,62
1376,2018,10,9,63,44,2.0,92,63,65
1377,2018,10,10,65,43,1.8,91,65,65
1378,2018,10,11,50,41,2.2,98,51,64
1379,2018,10,12,56,46,1.3,100,56,63
1380,2018,10,13,49,37,2.0,86,50,63
1381,2018,10,14,49,37,2.2,82,49,60
1382,2018,10,15,59,36,2.0,81,59,64
1383,2018,10,16,62,38,3.4,78,62,64
1384,2018,10,17,50,34,1.8,83,51,64
1385,2018,10,18,42,31,3.1,79,41,67
1386,2018,10,19,45,29,2.5,73,45,66
1387,2018,10,20,58,45,2.7,95,58,60
1388,2018,10,21,55,34,1.6,89,55,65
1389,2018,10,22,41,31,2.2,74,41,70
1390,2018,10,23,49,29,1.6,79,50,62
1391,2018,10,24,59,41,2.0,96,59,63
1392,2018,10,25,43,33,2.5,87,42,66
1393,2018,10,26,39,28,2.7,77,38,68
1394,2018,10,27,44,25,2.0,82,44,69
1395,2018,10,28,61,44,1.8,99,61,62
1396,2018,10,29,59,49,1.1,96,59,64
1397,2018,10,30,52,42,1.6,97,52,64
1398,2018,10,31,45,40,1.6,90,46,62
1399,2018,11,1,52,40,1.1,98,52,62
1400,2018,11,2,59,45,1.8,99,59,63
1401,2018,11,3,65,46,2.9,97,65,65
1402,2018,11,4,48,33,2.9,72,48,64
1403,2018,11,5,44,31,1.3,87,45,68
1404,2018,11,6,60,42,2.0,99,60,63
1405,2018,11,7,60,46,2.0,91,60,62
1406,2018,11,8,52,38,2.2,79,52,61
1407,2018,11,9,47,35,1.6,82,48,65
1408,2018,11,10,54,34,2.9,94,54,62
1409,2018,11,11,38,29,3.4,64,36,68
1410,2018,11,12,36,26,2.5,72,35,69
1411,2018,11,13,53,26,2.0,88,53,64
1412,2018,11,14,50,18,4.0,69,49,65
1413,2018,11,15,53,36,2.5,67,53,60
1414,2018,11,16,37,20,2.5,90,36,68
1415,2018,11,17,33,31,2.2,95,32,69
1416,2018,11,18,32,23,1.8,82,31,70
1417,2018,11,19,33,21,1.1,93,34,70
1418,2018,11,20,35,32,1.1,100,36,70
1419,2018,11,21,37,27,2.0,96,36,70
1420,2018,11,22,27,10,3.1,83,24,66
1421,2018,11,23,21,11,2.9,81,17,70
1422,2018,11,24,40,19,2.0,87,40,69
1423,2018,11,25,38,30,1.6,100,38,69
1424,2018,11,26,36,29,1.6,94,36,67
1425,2018,11,27,42,33,2.5,99,41,70
1426,2018,11,28,45,32,1.3,99,46,63
1427,2018,11,29,33,32,3.8,95,29,67
1428,2018,11,30,34,30,2.2,94,33,68
1429,2018,12,1,33,30,1.1,90,34,67
1430,2018,12,2,44,29,1.3,87,45,67
1431,2018,12,3,50,38,1.6,100,51,65
1432,2018,12,4,37,22,2.0,82,36,67
1433,2018,12,5,27,16,1.6,69,26,67
1434,2018,12,6,53,36,1.3,83,53,65
1435,2018,12,7,36,19,1.3,93,37,69
1436,2018,12,8,26,8,2.0,79,24,68
1437,2018,12,9,23,7,2.0,72,21,69
1438,2018,12,10,26,11,1.6,84,25,69
1439,2018,12,11,25,7,1.3,78,25,69
1440,2018,12,12,20,7,2.2,84,17,68
1441,2018,12,13,21,11,2.0,78,19,70
1442,2018,12,14,34,15,1.6,92,34,69
1443,2018,12,15,44,30,1.6,100,45,70
1444,2018,12,16,38,26,1.1,93,40,68
1445,2018,12,17,35,28,2.2,97,34,68
1446,2018,12,18,32,23,2.7,93,30,69
1447,2018,12,19,26,22,2.5,83,23,69
1448,2018,12,20,35,21,1.6,93,35,70
1449,2018,12,21,52,27,1.3,100,52,60
1450,2018,12,22,56,42,2.2,100,56,65
1451,2018,12,23,42,21,2.2,85,42,69
1452,2018,12,24,25,16,1.1,72,26,66
1453,2018,12,25,17,10,1.8,73,15,69
1454,2018,12,26,27,9,1.6,78,26,67
1455,2018,12,27,17,8,2.2,74,14,68
1456,2018,12,28,39,7,1.6,81,39,70
1457,2018,12,29,46,23,1.8,100,47,63
1458,2018,12,30,23,9,2.0,78,21,70
1459,2018,12,31,26,8,1.8,79,25,68
1460,2019,1,1,37,23,2.2,97,36,70
1461,2019,1,2,24,4,2.5,80,21,70
1462,2019,1,3,22,3,1.1,86,23,69
1463,2019,1,4,36,17,1.3,96,37,66
1464,2019,1,5,36,33,0.9,100,38,67
1465,2019,1,6,35,27,2.2,97,34,66
1466,2019,1,7,27,11,2.5,83,24,67
1467,2019,1,8,29,10,1.1,85,30,66
1468,2019,1,9,43,30,2.5,98,42,66
1469,2019,1,10,36,27,1.8,92,36,70
1470,2019,1,11,28,12,1.8,79,27,69
1471,2019,1,12,15,10,2.0,76,12,67
1472,2019,1,13,22,7,1.6,80,21,70
1473,2019,1,14,21,3,1.3,81,21,70
1474,2019,1,15,25,11,1.8,86,24,66
1475,2019,1,16,34,16,1.6,88,34,70
1476,2019,1,17,29,5,1.8,74,28,67
1477,2019,1,18,30,3,1.1,79,31,70
1478,2019,1,19,31,7,1.6,75,31,68
1479,2019,1,20,51,7,2.7,87,51,64
1480,2019,1,21,50,15,2.2,87,51,65
1481,2019,1,22,16,9,2.5,69,12,69
1482,2019,1,23,37,11,1.3,75,38,68
1483,2019,1,24,54,37,2.2,100,54,61
1484,2019,1,25,51,27,1.8,90,51,64
1485,2019,1,26,32,23,1.3,82,33,68
1486,2019,1,27,37,24,1.1,89,38,70
1487,2019,1,28,37,15,1.3,86,38,67
1488,2019,1,29,26,10,1.6,63,25,67
1489,2019,1,30,38,20,2.0,95,38,69
1490,2019,1,31,29,9,2.7,68,26,69
1491,2019,2,1,19,4,2.0,69,17,70
1492,2019,2,2,23,9,2.0,72,21,68
1493,2019,2,3,24,9,2.0,76,22,69
1494,2019,2,4,38,19,1.3,92,39,68
1495,2019,2,5,48,34,1.1,100,50,63
1496,2019,2,6,38,19,1.8,85,38,66
1497,2019,2,7,29,19,0.7,82,32,67
1498,2019,2,8,43,27,2.0,98,43,66
1499,2019,2,9,33,13,3.4,65,30,69
1500,2019,2,10,23,14,3.1,62,19,69
1501,2019,2,11,20,8,2.9,61,16,66
1502,2019,2,12,29,6,1.6,70,29,70
1503,2019,2,13,35,17,2.5,90,33,69
1504,2019,2,14,29,17,2.2,90,27,68
1505,2019,2,15,38,14,2.0,86,38,67
1506,2019,2,16,46,27,2.0,99,46,60
1507,2019,2,17,28,15,1.6,75,28,68
1508,2019,2,18,24,12,1.1,66,25,68
1509,2019,2,19,20,8,2.5,64,17,68
1510,2019,2,20,18,5,2.5,65,14,70
1511,2019,2,21,24,10,1.1,84,25,69
1512,2019,2,22,25,16,1.8,83,24,69
1513,2019,2,23,26,12,1.8,78,25,67
1514,2019,2,24,28,15,2.0,81,27,69
1515,2019,2,25,36,20,3.1,94,34,69
1516,2019,2,26,20,4,3.8,77,14,67
1517,2019,2,27,16,2,3.1,76,11,68
1518,2019,2,28,19,6,2.2,72,16,68
1519,2019,3,1,31,11,1.8,75,30,67
1520,2019,3,2,33,18,1.3,89,34,68
1521,2019,3,3,29,18,2.0,90,28,67
1522,2019,3,4,35,21,2.2,96,34,68
1523,2019,3,5,27,14,2.0,93,25,66
1524,2019,3,6,25,9,1.6,90,24,66
1525,2019,3,7,18,4,1.8,88,16,70
1526,2019,3,8,28,4,2.0,88,27,69
1527,2019,3,9,35,14,2.0,94,34,70
1528,2019,3,10,33,12,2.0,88,32,66
1529,2019,3,11,44,30,2.0,98,44,70
1530,2019,3,12,36,27,1.1,90,37,69
1531,2019,3,13,39,24,1.1,81,41,70
1532,2019,3,14,47,24,0.9,85,50,64
1533,2019,3,15,48,27,2.0,95,49,61
1534,2019,3,16,51,28,2.0,95,51,63
1535,2019,3,17,34,21,2.0,67,33,67
1536,2019,3,18,34,17,1.6,65,34,66
1537,2019,3,19,34,18,1.6,70,34,70
1538,2019,3,20,40,18,1.3,69,41,70
1539,2019,3,21,44,23,1.3,84,45,68
1540,2019,3,22,45,32,2.5,98,45,66
1541,2019,3,23,39,34,2.5,94,38,66
1542,2019,3,24,49,31,1.8,78,50,61
1543,2019,3,25,40,23,1.3,77,41,68
1544,2019,3,26,35,20,1.3,62,36,66
1545,2019,3,27,36,16,1.3,59,37,67
1546,2019,3,28,38,21,1.8,79,38,68
1547,2019,3,29,50,32,1.8,94,51,62
1548,2019,3,30,44,35,0.9,96,46,62
1549,2019,3,31,56,35,1.6,97,56,62
1550,2019,4,1,46,28,2.5,81,46,63
1551,2019,4,2,45,26,1.8,70,46,64
1552,2019,4,3,48,29,3.1,93,47,60
1553,2019,4,4,53,36,3.4,62,53,63
1554,2019,4,5,40,25,2.2,63,39,66
1555,2019,4,6,41,30,1.6,94,42,69
1556,2019,4,7,51,26,1.3,81,51,64
1557,2019,4,8,34,23,1.3,65,35,67
1558,2019,4,9,33,22,1.6,83,33,66
1559,2019,4,10,34,24,1.1,84,35,69
1560,2019,4,11,46,30,1.6,85,47,65
1561,2019,4,12,56,32,1.3,78,56,62
1562,2019,4,13,54,38,1.6,96,54,63
1563,2019,4,14,62,44,1.1,83,62,64
1564,2019,4,15,53,39,1.8,98,53,63
1565,2019,4,16,43,32,2.2,92,43,68
1566,2019,4,17,37,28,2.2,81,36,70
1567,2019,4,18,49,28,1.1,76,51,64
1568,2019,4,19,51,37,2.5,96,51,62
1569,2019,4,20,58,49,1.8,97,58,61
1570,2019,4,21,60,50,1.6,98,60,61
1571,2019,4,22,57,44,0.7,97,57,65
1572,2019,4,23,46,42,1.3,99,48,62
1573,2019,4,24,52,40,0.9,96,52,63
1574,2019,4,25,42,31,1.6,88,43,70
1575,2019,4,26,54,31,0.9,80,54,60
1576,2019,4,27,49,35,2.2,98,49,65
1577,2019,4,28,54,37,1.3,86,54,61
1578,2019,4,29,47,35,2.0,74,47,64
1579,2019,4,30,50,32,1.6,71,51,64
1580,2019,5,1,51,33,1.6,70,51,61
1581,2019,5,2,53,34,1.1,77,53,60
1582,2019,5,3,60,30,0.9,71,60,60
1583,2019,5,4,43,38,0.9,96,45,68
1584,2019,5,5,65,36,0.7,86,65,65
1585,2019,5,6,59,36,1.3,87,59,60
1586,2019,5,7,66,38,1.1,79,66,66
1587,2019,5,8,55,38,1.3,77,55,64
1588,2019,5,9,52,34,1.8,82,52,60
1589,2019,5,10,53,32,0.9,87,53,61
1590,2019,5,11,58,39,1.3,90,58,60
1591,2019,5,12,53,36,1.3,79,53,61
1592,2019,5,13,52,34,1.3,82,52,65
1593,2019,5,14,48,33,2.7,89,48,60
1594,2019,5,15,45,38,1.6,98,46,63
1595,2019,5,16,48,37,1.1,90,50,65
1596,2019,5,17,58,39,0.9,90,58,65
1597,2019,5,18,48,37,2.0,90,49,62
1598,2019,5,19,62,36,1.1,84,62,62
1599,2019,5,20,51,43,1.1,97,51,61
1600,2019,5,21,50,36,1.3,92,52,61
1601,2019,5,22,44,35,2.5,85,43,69
1602,2019,5,23,61,34,1.1,82,61,65
1603,2019,5,24,48,37,1.1,95,50,60
1604,2019,5,25,69,36,1.1,69,69,69
1605,2019,5,26,55,42,1.1,88,55,64
1606,2019,5,27,54,42,0.9,96,54,65
1607,2019,5,28,57,40,1.1,75,57,63
1608,2019,5,29,52,43,1.3,88,52,63
1609,2019,5,30,58,41,0.9,93,58,65
1610,2019,5,31,54,41,0.9,95,54,63
1611,2019,6,1,69,41,0.9,84,69,69
1612,2019,6,2,53,47,1.6,97,53,60
1613,2019,6,3,63,44,1.3,94,63,63
1614,2019,6,4,64,42,1.1,82,64,63
1615,2019,6,5,53,43,1.3,93,53,64
1616,2019,6,6,57,46,1.3,99,57,65
1617,2019,6,7,71,47,0.7,82,71,71
1618,2019,6,8,66,47,1.3,79,66,66
1619,2019,6,9,71,45,1.1,72,71,71
1620,2019,6,10,71,46,0.7,75,71,71
1621,2019,6,11,68,45,1.1,88,68,68
1622,2019,6,12,70,51,1.6,79,70,70
1623,2019,6,13,74,53,1.1,81,74,74
1624,2019,6,14,73,53,1.3,92,73,73
1625,2019,6,15,75,54,1.1,86,75,75
1626,2019,6,16,71,54,1.3,90,71,71
1627,2019,6,17,76,55,0.7,88,76,76
1628,2019,6,18,75,53,1.1,80,75,75
1629,2019,6,19,76,51,0.9,83,76,76
1630,2019,6,20,71,53,0.9,85,71,71
1631,2019,6,21,60,51,1.1,98,60,64
1632,2019,6,22,64,51,2.0,86,64,62
1633,2019,6,23,74,52,1.3,82,74,74
1634,2019,6,24,68,51,0.9,79,68,68
1635,2019,6,25,72,49,0.9,79,72,72
1636,2019,6,26,66,51,1.1,84,66,66
1637,2019,6,27,59,51,1.3,89,59,60
1638,2019,6,28,66,51,0.9,95,66,66
1639,2019,6,29,63,51,0.9,94,63,65
1640,2019,6,30,61,56,0.9,99,61,61
1641,2019,7,1,59,54,1.8,95,59,60
1642,2019,7,2,67,54,1.3,88,67,67
1643,2019,7,3,73,54,0.9,83,73,73
1644,2019,7,4,83,56,0.9,84,83,84
1645,2019,7,5,91,67,0.9,86,91,75
1646,2019,7,6,81,65,1.6,87,81,81
1647,2019,7,7,75,59,0.9,81,75,75
1648,2019,7,8,79,56,0.9,79,79,79
1649,2019,7,9,76,56,1.3,79,76,76
1650,2019,7,10,72,50,1.3,80,72,72
1651,2019,7,11,74,49,1.1,78,74,74
1652,2019,7,12,67,56,1.8,93,67,67
1653,2019,7,13,73,61,1.1,92,73,73
1654,2019,7,14,71,58,1.3,91,71,71
1655,2019,7,15,76,60,1.1,88,76,76
1656,2019,7,16,83,61,0.9,84,83,79
1657,2019,7,17,78,65,1.6,93,78,78
1658,2019,7,18,76,58,1.1,85,76,76
1659,2019,7,19,78,55,0.9,84,78,78
1660,2019,7,20,90,61,1.1,87,90,77
1661,2019,7,21,89,62,1.1,91,89,80
1662,2019,7,22,80,61,1.1,87,80,80
1663,2019,7,23,72,60,0.7,97,72,72
1664,2019,7,24,71,60,0.7,89,71,71
1665,2019,7,25,75,56,0.7,88,75,75
1666,2019,7,26,81,56,1.1,75,81,81
1667,2019,7,27,80,59,1.1,84,80,80
1668,2019,7,28,79,58,0.9,81,79,79
1669,2019,7,29,83,60,1.6,88,83,81
1670,2019,7,30,87,63,1.1,87,87,84
1671,2019,7,31,84,65,1.1,87,84,80
1672,2019,8,1,82,64,0.9,90,82,82
1673,2019,8,2,83,60,1.1,79,83,84
1674,2019,8,3,85,61,1.3,80,85,79
1675,2019,8,4,80,59,1.3,88,80,80
1676,2019,8,5,76,58,1.3,81,76,76
1677,2019,8,6,81,57,1.1,79,81,82
1678,2019,8,7,76,57,0.9,82,76,76
1679,2019,8,8,69,58,1.6,88,69,69
1680,2019,8,9,76,61,1.3,90,76,76
1681,2019,8,10,74,57,1.3,87,74,74
1682,2019,8,11,74,54,1.6,82,74,74
1683,2019,8,12,81,58,1.6,84,81,80
1684,2019,8,13,78,59,1.6,89,78,78
1685,2019,8,14,79,56,0.7,78,79,79
1686,2019,8,15,80,56,0.7,74,80,80
1687,2019,8,16,76,55,1.1,78,76,76
1688,2019,8,17,77,58,1.1,78,77,77
1689,2019,8,18,72,60,0.7,91,72,72
1690,2019,8,19,74,63,1.1,93,74,74
1691,2019,8,20,82,62,1.1,83,82,80
1692,2019,8,21,83,59,1.1,79,83,83
1693,2019,8,22,83,65,1.6,90,83,83
1694,2019,8,23,79,61,1.3,82,79,79
1695,2019,8,24,70,46,1.8,79,70,70
1696,2019,8,25,72,45,1.6,76,72,72
1697,2019,8,26,61,50,1.8,82,61,63
1698,2019,8,27,69,53,2.0,83,69,69
1699,2019,8,28,84,57,1.3,76,84,82
1700,2019,8,29,72,56,1.6,94,72,72
1701,2019,8,30,82,60,1.6,86,82,84
1702,2019,8,31,77,59,1.3,78,77,77
1703,2019,9,1,72,53,1.1,74,72,72
1704,2019,9,2,71,51,1.8,86,71,71
1705,2019,9,3,71,59,1.1,94,71,71
1706,2019,9,4,75,61,1.3,90,75,75
1707,2019,9,5,71,54,1.6,79,71,71
1708,2019,9,6,68,50,1.1,76,68,68
1709,2019,9,7,63,47,4.0,90,63,60
1710,2019,9,8,63,46,2.7,79,63,60
1711,2019,9,9,69,49,1.3,83,69,69
1712,2019,9,10,69,50,1.1,83,69,69
1713,2019,9,11,63,55,2.0,94,63,64
1714,2019,9,12,60,47,1.6,89,60,64
1715,2019,9,13,62,43,1.8,80,62,62
1716,2019,9,14,63,45,1.8,77,63,63
1717,2019,9,15,72,55,1.6,92,72,72
1718,2019,9,16,65,52,1.3,85,65,65
1719,2019,9,17,56,43,2.0,83,56,62
1720,2019,9,18,58,37,1.8,81,58,63
1721,2019,9,19,67,35,1.3,76,67,67
1722,2019,9,20,74,41,1.1,83,74,74
1723,2019,9,21,69,49,1.6,81,69,69
1724,2019,9,22,75,48,1.6,83,75,75
1725,2019,9,23,78,58,1.8,91,78,78
1726,2019,9,24,69,59,1.6,96,69,69
1727,2019,9,25,53,36,1.1,93,53,62
1728,2019,9,26,67,52,1.3,87,67,67
1729,2019,9,27,66,50,1.6,85,66,66
1730,2019,9,28,68,46,1.3,82,68,68
1731,2019,9,29,67,43,1.6,84,67,67
1732,2019,9,30,55,40,1.8,75,55,64
1733,2019,10,1,57,43,1.3,76,57,63
1734,2019,10,2,59,38,2.0,90,59,60
1735,2019,10,3,50,36,1.8,76,51,63
1736,2019,10,4,48,37,1.6,82,49,60
1737,2019,10,5,52,36,2.0,83,52,62
1738,2019,10,6,61,38,1.6,78,61,62
1739,2019,10,7,69,54,2.0,91,69,69
1740,2019,10,8,62,47,1.3,93,62,60
1741,2019,10,9,60,41,1.3,83,60,65
1742,2019,10,10,59,39,1.8,80,59,62
1743,2019,10,11,56,45,2.5,83,56,60
1744,2019,10,12,56,49,2.0,98,56,60
1745,2019,10,13,53,48,1.3,94,53,63
1746,2019,10,14,54,47,1.1,90,54,62
1747,2019,10,15,65,43,1.3,93,65,65
1748,2019,10,16,59,40,1.1,80,59,60
1749,2019,10,17,59,47,2.7,92,59,63
1750,2019,10,18,55,44,2.0,88,55,62
1751,2019,10,19,50,42,1.8,88,51,65
1752,2019,10,20,56,39,1.6,85,56,60
1753,2019,10,21,60,40,1.3,81,60,63
1754,2019,10,22,59,36,1.6,89,59,63
1755,2019,10,23,58,46,2.7,92,58,63
1756,2019,10,24,59,44,1.6,85,59,61
1757,2019,10,25,56,43,1.3,87,56,65
1758,2019,10,26,49,35,1.6,86,50,63
1759,2019,10,27,49,34,1.1,82,51,61
1760,2019,10,28,51,35,1.8,83,51,60
1761,2019,10,29,54,33,1.6,84,54,61
1762,2019,10,30,53,36,1.1,95,53,62
1763,2019,10,31,63,49,1.8,98,63,64
1764,2019,11,1,66,42,3.1,83,66,66
1765,2019,11,2,53,36,1.3,71,53,62
1766,2019,11,3,52,33,1.3,91,52,62
1767,2019,11,4,50,34,1.3,81,52,65
1768,2019,11,5,56,34,1.8,83,56,63
1769,2019,11,6,57,33,2.2,80,57,60
1770,2019,11,7,49,28,1.8,80,50,63
1771,2019,11,8,53,27,1.8,94,53,63
1772,2019,11,9,32,23,2.0,71,31,68
1773,2019,11,10,46,27,1.8,82,47,63
1774,2019,11,11,49,35,1.3,88,51,60
1775,2019,11,12,60,38,2.5,96,60,61
1776,2019,11,13,40,20,2.7,72,39,69
1777,2019,11,14,32,18,1.1,65,33,66
1778,2019,11,15,56,31,2.0,92,56,62
1779,2019,11,16,40,20,2.5,65,39,69
1780,2019,11,17,33,17,1.3,70,34,70
1781,2019,11,18,40,26,2.2,90,39,70
1782,2019,11,19,43,34,1.3,98,44,66
1783,2019,11,20,37,33,1.8,96,37,69
1784,2019,11,21,40,31,2.0,94,40,70
1785,2019,11,22,50,31,1.6,91,51,65
1786,2019,11,23,36,30,2.7,79,34,66
1787,2019,11,24,50,27,1.6,90,51,63
1788,2019,11,25,50,35,2.2,95,51,61
1789,2019,11,26,48,33,1.6,89,49,60
1790,2019,11,27,46,35,1.3,91,48,62
1791,2019,11,28,37,32,2.9,98,35,70
1792,2019,11,29,35,23,3.4,85,32,68
1793,2019,11,30,30,23,3.1,76,27,70
1794,2019,12,1,25,15,1.6,72,24,70
1795,2019,12,2,32,18,1.8,78,31,70
1796,2019,12,3,43,31,1.8,95,43,66
1797,2019,12,4,39,27,1.6,95,39,69
1798,2019,12,5,36,27,0.9,95,38,70
1799,2019,12,6,33,26,1.8,86,32,68
1800,2019,12,7,27,16,1.8,71,26,68
1801,2019,12,8,30,15,1.8,80,29,68
1802,2019,12,9,51,30,2.0,94,51,65
1803,2019,12,10,55,51,2.9,99,55,65
1804,2019,12,11,51,20,1.6,90,51,61
1805,2019,12,12,24,11,2.0,70,22,67
1806,2019,12,13,34,11,0.9,71,36,66
1807,2019,12,14,58,33,2.5,99,58,60
1808,2019,12,15,57,33,2.5,88,57,63
1809,2019,12,16,33,22,3.1,58,30,66
1810,2019,12,17,29,21,1.3,73,29,68
1811,2019,12,18,26,18,1.3,86,26,67
1812,2019,12,19,21,11,2.0,76,19,69
1813,2019,12,20,33,13,2.0,81,32,69
1814,2019,12,21,30,20,1.3,90,30,67
1815,2019,12,22,38,18,1.3,91,39,67
1816,2019,12,23,36,28,1.3,91,37,67
1817,2019,12,24,37,25,2.0,85,36,70
1818,2019,12,25,27,16,1.6,82,26,67
1819,2019,12,26,22,14,1.8,81,20,68
1820,2019,12,27,38,13,1.3,87,39,68
1821,2019,12,28,40,32,1.8,95,40,66
1822,2019,12,29,33,22,1.6,79,33,67
1823,2019,12,30,30,22,1.6,86,30,70
1824,2019,12,31,40,24,2.2,93,39,67
