DHI (w/m2),DNI (w/m2),Wind Speed (m/s),Relative Humidity (%),Pressure (mbar)
27,120,0.2,75.54,998
30,127,0.4,73.16,993
22,223,0.4,54.87,1017
15,157,0.4,86.75,1001
25,106,0.6,81.97,983
24,190,0.5,64.41,1000
29,128,0.3,66.43,992
23,259,0.4,72.34,999
30,12,0.5,84.9,1000
28,210,0.4,71.51,1004
29,144,0.4,73.26,1017
31,7,0.3,95.11,1006
34,160,0.5,76.78,1010
22,246,0.5,74.64,1015
31,149,0.4,88.96,1001
29,141,0.4,93.19,983
28,238,0.6,71.1,1000
36,140,0.5,84.84,1010
22,3,0.5,99.73,988
26,239,0.5,81.15,983
21,279,0.4,63.55,1000
30,1,0.4,79.46,1005
24,251,0.4,73.53,1000
39,48,0.3,92.61,983
40,49,0.6,81.28,972
22,306,0.4,57.61,1002
33,21,0.7,79.86,990
29,14,0.4,89.79,985
22,305,0.5,82.69,1003
44,74,0.3,83.32,996
34,44,0.5,94.48,976
40,164,0.8,80.58,987
36,116,0.4,77.29,994
29,290,0.6,86.26,988
38,193,0.6,81.01,1008
38,2,0.4,96.36,993
31,287,0.5,81.24,994
52,100,0.5,81.28,1000
55,91,0.4,80.34,1008
53,121,0.5,80.8,1010
51,27,0.4,84.38,1002
44,163,0.5,84.38,999
39,219,0.5,83.88,990
52,63,0.5,83.33,983
33,312,0.4,78.21,1000
30,43,0.8,90.66,966
55,77,0.9,82.76,970
37,272,0.4,82.1,997
53,117,0.3,85.65,995
43,10,0.4,91.59,985
42,248,0.7,84.59,988
35,337,0.5,81.18,1013
48,3,0.4,96.42,1003
67,49,0.4,88.17,995
39,347,0.5,75.27,1000
46,35,0.6,87.03,990
58,93,0.4,78.87,998
45,319,0.4,75.08,1006
34,375,0.5,76.03,1018
43,321,0.5,77.37,1017
59,11,0.4,91.2,991
43,355,0.7,77.66,1001
69,128,0.4,91,989
77,42,0.5,81.82,994
41,378,0.4,70.85,1009
67,192,0.4,79.63,1003
62,225,0.4,80.16,999
71,156,0.4,85.56,1000
74,217,0.4,86.99,1007
58,209,0.4,96.13,990
83,71,0.6,72.88,997
39,401,0.6,64.52,1010
43,329,0.3,69.99,1009
62,56,0.8,90.15,981
82,42,0.8,84.37,983
71,218,0.3,80.57,984
84,23,0.8,89.39,972
82,217,0.7,87.56,990
43,399,0.6,84.53,1008
94,123,0.4,92.66,999
96,37,0.8,91.93,979
97,163,0.6,83.6,993
54,361,0.3,88.55,1005
48,388,0.5,92.61,1010
75,39,0.3,96.69,996
79,5,0.2,99.45,990
73,5,0.5,90.01,990
50,402,0.5,83.12,998
69,286,0.5,83.95,997
101,73,0.3,94.86,984
52,409,0.4,76.9,992
53,383,0.5,68.82,1000
89,120,0.2,97.54,992
77,49,0.4,96.33,981
61,318,0.5,64.61,999
67,336,0.4,65.89,1010
111,48,0.2,90.06,1010
63,364,0.3,74.2,1013
70,312,0.2,71.45,1016
102,37,0.5,86.59,1002
96,186,0.4,89.97,983
67,378,0.4,81.28,1001
66,368,0.3,86.67,1010
92,90,0.3,97.07,1001
58,418,0.3,78.19,1001
57,433,0.4,68.23,1010
99,191,0.4,88.04,994
61,417,0.3,80.24,997
68,407,0.3,72.58,1003
66,358,0.3,79.98,1010
106,17,0.6,97.12,1002
118,164,0.2,97.49,990
105,108,0.3,94.78,987
102,121,0.2,89.86,980
119,205,0.2,87.61,988
111,238,0.2,86.35,984
111,44,0.3,95.15,980
139,117,0.4,95.28,977
90,290,0.4,89.1,983
103,52,0.4,92.24,992
113,185,0.3,87.09,1000
104,280,0.2,78.54,1000
80,358,0.4,87.05,1000
64,399,0.3,84.2,1003
91,286,0.3,85.94,1000
53,440,0.3,78.2,1000
104,270,0.3,80.21,1000
77,236,0.2,71.37,1010
125,109,0.3,77.43,1010
130,88,0.2,95.53,1000
116,30,0.2,86.18,1005
91,13,0.3,96.49,991
105,101,0.5,89.52,990
55,443,0.3,78.31,1005
59,421,0.4,73.37,1010
55,427,0.2,75.11,1010
130,27,0.2,92.15,1010
56,446,0.3,75.51,1008
87,229,0.3,80.01,996
81,42,0.3,93.6,985
88,381,0.4,77.64,992
71,2,0.3,95.8,995
110,181,0.5,82.99,999
102,266,0.4,85.79,1001
96,333,0.3,84.39,1002
111,35,0.3,96.95,1004
108,264,0.3,90.38,1000
138,134,0.3,94.13,1000
106,148,0.2,91.27,1008
129,202,0.3,90.05,1004
58,111,0.3,96.28,1003
110,8,0.3,95.48,1010
80,3,0.4,97.82,1008
119,61,0.4,91.32,1001
132,167,0.3,83,1010
93,346,0.2,86.89,1004
80,2,0.3,98.19,995
56,468,0.4,78.54,1001
82,403,0.4,81.45,1000
113,244,0.4,93.63,999
124,77,0.3,95.99,990
144,231,0.3,89.27,994
127,247,0.3,89.16,990
75,281,0.3,89.71,990
147,162,0.4,83.87,998
48,485,0.3,78.36,1002
146,34,0.3,92.84,998
69,444,0.4,81.65,997
69,393,0.3,84.02,1000
77,28,0.3,95.61,996
75,411,0.3,81.97,1000
118,80,0.4,91.11,998
91,152,0.4,94.13,988
139,96,0.3,89.07,1000
97,231,0.3,87.9,990
58,378,0.3,83.43,993
127,249,0.2,86.14,1000
78,380,0.3,82.4,1003
121,13,0.4,92.72,1004
77,329,0.3,92.02,992
139,228,0.3,89.57,1000
111,233,0.2,88.72,999
98,306,0.3,91.73,990
82,318,0.3,86.79,992
122,226,0.3,86.86,1000
128,191,0.2,84.07,1000
93,347,0.2,84.51,1000
113,297,0.3,88.2,1000
131,93,0.3,94.8,996
131,259,0.2,88.47,1000
143,208,0.2,82.04,990
126,270,0.3,84.73,1000
108,219,0.3,90.01,995
85,357,0.2,85.71,998
98,297,0.3,89.85,994
148,67,0.2,95,990
56,441,0.4,82.82,994
58,410,0.4,79.42,1000
136,50,0.2,88.08,1000
73,3,0.3,99.62,994
104,63,0.2,98.73,990
112,23,0.3,94.89,990
77,47,0.2,95.73,983
91,271,0.3,91.55,990
117,75,0.3,97.38,994
75,6,0.2,95.89,1000
129,112,0.3,94.03,1000
86,7,0.3,96.64,1000
129,37,0.2,99.27,1000
83,205,0.2,91.17,993
62,337,0.2,86.13,995
81,257,0.3,95.98,990
83,351,0.2,87.83,990
80,321,0.3,87,992
66,394,0.3,86.56,1000
112,197,0.3,95.71,1000
104,215,0.2,91.05,990
43,440,0.3,84.87,990
73,316,0.3,86.17,998
85,119,0.3,96.63,1000
77,2,0.3,98.95,1000
116,155,0.5,89.58,995
92,299,0.4,88.45,1000
95,9,0.3,99.28,992
137,82,0.2,93.86,999
72,331,0.3,88.23,1000
91,250,0.3,91.03,1000
90,275,0.2,90.83,1000
90,278,0.2,88.97,1000
77,291,0.2,89.71,1000
70,314,0.2,89.57,1000
67,307,0.2,91.2,1010
121,119,0.3,95.75,1006
123,36,0.2,97.58,1000
131,71,0.2,94.08,1000
121,95,0.3,93.42,995
96,226,0.2,88.88,998
94,20,0.3,93.96,1000
64,60,0.3,97.64,995
38,414,0.3,86.25,1000
95,237,0.3,86.9,1000
111,76,0.2,89.29,1000
83,252,0.3,87.89,993
105,157,0.5,83.45,997
103,165,0.4,85.17,995
76,258,0.3,88.47,992
47,371,0.4,82.15,1003
61,322,0.3,81.68,1005
48,353,0.2,87.07,1000
44,360,0.4,87.98,995
65,12,0.3,94.84,995
85,19,0.3,93.18,996
57,13,0.2,97.52,993
93,52,0.3,97.39,993
79,66,0.3,96.85,990
67,3,0.2,94.63,997
92,57,0.3,97.18,992
72,112,0.3,92.44,999
53,312,0.4,90.01,1000
43,343,0.3,88.61,1000
43,318,0.3,88.67,1000
44,335,0.3,90.33,1000
78,145,0.3,94.06,999
32,398,0.4,79.55,1005
87,141,0.4,84.89,1010
54,274,0.3,81.76,1005
43,343,0.4,79.52,1008
43,295,0.4,72.2,1010
32,370,0.5,72.68,1010
31,380,0.5,77.39,1010
32,363,0.4,86.34,1005
77,111,0.3,92.67,1003
80,55,0.3,97.42,1000
44,183,0.5,99.74,1001
34,183,0.5,98.42,1009
48,27,0.5,92.12,1010
30,360,0.4,85.36,1010
38,295,0.3,89.4,1006
61,28,0.2,94.99,995
38,242,0.4,89.85,990
28,342,0.4,83.89,998
54,174,0.4,78.53,998
35,265,0.5,82.67,992
55,11,0.4,89.05,995
39,256,0.3,92.81,992
34,5,0.2,100,986
36,277,0.3,93.13,983
36,261,0.4,85.48,993
46,152,0.5,89.85,995
28,289,0.3,83.26,998
48,228,0.4,80.91,998
24,340,0.4,78.06,1001
43,36,0.4,91.54,1000
25,336,0.5,77.87,1008
56,27,0.5,81.85,1005
38,169,0.4,84.07,998
32,289,0.3,86.89,1010
52,4,0.4,94.65,1003
45,213,0.5,85.79,1006
24,323,0.4,79.87,1015
35,227,0.3,85.14,1017
19,134,0.5,97.62,991
36,214,0.6,77.73,984
24,308,0.4,77.84,999
33,134,0.3,96.47,997
41,93,0.4,93.48,994
40,8,0.3,94.92,1000
41,42,0.4,91.99,1008
51,26,0.2,92.51,1010
31,12,0.3,99.24,995
35,184,0.4,82.08,990
42,164,0.6,68.65,998
25,251,0.4,83.62,1010
25,246,0.4,91.68,1005
40,20,0.4,91.49,1000
31,171,0.2,93.08,993
27,78,0.3,99.38,980
29,66,0.5,91.54,983
34,93,0.6,84.09,991
30,177,0.4,90.96,1000
31,167,0.4,88.16,1011
34,14,0.4,82.12,1020
38,78,0.4,89.04,1015
31,8,0.4,91.06,1010
28,17,0.2,98.84,1005
30,5,0.3,99.79,999
15,93,0.5,99.04,986
34,12,0.5,71.51,1002
17,268,0.5,69.44,1023
21,227,0.4,81.28,1029
22,205,0.4,94.92,1012
16,93,0.3,97.29,1000
36,7,0.4,76.47,1002
30,158,0.3,61.42,1010
19,220,0.4,80.64,1010
29,4,0.3,100,995
20,1,0.3,100,981
32,55,0.5,80.96,1002
35,64,0.4,92.64,1016
20,222,0.3,99.59,1010
20,201,0.3,97.29,1000
32,93,0.3,90.75,1002
28,4,0.4,91.61,1001
24,53,0.4,96.58,1003
26,3,0.2,99.99,999
21,75,0.3,97.84,994
16,241,0.4,86.02,1000
25,3,0.2,88.67,1000
19,40,0.7,99.17,980
22,189,0.5,92.25,996
34,29,0.3,89.58,1007
25,5,0.2,100,983
23,144,0.6,80.36,982
19,231,0.6,65.94,1001
27,1,0.3,88.36,1005
26,25,0.3,99.88,1003
25,26,0.3,99.19,1006
28,3,0.4,99.77,1002
22,157,0.2,98.59,1000
15,254,0.3,86.53,1009
16,87,0.3,89.76,1000
33,73,0.5,79.91,1005
16,87,0.3,74.32,1016
33,56,0.4,84.96,1010
25,94,0.3,92.21,998
16,126,0.4,91.44,990
21,132,0.4,89,990
19,3,0.3,93.96,990
37,62,0.4,88.89,994
29,166,0.6,80.65,1008
21,256,0.6,87.83,1010
23,234,0.5,88.9,1010
29,164,0.4,84.68,1010
36,24,0.4,85.37,1010
38,90,0.4,94.94,1006
33,92,0.5,93.01,985
21,267,0.4,61.13,999
27,106,0.6,88.27,975
28,185,0.5,77.14,989
22,280,0.6,76.53,996
21,149,0.5,82.76,983
35,10,0.4,91.19,989
40,69,0.3,89.66,978
38,58,0.5,86.71,971
30,220,0.6,87.08,984
30,206,0.5,86.46,990
27,243,0.4,86.02,995
29,200,0.3,86.05,1000
29,193,0.4,87.43,990
23,291,0.6,84.76,1003
36,165,0.5,93.08,1001
31,2,0.3,98.48,991
23,298,0.3,77.45,999
16,127,0.4,96.86,979
36,1,0.5,84.65,991
51,72,0.2,96.2,995
46,103,0.3,100,988
23,308,0.4,79.42,1004
47,93,0.4,72.89,1012
27,1,0.4,99.84,1000
34,2,0.4,98.44,995
25,293,0.5,76.43,1005
36,154,0.5,83.95,1003
36,4,0.6,75.12,995
48,84,0.4,88.33,980
47,71,0.4,87.6,984
52,88,0.4,90.55,980
38,225,0.5,85.05,995
46,79,0.4,83.43,993
51,160,0.5,85.21,995
29,335,0.6,83.54,1016
45,82,0.5,94.19,1010
58,94,0.4,98.53,991
39,288,0.3,79.8,1005
29,338,0.4,65.13,1010
50,46,0.5,85.75,1004
51,17,0.3,100,990
41,237,0.4,72.98,999
30,336,0.3,56.4,1017
41,6,0.4,91.49,1010
25,180,0.5,99.98,983
41,3,0.5,89.18,979
28,363,0.5,62.7,995
58,120,0.4,87.81,992
41,279,0.5,77.78,995
45,42,0.6,84.95,992
40,283,0.8,64.36,994
36,321,0.4,58.22,1010
73,27,0.8,80.7,996
42,343,0.5,73.51,1008
48,301,0.5,82.6,1005
52,309,0.4,82.9,1001
48,8,0.4,87.93,1002
84,23,0.3,91.27,997
72,26,0.5,84.36,997
79,170,0.4,83.14,999
63,209,0.6,80.98,990
40,384,0.4,62.29,1010
77,154,0.4,81.41,1007
87,107,0.3,99.44,995
82,67,0.2,94.67,990
54,7,0.3,95.67,984
57,290,0.5,63.43,993
39,420,0.4,57.52,1000
54,134,0.5,88.59,985
55,343,0.8,73.99,991
76,53,0.4,92.33,997
88,24,0.4,64.12,1009
88,17,0.4,91.11,997
89,157,0.5,82.33,1005
73,277,0.2,75.61,1010
93,92,0.3,96.6,995
100,141,0.7,89.36,973
41,401,0.4,70.38,999
86,142,0.4,92.06,1000
61,4,0.5,99.24,987
48,2,0.2,97.04,981
65,41,0.4,87.4,971
61,351,0.6,52.63,998
53,347,0.5,63.51,1000
42,428,0.5,60.37,1008
104,115,0.6,88.16,1004
73,31,0.5,98.96,990
84,238,0.2,90.22,990
83,257,0.6,83.5,995
73,271,0.4,82.37,1010
110,67,0.5,99.34,1009
106,171,0.3,89.34,1008
113,119,0.5,80.91,1010
78,3,0.7,89.92,1010
117,24,0.6,86.96,1011
67,339,0.2,78.47,1010
104,196,0.3,77.75,1002
92,281,0.2,73.41,1000
59,343,0.5,73.82,1000
54,309,0.4,78.86,993
43,432,0.3,79.48,990
88,47,0.3,87.68,990
76,192,0.5,77.46,992
61,407,0.4,74.27,998
115,151,0.2,77.71,993
52,431,0.3,75.74,990
97,244,0.5,73.1,996
42,480,0.3,66.27,1000
47,451,0.2,72.5,1007
55,431,0.3,71.91,1010
132,99,0.3,77.77,1005
115,22,0.3,96.34,990
142,51,0.3,85.84,998
103,6,0.3,97.68,991
143,38,0.2,97.37,993
131,103,0.2,92.75,997
117,166,0.2,95.36,987
76,302,0.6,75.32,989
76,377,0.4,80.1,999
97,325,0.4,77.09,1000
68,322,0.4,78.97,1000
110,287,0.3,77.01,1000
90,90,0.2,97.57,986
108,101,0.3,93.79,985
134,75,0.6,83.28,984
87,286,0.4,84.98,997
54,439,0.3,75.59,1000
102,303,0.3,78.34,1000
127,209,0.3,86.41,1000
79,365,0.3,80.23,1000
122,29,0.3,89.48,998
116,47,0.3,94.73,993
142,85,0.2,96.04,1000
107,242,0.2,92.18,1000
129,104,0.3,92.94,1001
132,31,0.2,88.21,1007
148,66,0.3,89.84,1002
126,140,0.2,82.3,1010
95,15,0.3,98.8,998
122,183,0.2,92.92,990
54,451,0.3,83.22,1003
59,458,0.2,81.36,1010
156,131,0.2,92.69,1004
148,107,0.1,92.17,1000
142,147,0.2,92.59,1000
119,37,0.3,98.42,991
159,105,0.2,92.7,989
81,105,0.3,94.45,978
135,74,0.3,90.02,980
120,95,0.3,90.92,987
131,177,0.2,87.5,993
76,22,0.2,97.48,983
144,55,0.2,94.18,980
102,9,0.3,95.56,983
147,54,0.2,92.36,990
116,39,0.2,87.36,990
59,418,0.3,76.16,994
47,493,0.2,73.52,1006
50,477,0.3,74.23,1010
49,490,0.3,77.77,1005
134,147,0.3,90.48,990
140,210,0.2,89.05,990
85,239,0.3,87.39,992
52,472,0.3,81.87,1000
79,360,0.3,79.97,1009
67,415,0.2,83.7,1007
61,409,0.3,86.54,1000
89,355,0.3,87.21,1000
140,29,0.3,98.56,1000
128,145,0.2,94.13,998
101,365,0.2,85.52,1000
131,38,0.3,96.45,994
98,374,0.4,81.02,991
54,441,0.3,82.02,994
109,291,0.3,86.14,990
134,143,0.3,87.65,993
124,32,0.2,90.52,999
129,15,0.3,93.17,996
129,47,0.2,87.39,1000
88,21,0.2,96.06,995
131,208,0.4,89.63,993
62,366,0.2,85.06,1000
63,390,0.2,84.58,1000
66,405,0.4,87.83,1000
99,245,0.3,91.4,990
76,381,0.2,87.66,999
98,62,0.2,92.58,1000
150,157,0.3,91.96,1000
83,314,0.3,86.51,993
52,446,0.4,82.38,1000
83,346,0.3,85.48,1000
111,281,0.3,92.38,993
129,155,0.2,92.03,990
89,240,0.1,84.91,992
105,260,0.2,87.8,998
93,25,0.3,94.85,990
73,359,0.2,85.28,992
86,317,0.3,86.24,1000
142,111,0.2,93.19,1000
92,235,0.3,87.63,998
71,385,0.2,81.75,1000
112,250,0.3,81.33,1000
120,241,0.3,82.74,1000
61,367,0.3,80.67,1000
94,180,0.3,84.83,1000
76,306,0.4,85.13,1000
110,194,0.4,88.25,990
93,284,0.3,85.24,990
52,408,0.4,81.15,992
49,425,0.4,80.29,1000
85,285,0.3,80.09,1005
112,178,0.2,88.64,1000
115,51,0.2,92.96,990
129,99,0.2,80.76,1000
51,14,0.2,96.36,996
118,40,0.2,90.69,1000
87,269,0.2,84.14,1003
73,39,0.4,97.84,993
62,340,0.3,85.77,991
79,322,0.3,82.19,993
112,200,0.2,88.85,1000
100,220,0.3,89.3,1000
90,48,0.3,96.11,993
37,431,0.5,81.43,999
101,225,0.3,86.8,1000
87,232,0.4,90.93,1000
69,57,0.3,92.88,1000
108,198,0.3,85.89,1003
51,359,0.2,77.1,1010
98,102,0.4,93.5,996
75,315,0.3,80.47,1000
103,162,0.3,86.52,995
80,7,0.2,96.08,990
92,109,0.5,89.43,996
58,321,0.4,79.98,1002
42,393,0.3,77.93,1010
67,279,0.4,81.54,1010
103,53,0.2,96.88,1002
56,310,0.2,90.27,1000
82,157,0.3,91.19,1000
73,41,0.3,94.97,991
35,379,0.2,83.95,1000
88,114,0.5,92.39,996
32,406,0.5,74.1,1000
34,387,0.4,83.93,1000
49,332,0.4,87.46,996
80,173,0.5,76.78,1003
44,362,0.5,75.83,1010
43,334,0.4,85.31,1009
80,75,0.4,91.02,1000
54,9,0.2,99.2,1000
72,98,0.2,96.09,1000
50,310,0.3,82.87,1000
35,359,0.4,80.37,1000
71,4,0.4,94.05,998
52,303,0.4,79.14,996
75,211,0.4,88.98,993
67,234,0.4,84.18,1000
34,0,0.3,94.96,1000
79,39,0.4,90.88,1008
61,189,0.5,85.41,1010
40,306,0.5,75.34,1013
80,138,0.3,73.86,1010
56,66,0.4,95.55,1003
52,127,0.4,91.14,999
29,363,0.5,82.02,1010
28,367,0.4,86.74,1010
27,365,0.3,89.24,1010
47,266,0.3,87.49,1010
32,322,0.4,86.67,1005
78,53,0.2,96.45,1000
23,241,0.9,94.88,990
28,323,0.5,79.99,1008
50,238,0.5,85.09,1010
55,150,0.3,95.74,1004
47,114,0.4,89.25,1003
44,249,0.4,84.96,1010
34,267,0.4,80.86,1002
43,174,0.3,91.94,991
29,300,0.3,89.09,1000
39,72,0.3,98.98,993
25,316,0.4,85.87,1008
26,38,0.4,96.58,1003
38,8,0.4,99.9,979
49,91,0.7,82.22,980
30,288,0.5,77.82,988
45,79,0.4,88.9,993
47,125,0.3,96.72,1003
56,103,0.4,90.9,1013
45,17,0.5,94.69,1007
45,144,0.4,99.66,990
32,49,0.3,96.45,990
49,9,0.3,94.92,997
34,86,0.3,95.57,1009
49,115,0.2,93.38,1005
46,39,0.2,96.13,997
27,2,0.2,97.82,993
41,164,0.3,85.14,1000
27,115,0.3,97.53,1003
35,226,0.4,88.33,1010
20,296,0.5,87.17,1000
36,172,0.2,96.45,990
32,150,0.3,88.79,990
26,68,0.3,91.14,979
21,274,0.3,82.05,995
31,198,0.3,87.73,993
27,226,0.4,95.63,1000
37,152,0.2,98.46,1000
20,145,0.2,100,995
42,23,0.2,99.86,993
15,145,0.3,99.48,1000
18,80,0.3,99.68,994
18,239,0.2,99.97,980
25,209,0.3,92.75,980
37,11,0.2,94.9,986
36,93,0.3,95.41,993
28,188,0.3,87.76,1009
31,4,0.3,79.15,1010
29,163,0.2,88.02,1005
20,145,0.5,97.87,988
26,67,0.3,88.62,993
27,163,0.3,88.93,1007
29,84,0.3,99.75,998
25,40,0.3,99.8,986
29,152,0.4,93.89,982
36,95,0.3,93.4,984
31,117,0.3,85.26,997
28,153,0.2,71.59,1000
18,233,0.2,76.51,1000
33,48,0.2,79.01,1000
27,7,0.2,91.84,992
26,151,0.3,82.8,987
23,124,0.3,68.92,999
23,207,0.3,69.48,1009
16,124,0.3,84.22,998
32,114,0.4,87.81,994
18,1,0.3,90.85,994
19,124,0.4,87.41,982
27,167,0.7,77.25,994
37,34,0.4,85.95,1005
11,124,0.3,99.92,993
25,160,0.3,52.98,1016
16,257,0.2,66.87,1015
23,142,0.2,89.53,998
16,124,0.2,93.65,1000
25,76,0.2,91.66,1003
34,21,0.2,97.13,1003
18,90,0.5,75.39,999
17,243,0.2,64.8,1018
10,44,0.3,94.59,988
29,68,0.2,90.96,994
20,217,0.2,84.37,1000
28,149,0.5,88.05,976
20,225,0.3,78.3,995
15,75,0.3,94.83,998
19,241,0.3,79,1011
21,217,0.1,76.19,1009
23,186,0.4,97.68,982
33,105,0.4,79.6,987
15,1,0.2,78.06,1000
36,43,0.3,67,1007
35,14,0.4,86.02,992
23,239,0.5,82.76,1015
27,208,0.5,85.09,1022
30,19,0.4,96.64,1013
15,5,0.3,99.93,1003
27,191,0.5,78.07,1000
17,291,0.3,52.36,1013
29,170,0.2,67.96,1004
23,265,0.2,68.62,1008
25,259,0.3,73.41,1004
23,254,0.2,77.88,1005
34,11,0.3,87.61,1000
35,1,0.3,90.32,997
21,1,0.2,86.34,993
36,13,0.2,85.57,993
21,295,0.2,75.6,1002
31,19,0.4,87.25,996
37,34,0.4,99.91,974
29,85,0.3,94.11,974
35,39,0.5,86.04,968
44,115,0.5,70.31,973
42,50,0.3,83.76,985
27,95,0.2,83.18,990
38,193,0.3,68.36,994
42,122,0.2,78.81,995
33,255,0.3,81.65,992
27,301,0.4,67.13,1000
27,297,0.3,69.37,1000
43,106,0.2,77.41,996
32,160,0.4,76.14,990
27,277,0.4,63.84,1007
36,2,0.3,92.92,988
40,136,0.5,79.77,984
57,70,0.7,79.57,985
53,106,0.3,71.7,1008
34,268,0.4,79.09,1007
7,187,0.8,89.15,977
43,14,0.7,89.26,983
63,32,0.2,87.37,989
25,1,0.7,90.01,963
50,43,0.5,89.92,973
52,160,0.3,87.67,987
56,50,0.3,98.52,984
65,63,0.4,90.91,997
32,348,0.5,87.64,1008
38,300,0.4,89.25,1000
39,310,0.3,97.51,993
48,221,0.3,99.83,997
58,184,0.3,100,998
61,120,0.4,88.22,984
43,326,0.4,71.15,1005
45,318,0.3,77.25,1010
38,187,0.3,98.85,993
58,148,0.5,89.92,972
39,287,0.6,52.61,993
53,145,0.6,52.13,1000
55,255,0.7,58.6,1000
50,258,0.4,70.47,1008
45,308,0.3,76.06,1013
30,187,0.4,98.76,997
73,170,0.5,86,987
45,295,0.5,54.01,989
42,317,0.7,55.7,987
72,206,0.5,62.63,994
51,325,0.3,70.37,1006
74,127,0.7,79.98,1004
66,116,0.4,90.38,980
84,100,0.5,74.49,985
85,157,0.3,80.25,997
79,198,0.5,82.16,1008
75,139,0.4,87.35,1008
96,60,0.6,95.31,994
45,347,0.6,84.55,988
69,242,0.4,90.51,987
80,238,0.8,63.01,1000
71,230,0.4,66.39,1009
97,140,0.3,86.34,1003
43,423,0.5,61.78,1010
97,45,0.4,68.89,1010
81,109,0.3,89.74,1000
92,18,0.3,87.65,995
94,11,0.8,86.42,993
106,23,0.6,83.07,1000
80,240,0.3,85.96,1000
110,64,0.4,88.91,991
87,248,0.5,84.47,994
60,339,0.3,80.51,1000
115,116,0.4,83.76,1000
103,138,0.4,94.81,1000
89,28,0.4,97.52,982
100,196,0.3,94.45,982
95,170,0.3,88.53,996
110,135,0.3,83.34,1007
76,266,0.2,88.14,1000
86,244,0.2,91.99,1000
81,311,0.3,87.29,1000
85,214,0.3,82.13,1008
52,390,0.3,78.94,1004
86,43,0.3,96.45,993
98,44,0.3,88.51,992
82,250,0.4,69.17,1012
55,414,0.3,65.42,1016
99,11,0.2,77.97,1010
95,288,0.3,82.37,1007
114,40,0.2,82.27,1000
88,9,0.3,91.69,998
84,264,0.3,91.07,1003
69,348,0.3,72.6,1012
72,2,0.3,97.38,1010
59,36,0.3,98.45,1000
126,49,0.2,94.76,1000
105,132,0.3,88.33,994
52,422,0.5,71.29,1003
99,10,0.3,89.86,1006
104,12,0.4,99.27,989
106,140,0.3,87.21,988
52,410,0.4,75.96,1002
142,111,0.4,80.23,1009
88,5,0.5,98.48,1000
87,4,0.4,97.47,990
76,310,0.3,88,994
82,27,0.2,89.6,995
134,76,0.1,95.51,998
118,57,0.3,94.85,1000
108,173,0.3,87.51,1000
50,420,0.2,83.36,1000
126,175,0.5,88.24,994
128,26,0.3,94.84,980
86,51,0.3,94.63,986
69,350,0.3,83.82,990
102,295,0.2,88.71,990
104,225,0.3,88.08,990
113,238,0.5,76.69,1002
55,472,0.5,70.19,1003
101,297,0.3,80.64,1003
118,12,0.4,98.7,996
154,83,0.2,90.39,992
143,106,0.2,86.28,1000
86,5,0.3,97.6,988
115,24,0.3,93.83,991
134,76,0.1,93.32,1000
107,192,0.1,91.12,1001
93,314,0.2,81.25,1010
136,149,0.3,89.34,1005
109,225,0.2,91.67,994
104,285,0.2,86.65,990
117,221,0.2,90.84,990
102,64,0.3,89,993
151,51,0.3,84.2,1000
146,118,0.3,87.85,996
51,470,0.2,78.91,993
59,439,0.3,83,1000
89,7,0.4,95.35,984
56,472,0.3,81.3,995
78,375,0.4,85.61,994
77,352,0.1,82.97,993
91,282,0.3,91.41,990
80,239,0.4,83.11,994
150,204,0.3,83.16,1001
132,205,0.3,87.13,1010
89,3,0.4,99.52,1005
140,112,0.2,93.11,1000
133,174,0.4,94.77,1000
111,28,0.4,96.49,995
164,135,0.3,91.17,992
77,406,0.3,84.78,990
147,152,0.2,89.75,990
78,24,0.4,95.97,985
61,422,0.2,84.84,990
79,301,0.3,84.71,993
77,381,0.2,85.1,1000
99,263,0.3,90.71,1000
113,257,0.3,85.38,1000
113,29,0.3,97.98,1000
90,17,0.2,97.46,1000
140,93,0.3,99.37,994
98,345,0.3,89.72,990
116,285,0.2,87.19,998
76,407,0.2,78.77,1003
51,472,0.3,84.22,1004
147,131,0.3,90.22,998
105,42,0.2,95.55,990
111,190,0.3,90.91,992
64,382,0.3,87.22,1000
128,77,0.3,92.37,1000
127,171,0.2,89.57,1000
89,32,0.3,85.58,1000
71,368,0.3,82.08,1000
129,222,0.3,83,995
136,119,0.2,91.08,998
118,260,0.2,89.44,1002
131,73,0.2,94.51,1002
123,205,0.2,89.54,1000
106,311,0.2,88.12,992
99,273,0.3,90.15,990
88,366,0.3,83.48,990
57,451,0.3,76.22,992
117,202,0.2,80.36,1000
91,6,0.4,95.93,1000
44,469,0.3,82.09,1000
141,138,0.4,89.26,1000
116,85,0.3,92,990
146,106,0.2,85.55,997
64,358,0.4,84.24,994
56,427,0.3,81.59,1000
55,410,0.3,85.46,1000
52,421,0.2,82.89,1000
76,332,0.2,87.99,1008
84,295,0.3,86.66,1002
69,343,0.3,88.27,1000
98,79,0.4,95.32,994
46,442,0.4,80.6,1000
70,4,0.3,96.91,996
44,441,0.3,83.59,1001
67,353,0.3,85.97,1010
65,341,0.2,86.03,1007
72,15,0.3,99.14,1000
124,68,0.3,96.27,990
54,394,0.3,85.22,1000
88,262,0.3,82.08,1000
111,190,0.3,91.74,990
85,317,0.5,79.92,992
117,173,0.3,81.24,1000
57,1,0.5,97.56,999
83,227,0.3,91.27,992
76,308,0.3,84.93,1000
86,279,0.3,87.06,999
46,1,0.4,96.64,990
89,228,0.2,86.24,992
87,239,0.2,84.59,1000
77,301,0.4,85.54,1002
77,144,0.3,86.89,1010
40,414,0.4,79.16,1010
52,355,0.3,77.81,1007
95,11,0.3,86.31,996
79,240,0.3,87.76,990
90,170,0.5,80.36,990
105,88,0.5,82.75,1002
102,142,0.4,86.39,1007
96,189,0.6,88.96,990
65,280,0.4,89.84,998
85,164,0.4,93.87,1000
70,2,0.4,99.72,995
60,289,0.3,88.07,1000
41,373,0.3,83.31,1000
99,116,0.4,88.91,1000
97,166,0.6,89.89,996
60,306,0.4,82.71,990
40,365,0.3,84.33,990
48,320,0.3,86.79,992
78,142,0.2,88.38,1000
91,169,0.2,93.31,1000
77,45,0.2,94.28,1003
62,64,0.3,94.56,1010
61,17,0.3,94.98,1007
86,28,0.2,100,1000
38,349,0.3,83.51,1000
78,198,0.3,84.27,1001
55,196,0.2,93.44,1000
69,220,0.2,88.62,1000
51,275,0.2,89.27,1000
72,217,0.3,89.98,1000
79,75,0.3,94.33,995
29,1,0.4,99.57,988
67,187,0.4,83.64,993
77,124,0.3,84.22,1005
30,357,0.5,77.23,1005
65,201,0.5,82.24,1008
54,236,0.4,80.9,1018
41,289,0.4,89.22,1005
42,273,0.3,89.99,998
34,144,0.3,85.85,1000
47,274,0.4,84.95,1006
73,60,0.4,96.05,1000
65,79,0.2,94.47,1000
56,135,0.3,95.72,993
30,319,0.4,79.09,1002
30,327,0.4,75.88,1010
31,314,0.4,77.87,1017
51,11,0.4,91.78,1006
57,71,0.4,95.34,996
47,206,0.4,85.67,992
52,197,0.4,79.61,1000
44,154,0.5,84.43,1002
26,316,0.6,81.55,1005
31,282,0.4,79.49,992
25,322,0.5,74.54,1004
25,320,0.5,78.27,1015
30,282,0.4,84.61,1011
34,254,0.3,95.33,1010
60,85,0.3,97.87,1000
57,120,0.6,91.39,996
36,239,0.4,87.42,997
24,300,0.4,82.6,1000
26,290,0.5,85.24,1000
32,14,0.7,94.94,989
42,198,0.5,79.76,994
27,272,0.4,81.09,1010
51,117,0.4,88.23,1014
54,67,0.3,98.55,1000
24,295,0.5,76.43,1005
48,108,0.4,78.68,1015
28,13,0.4,96.68,998
44,93,0.4,83.61,1002
33,10,0.3,90.74,1010
23,268,0.3,85.7,1004
11,179.81,0.6,82.57,994
28,240,0.5,63.85,1005
47,98,0.4,67.67,1016
32,193,0.4,73,1010
42,9,0.4,93.17,1007
46,53,0.3,96.89,1010
36,66,0.3,91.47,998
39,35,0.5,95.05,980
29,139,0.4,80.66,989
28,1,0.4,98.38,980
35,13,0.5,75.38,984
19,246,0.4,73.89,1000
31,142,0.3,99.02,996
22,167,0.5,84.08,986
19,247,0.4,84,998
26,173,0.3,96.59,994
30,4,0.4,98.87,982
32,54,0.4,71.48,993
18,253,0.3,60.57,1008
9,127,0.4,95.27,997
17,254,0.3,74.36,1008
22,127,0.3,97.28,1001
23,81,0.3,99.2,1004
30,9,0.2,94.76,1008
24,48,0.3,95.27,1010
37,43,0.3,94.48,1010
12,127,0.4,98.23,995
23,193,0.3,88.08,990
24,181,0.3,87.62,998
23,2,0.3,97.44,996
36,29,0.3,98.62,982
37,27,0.3,90.92,998
28,68,0.4,92.8,995
30,8,0.5,94.02,968
30,137,0.6,67.91,980
20,228,0.4,58.37,995
35,73,0.4,68.84,990
19,253,0.4,67.81,999
27,166,0.2,67.93,1001
10,127,0.2,96.13,989
17,234,0.4,90.81,982
17,243,0.5,64.58,995
18,240,0.3,63.59,1008
31,5,0.3,86.19,1003
20,212,0.4,84.55,999
20,82,0.5,77.54,987
32,104,0.5,60.57,998
22,32,0.6,56.57,1000
29,111,0.5,70.03,1000
31,64,0.2,76.74,1000
19,240,0.3,75.34,991
19,245,0.4,72.22,992
34,13,0.8,81.59,999
32,8,0.9,80.09,1001
24,183,0.7,84.52,1010
20,179.81,1.4,97.73,988
31,45,1.9,78.32,967
28,141,1.6,67.96,986
28,143,1.3,74.31,1004
35,57,0.7,86.82,1005
34,23,0.8,95.67,994
19,251,1.1,76.84,1011
34,70,0.8,98.3,1012
36,60,1,99.75,1007
38,39,1.3,99.55,995
34,13,0.8,73.5,1014
36,73,1,69.14,1023
36,66,0.8,87.9,1015
41,49,0.5,89.4,1012
33,94,0.7,97.3,995
29,149,1,90.18,996
35,31,1,95.27,989
20,277,0.8,81.39,1001
23,222,0.9,66.94,1013
32,16,1.1,89.52,1006
33,128,1,92.51,987
27,233,1.1,61.61,1000
22,245,0.9,70.68,1014
33,84,0.9,83.58,1017
29,6,0.7,99.93,1006
32,1,0.9,80.76,1012
33,22,1.4,89.06,991
24,256,1.3,86.4,996
46,14,0.8,94.96,1003
40,3,1,95.37,990
28,232,1.2,69.05,1008
52,47,1,88.79,1015
42,6,1.4,97.22,991
50,96,0.5,71.28,1013
40,119,0.7,82.14,1015
38,6,1,85.64,1000
31,189,0.7,69.82,1016
41,13,0.8,96.96,1014
50,11,0.7,99.72,1005
23,2,0.9,90.59,1002
22,343,1,65.65,1022
47,46,0.8,85.02,1010
33,234,0.4,98.91,996
12,3,0.5,99.94,985
22,347,1,63.13,1008
29,4,0.8,88.95,1006
38,256,0.6,86.28,1019
62,43,0.5,99.71,1012
42,153,0.7,99.71,1007
29,295,0.8,70.77,1017
31,308,0.7,61.58,1020
52,75,0.9,88.43,1000
55,83,0.8,69.66,1013
50,10,0.9,98.71,1000
52,245,0.8,86.29,1004
44,215,0.6,93.32,1002
38,1,0.9,91.11,1003
47,243,1.3,86.77,997
50,99,1.5,86.71,997
45,1,1.3,85.82,999
72,76,1.4,83.66,998
72,51,1.3,81.68,998
75,27,1,82.01,1002
39,11,1.5,93.97,992
77,20,0.8,98.68,986
56,257,1,93.63,984
69,163,0.8,95.2,992
79,78,0.7,88.58,1003
83,22,1.7,92.67,989
75,143,1.6,86.78,975
61,266,1,89.52,974
78,111,1,80.25,977
75,193,1.3,64.02,981
34,405,1.1,66.48,987
40,377,1.1,69.59,987
63,251,0.9,76.2,994
72,168,0.9,83.57,998
85,65,1.1,93.46,986
89,56,0.9,93.49,991
96,73,1,89.76,999
88,26,1.2,81.64,1013
40,391,0.8,77.28,1024
37,401,1,78.06,1017
98,31,0.6,98.31,999
58,260,0.7,86.12,1001
91,22,0.7,96.74,995
68,263,0.8,80.4,999
108,49,0.9,87.78,1000
93,213,0.6,74.75,1003
81,238,0.5,72.68,1008
70,15,1,98.64,992
59,299,1.3,70.08,988
40,411,1,60.02,1001
57,3,0.6,97.1,992
58,8,0.7,92.94,992
51,389,1.3,73.58,996
54,414,0.8,73.4,1008
50,376,0.5,77.16,1006
91,174,0.5,84.55,1005
72,20,0.9,95.43,997
53,3,0.8,74.58,1003
105,150,0.7,54.17,1019
110,48,0.9,74.51,1017
50,26,1.2,97.91,991
98,58,0.8,90.35,986
77,24,0.6,90.98,991
89,24,0.6,92.66,994
115,81,0.6,81.92,1004
45,427,0.5,74.76,1008
45,440,0.6,66.59,1014
49,426,0.8,73.63,1013
111,143,0.7,86.46,1010
46,13,1.2,97.99,997
73,332,0.6,88.13,999
47,22,0.7,97.03,999
83,82,0.5,91.6,998
46,23,0.7,94.3,1002
68,3,0.4,89.89,999
104,208,0.7,89.79,996
109,22,0.5,89.6,999
76,2,0.4,91.74,998
56,385,1,82.53,993
100,177,0.6,85.49,1004
94,193,0.6,84.61,1003
47,466,0.5,78.93,1011
111,249,0.4,84.1,1010
67,73,0.8,88.88,1000
100,278,0.7,79.35,995
69,426,0.6,71.4,1007
49,466,0.5,77.7,1006
46,470,0.6,80.26,1001
93,184,0.7,91.11,996
78,385,0.6,71.49,1007
138,64,0.6,89.34,1003
46,472,0.5,69.52,1013
87,345,0.6,72.43,1016
65,5,0.9,95.77,997
54,403,0.6,75.9,1001
132,233,0.6,74.29,1007
100,67,0.6,81.23,997
71,394,0.7,71.41,1003
71,14,0.8,89.77,992
76,23,0.6,88.61,993
52,460,0.6,76.26,1011
97,264,0.6,84.84,1006
88,176,0.6,90.49,998
60,469,0.6,69.03,1006
53,463,0.5,74.53,1003
76,363,0.5,80.45,995
60,20,0.9,93.98,991
121,234,1.1,71.94,1003
91,322,0.7,71.84,1003
68,18,1,92.02,992
67,11,0.4,82.89,996
77,358,0.5,82.45,1006
106,179,0.7,90.04,1005
114,242,0.5,79.02,1000
111,183,0.6,80.87,1001
125,159,0.6,75.18,1005
101,353,0.8,76.9,1002
89,226,0.8,83.69,996
46,3,0.7,95.63,990
54,395,0.6,82.43,994
132,145,0.5,82.39,997
70,410,0.5,72.09,1006
38,1,0.9,94.02,998
92,233,0.8,86.83,986
47,461,0.6,76.56,993
104,180,0.5,84.45,993
44,495,0.5,75.33,1003
134,167,0.5,85.36,1003
100,145,0.5,90.14,993
40,1,1,94.75,995
85,391,0.9,76.14,1003
48,473,0.8,79.61,1002
120,57,0.9,92.19,1005
86,187,0.8,95.52,998
75,383,0.3,81.29,1001
108,50,0.3,89.21,1003
130,232,0.4,86.96,1007
97,317,0.6,87.92,1007
49,453,0.5,81.65,1008
102,335,0.4,85.64,1008
68,196,0.9,92.94,997
40,488,0.7,77.38,1006
80,404,0.6,78.16,1011
50,455,0.8,77.32,1005
52,457,0.7,83.21,999
124,73,0.3,90.37,1000
75,309,0.5,75.13,1005
110,189,0.4,77.81,1012
86,137,0.5,84.91,1008
143,77,0.2,89.15,1002
90,269,0.4,85.36,1000
104,279,0.6,88.11,999
66,7,0.7,96.54,995
139,171,0.4,82.26,1001
72,406,0.4,78.43,1009
87,46,0.6,92.69,1008
104,127,0.6,94.35,1012
84,328,0.6,88.42,1014
47,445,0.5,88.86,1014
59,400,0.7,87.23,1009
79,13,1,93.22,1003
132,137,0.7,88.81,1002
98,151,0.5,90.1,1004
84,202,0.6,91.79,1001
79,359,0.6,81.22,1003
115,210,0.5,82.19,1005
65,395,0.4,79.31,1007
76,281,0.8,87.64,1003
52,406,0.5,81.55,1005
58,304,0.4,86.61,1006
84,64,0.6,97.13,1002
69,314,0.4,82.95,1001
69,241,0.4,83.46,998
118,47,0.4,85.62,997
112,77,0.7,92.54,995
79,305,0.6,83.05,994
52,421,0.5,73.81,1002
102,254,0.4,76.09,1007
88,295,0.4,77.54,1006
101,64,0.5,91.33,1001
83,211,0.6,91.16,997
97,241,0.5,86.2,998
112,190,0.5,76.33,1004
39,3,0.8,95.37,996
104,138,0.7,82.67,1002
103,204,0.7,83.42,1008
80,297,0.4,81.77,1006
87,49,0.8,92.92,996
120,137,0.7,85.78,994
64,350,0.6,78.68,1006
93,254,0.5,79.99,1012
96,240,0.5,85.23,1007
92,183,0.5,84.88,999
78,291,0.6,85.54,999
42,393,0.6,77.91,997
71,180,0.7,87.4,1000
90,241,0.6,75.91,1011
78,252,0.5,80.28,1014
68,274,0.6,79.63,1011
83,244,0.7,82.57,1009
69,70,0.6,83.77,1005
50,311,0.5,73.85,1009
52,272,0.8,82,1002
53,329,0.5,73.5,1005
74,273,0.7,75.43,1003
67,271,0.6,71.54,1010
46,330,0.7,72.71,1018
33,1,0.9,89.9,1014
75,29,0.6,86.83,1009
56,294,0.5,79.75,1010
34,382,0.5,81.52,1010
37,366,0.6,83,1007
46,326,0.5,84.55,1007
42,324,0.8,85.9,1003
84,59,0.8,91.31,995
56,12,0.9,94.58,1000
66,102,0.6,80.98,1009
56,217,0.9,75.58,1009
49,178,1.2,77.7,999
30,378,0.7,74.56,1008
30,408,0.9,62.47,1019
66,231,0.8,68.56,1023
28,11,1.2,93.88,1007
54,18,0.9,90.95,1004
41,28,0.7,96.78,1002
44,232,0.6,86.53,1003
31,349,0.5,76.97,1011
67,56,0.7,81.06,1012
64,16,0.8,84.59,1013
25,159,1.2,98.7,1004
60,40,0.8,94.72,1001
45,253,0.8,82.16,1005
33,335,0.7,73.63,1007
25,19,0.7,89.87,1008
71,90,0.6,78.53,1016
33,14,0.9,92.17,1007
20,159,0.8,90.96,1001
20,159,1,97.51,1000
17,159,0.6,99.8,981
64,29,0.9,86.38,991
47,212,1,82.07,1002
42,232,0.9,81.38,1005
26,333,1.5,77.98,990
40,25,0.8,83.29,995
49,96,1.4,79.36,993
24,331,1.1,73.13,1004
36,5,1.2,95.16,992
32,273,0.7,88.54,987
51,155,1,74.28,1002
32,250,0.7,78.84,1010
39,164,0.9,95.66,993
42,9,1.1,86.86,989
43,104,1.2,76.53,998
30,33,0.9,82.21,1013
23,140,0.8,99.38,998
36,116,0.5,95.85,995
33,8,0.7,96.95,993
40,9,0.7,90.22,1000
20,1,0.5,97.64,998
10,140,0.8,99.26,998
14,140,1.3,96.84,995
27,252,1.3,72.36,1009
49,88,0.6,86.79,1021
26,3,0.9,98.66,1005
25,240,0.9,90.84,992
29,213,1,78.89,1000
19,298,0.7,81.97,1012
13,1,1.3,93.73,994
38,145,1.5,64.22,997
19,299,1.1,72.25,1009
23,140,0.9,87.67,1006
28,226,1.8,69.26,994
24,238,1.1,67.48,1014
24,20,1.1,89.98,993
42,53,1,95.33,994
19,293,0.8,81.93,1010
35,30,0.5,92.58,1008
35,17,0.5,99.88,996
35,93,0.9,96.41,992
35,75,1.4,82.65,996
35,139,1.3,80.62,1004
28,179,0.9,87.07,1002
29,179.81,0.7,99.52,998
27,115,0.7,94.49,1000
23,5,1.1,99.01,990
30,10,0.6,99.27,976
28,23,1.7,94.74,972
32,33,1,94.32,996
30,12,0.5,89.98,1006
32,26,0.6,86.83,1006
28,91,0.7,99.95,982
20,3,0.9,81.85,987
14,264,0.7,69.01,1001
25,25,0.6,83.08,1000
26,150,0.6,92.74,1004
17,234,0.9,78.61,1007
18,244,0.9,72.27,1008
28,141,0.7,83.68,1001
21,211,0.6,78.12,1004
26,147,1,83.6,997
17,245,0.9,78.18,1014
30,99,0.7,91.93,1017
27,43,0.7,99.68,1005
17,212,0.5,92.94,1008
6,147,1,97.2,986
18,147,1.2,93.45,975
21,207,1.1,82.67,995
26,150,0.7,93,1005
32,62,0.6,99.68,1004
25,11,1,100,984
19,215,1,85.12,994
26,37,0.5,72.32,1000
26,10,0.8,73.2,1000
13,235,0.7,77.8,1007
26,158,1,74.44,1015
11,11,0.7,80.86,1015
23,101,0.8,99.66,990
33,66,0.9,77.72,1005
21,197,0.8,78.7,1011
30,42,1,97.16,990
18,237,1.1,79.84,1003
32,84,0.5,86.34,1002
32,103,0.6,95.94,997
29,8,0.4,100,990
31,31,1,97.32,982
26,155,1.1,83.3,1001
29,53,0.5,85.06,1008
33,101,1.1,98.05,983
25,173,0.8,92.12,976
38,44,0.8,79.29,991
30,132,0.9,76.48,1005
18,255,0.7,79.84,1011
20,224,0.6,80.77,1007
20,253,0.8,85.68,997
31,125,0.7,88,999
19,254,0.8,74.41,1007
36,130,0.5,78.56,1008
22,228,0.7,74.55,1008
33,1,1.2,86.59,997
34,28,1,87.1,979
38,94,1.1,69.42,997
35,103,0.6,74.81,1011
36,81,1,99.62,993
34,182,0.8,90.28,989
34,171,0.6,81.57,1007
28,220,0.5,89.26,1008
37,13,0.6,86.03,1000
19,271,0.7,63.12,1005
13,29,0.9,94.71,995
40,80,1.2,67.63,998
38,147,0.9,69.47,1004
28,202,0.9,72.49,1000
23,289,0.9,76.26,1003
38,9,0.6,92.32,1003
42,28,0.5,99.93,998
48,67,0.8,84.56,1005
49,109,0.3,82.5,1010
45,13,0.9,97.92,995
46,135,1.5,65.41,996
22,335,1.4,61.88,1005
21,351,1.3,61.16,1003
24,306,0.7,70.26,1012
18,1,1.1,90.41,994
39,249,1,90.28,991
37,211,0.9,85.78,1006
62,55,0.9,99.41,989
28,309,0.7,74.84,998
50,130,0.5,66.19,997
22,364,1.1,64.41,1004
22,357,1.1,64.63,1011
38,4,0.5,83.86,999
32,309,0.8,83.37,1003
30,344,0.8,78.04,1011
46,187,0.9,80.63,1004
61,133,1.4,93.79,971
48,196,1.7,77.35,987
33,315,1.4,76.07,998
30,352,1,72.44,1000
30,377,0.8,75.38,1009
68,117,0.6,88.54,1005
49,224,0.9,90.3,1001
70,18,1,95.89,990
38,319,0.9,92.71,994
49,238,0.7,89.67,994
40,278,0.8,88.49,1002
44,308,0.9,87.73,1008
42,315,0.9,93.71,1008
46,309,0.9,88.29,1017
61,152,0.9,97.51,993
73,200,0.5,90.5,996
35,391,0.5,81.22,1008
36,381,0.4,84.83,1010
72,113,0.9,94.96,1001
70,214,0.9,94.69,986
44,369,0.9,66.73,997
50,318,0.7,65.27,1004
62,269,0.7,69.53,1010
28,409,0.6,69.22,1012
50,300,0.6,83.54,1010
39,18,1.1,98.29,985
77,13,1.1,93.77,973
35,401,0.8,78.14,992
43,305,0.6,77.2,997
33,426,0.6,62.45,1005
33,427,0.6,58.66,1015
35,419,0.8,79.35,1016
67,9,0.8,93.68,1006
48,15,0.4,95.96,1008
80,197,0.7,96.88,1000
77,20,1.1,80.92,990
38,421,0.8,69.62,1015
28,2,1.4,93.46,993
79,291,1.5,61.93,997
35,450,1,63.13,1009
42,3,0.7,93.6,1005
50,370,0.6,81.19,1004
84,126,0.6,65.47,1005
96,41,0.7,83.41,994
106,136,0.5,84.09,991
91,241,0.7,85.28,1000
52,398,0.6,78.17,1009
108,26,0.7,96.21,1001
56,315,0.5,82.61,997
36,1,0.8,98.11,983
90,22,1,91.95,977
101,101,1,81.49,998
88,205,0.5,75.51,1011
57,5,1.1,95.9,999
97,27,0.8,97.4,1004
103,23,0.7,97.5,1009
55,2,0.3,97.49,1007
40,164,0.6,98.6,1000
103,77,0.4,95.68,990
108,42,0.7,88.26,993
80,246,0.4,80.24,1002
35,164,1,98.23,992
114,188,0.6,86.05,995
99,245,0.9,73.83,1003
133,158,0.7,71.33,1005
75,360,0.7,70.47,1008
59,339,0.5,77.36,1008
79,300,0.4,70.6,1006
53,1,0.4,96.13,999
116,189,0.3,86.02,998
112,206,0.6,86.82,1002
72,317,0.5,78.63,1003
47,442,0.6,77.01,1002
110,184,0.8,81.67,1008
112,23,0.4,86.79,1009
113,73,0.6,90.49,994
130,177,0.6,79.43,998
109,152,0.6,82.41,1003
71,41,1.2,88.83,996
80,43,0.7,98.42,986
105,17,0.5,89.69,993
104,30,0.4,90.17,997
84,36,0.9,90.01,993
112,146,0.5,84.1,1004
41,1,0.5,96.71,996
59,3,0.6,91.97,983
94,57,1.1,84.78,998
137,191,0.5,81.68,1004
53,1,0.5,94.82,997
62,443,0.5,69.23,1002
63,3,0.5,87.87,1000
86,63,0.4,95.86,997
80,362,0.5,74.54,998
114,22,0.6,88.33,996
105,7,0.4,93.2,994
95,16,0.4,94.73,993
105,287,0.4,84.12,998
64,2,0.7,97.01,995
114,77,0.6,94.46,993
98,332,0.5,81.91,997
72,47,0.6,93.01,998
37,2,0.6,98.85,993
51,402,0.3,81.5,997
80,371,0.6,79.17,1002
45,504,0.5,72.39,1009
56,450,0.3,75.07,1008
110,218,0.5,87.67,1000
44,508,0.7,79.15,999
120,156,0.5,81.05,1006
89,204,0.6,92.48,996
59,451,0.5,85.57,998
122,50,0.6,90.16,997
78,242,0.3,88.11,995
123,304,0.5,79.58,999
106,221,0.4,82.73,997
103,223,0.4,85.4,993
46,7,0.5,97.97,981
90,91,0.9,85.9,983
91,290,0.6,82.37,986
73,388,0.4,78.94,993
52,459,0.4,78.71,1002
141,58,0.5,84.1,1008
89,33,0.6,89.14,1009
97,69,0.4,95.24,1004
77,16,0.4,94.36,999
54,4,0.4,98.59,990
80,12,0.8,94.59,988
125,53,0.6,87.57,990
73,369,0.4,83.3,995
62,419,0.4,83.92,1001
102,332,0.4,85.69,1002
74,353,0.7,86.77,994
51,486,0.4,80.8,994
61,464,0.4,79.33,996
56,393,0.6,78.99,996
101,331,0.6,79.74,1000
85,387,0.5,77.93,1003
71,3,0.8,92.89,999
90,32,0.5,92.06,993
118,115,0.6,91.27,995
87,276,0.5,87.72,994
86,333,0.4,84.09,999
107,58,0.7,92.83,996
60,423,0.5,84.89,999
84,351,0.4,84.04,995
69,386,0.5,86.73,989
96,100,0.5,91.04,988
82,272,0.5,86.68,995
101,27,0.3,96.76,994
90,8,0.3,89.1,998
135,92,0.3,87.93,1002
59,428,0.5,75.41,1008
113,259,0.5,83.8,1010
52,406,0.4,80.99,1004
71,298,0.7,88.5,999
57,400,0.5,86.59,1001
68,367,0.5,87.24,1001
135,161,0.4,89.56,1000
50,434,0.5,78.76,1001
102,251,0.6,80.32,1000
112,156,0.6,88.03,994
43,452,0.6,81.32,996
51,414,0.5,79.27,999
81,282,0.4,81.69,999
113,64,0.7,88.46,998
77,219,0.6,90.33,989
101,201,0.6,86.54,990
84,270,0.7,81.53,993
95,234,0.7,84.43,994
92,81,0.7,88.64,993
57,388,0.3,77.98,997
93,273,0.3,74.32,1001
65,332,0.5,77.71,1005
50,366,0.5,77.89,1005
86,47,0.3,90.79,1002
98,31,0.5,93.33,1000
52,338,0.5,82.52,999
65,345,0.5,78.99,1002
57,249,0.7,90.4,995
93,73,0.6,82,995
92,174,0.8,79.49,1004
60,311,0.7,75.64,1012
51,7,0.8,81.62,1008
100,79,0.9,82.55,1000
40,406,0.6,76.33,1000
76,11,0.7,94.47,998
43,361,0.7,85.96,997
41,401,0.6,78.39,1003
42,408,0.5,73.81,1011
77,228,0.8,85.58,1007
72,77,0.5,94.19,1000
54,271,0.6,90.03,1000
43,370,0.7,79.32,998
101,181,0.5,75.96,1003
25,1,1.8,90.3,980
43,324,1.2,79.17,995
50,310,0.6,83.19,1008
57,303,0.5,83.21,1011
42,4,0.9,94.18,1003
78,22,0.7,89.45,1004
67,289,0.8,80.27,1014
60,264,0.8,76.66,1013
55,139,0.7,91.86,1001
78,163,0.6,85.43,996
69,16,0.9,82.88,1001
86,151,0.8,81.11,1008
54,298,0.6,75.91,1009
39,339,0.5,82.62,1000
32,384,0.7,81.14,1002
53,286,0.7,82.56,1003
82,64,0.8,91.22,992
35,1,0.7,96.21,991
51,129,0.5,93.16,990
45,229,0.6,86.81,994
35,342,0.7,85.46,998
34,278,0.6,81.55,1004
48,216,0.7,84.39,1003
31,356,0.8,74.63,1009
73,49,0.6,75.73,1002
39,16,0.9,89.97,991
39,345,0.8,76.04,1002
58,17,0.7,82.12,998
36,337,0.9,83.18,1007
33,323,0.7,77.82,1013
40,190,0.9,91.14,1008
54,25,0.6,93.03,1007
50,209,0.6,82.79,1014
73,106,0.8,80.4,1014
52,7,1.1,82.79,1012
31,20,0.9,97.76,999
41,11,0.6,94.11,998
58,9,0.5,89.87,1003
44,157,0.6,93.27,999
29,313,0.5,80.35,1003
21,55,1.2,91.64,983
41,84,0.9,87.88,982
48,38,0.8,88.03,992
21,327,0.7,84.9,1002
22,277,0.6,81.01,1005
43,184,0.7,89.21,1009
41,9,1.2,92.13,1001
24,322,0.7,85.07,1004
57,108,0.6,86.98,1007
39,61,0.7,85.85,1005
41,187,0.5,81.88,1009
23,272,0.8,82.74,1007
22,287,0.7,83.6,1013
32,99,0.5,94.89,1011
17,129,0.8,98.11,1004
27,87,1.4,82.71,992
19,315,0.6,70.94,1005
38,46,0.6,91.36,999
38,200,0.6,80.71,1010
51,92,0.8,83.39,1013
34,153,1,79.65,1003
34,44,0.8,79.88,1006
33,11,0.8,94.23,990
25,283,0.9,70.98,1005
43,98,0.8,81.59,1004
40,75,0.6,87.75,1004
14,129,1.1,95.51,993
39,90,1.2,72.39,996
23,238,0.5,65.26,1016
26,16,0.9,92.21,1004
22,272,1.1,64.78,1006
21,239,0.6,70.21,1015
18,129,1,89.78,999
35,66,0.6,98.48,988
16,2,0.8,96.26,993
27,25,0.9,94.34,995
30,25,0.7,91.29,990
37,93,1.2,78.7,985
26,44,0.7,89.95,989
22,7,1,94.96,980
17,252,0.7,89.1,998
28,156,0.6,91.03,999
13,6,1.3,98.21,982
35,71,1.5,84.79,987
34,102,1.4,76.11,983
18,253,0.7,71.5,996
31,121,0.8,77.88,996
28,46,0.8,95.27,974
30,99,0.7,95.24,978
30,36,0.4,94.51,983
27,8,0.8,85.81,995
17,256,0.8,70.88,1004
20,208,0.8,80.16,1013
27,6,0.9,94.1,1010
14,1,1.3,98.91,994
8,0,0.7,90.26,1003
24,174,0.9,69.97,1015
26,136,0.4,71.19,1022
32,8,1.1,99.35,1000
28,42,1.1,88.01,977
16,235,1.4,58.34,994
25,34,0.6,73.17,998
32,26,0.6,86.16,987
21,189,0.9,75.87,989
27,105,0.9,81,1003
32,79,0.6,90.11,1015
30,71,0.6,90.77,1008
31,63,0.6,91.02,997
33,53,0.9,84.91,992
25,146,0.7,82.08,1004
19,241,0.8,81.06,1009
26,53,0.6,86.61,1007
30,76,0.8,94.52,996
26,147,0.7,78.97,1001
29,98,0.7,86.06,1006
30,80,1,93.34,1001